method,seed,best_epoch,path,size,sha256
xavier_g1.0,42,7,/srv/zones/Z2-A001/public/copeland-erdos-nets/.tmp/r010_phase1/checkpoints/xavier_g1.0_seed42_best.pt,53397054,8a19de3bbbc7db72aa3f148a656546d0500a0c3c4924f9ef603f99cddb56772e
orthogonal,42,7,/srv/zones/Z2-A001/public/copeland-erdos-nets/.tmp/r010_phase1/checkpoints/orthogonal_seed42_best.pt,53397009,4eca3c2ae77c0befce8818f161ffaeaebb06bd8a7f564f5655ba1e50dcec4e5c
xavier_g1.2,42,7,/srv/zones/Z2-A001/public/copeland-erdos-nets/.tmp/r010_phase1/checkpoints/xavier_g1.2_seed42_best.pt,53397054,4916c5e4571c39b4b2afadc488dd5f214d63dc8ba0463ed09ed45b4f21158528
ce_lcg,42,9,/srv/zones/Z2-A001/public/copeland-erdos-nets/.tmp/r010_phase1/checkpoints/ce_lcg_seed42_best.pt,53396765,42aa66434eb67295db0aa3fddd934fa11b780eb6436ada383bc6aff7124dcce0
xavier_g1.0,43,7,/srv/zones/Z2-A001/public/copeland-erdos-nets/.tmp/r010_phase1/checkpoints/xavier_g1.0_seed43_best.pt,53397054,e386549ac57b88a714c925964b18157d2a6d396ef532888409a7ccfa8e9fc153
orthogonal,43,7,/srv/zones/Z2-A001/public/copeland-erdos-nets/.tmp/r010_phase1/checkpoints/orthogonal_seed43_best.pt,53397009,32c81051882fec5ba4a5177f2a20c79048a9548dc6172ed202c1238865d7b38f
xavier_g1.2,43,7,/srv/zones/Z2-A001/public/copeland-erdos-nets/.tmp/r010_phase1/checkpoints/xavier_g1.2_seed43_best.pt,53397054,bfd71bada3ec64bce2b6ce1280264955f55e87ddb903f727ef7d531f8ff8a895
ce_lcg,43,8,/srv/zones/Z2-A001/public/copeland-erdos-nets/.tmp/r010_phase1/checkpoints/ce_lcg_seed43_best.pt,53396765,67806070aa7f26e31d04583fb3873936bcf7476ed4b30194195b77c93af47c87
xavier_g1.0,44,8,/srv/zones/Z2-A001/public/copeland-erdos-nets/.tmp/r010_phase1/checkpoints/xavier_g1.0_seed44_best.pt,53397054,12c253d7c20dc4b2bc3ec5191fa44e5cf8dff2ca2c7775e507b1e24334fa4290
orthogonal,44,8,/srv/zones/Z2-A001/public/copeland-erdos-nets/.tmp/r010_phase1/checkpoints/orthogonal_seed44_best.pt,53397009,86cf9856312ed05e6b64591e887ac7ec0bdedb7c6b8fdb02bdda02bcee770fd4
xavier_g1.2,44,8,/srv/zones/Z2-A001/public/copeland-erdos-nets/.tmp/r010_phase1/checkpoints/xavier_g1.2_seed44_best.pt,53397054,6a768b7f68d88924cdd708a3f32ab9efa87424915e76445a296b5f470b3281b9
ce_lcg,44,8,/srv/zones/Z2-A001/public/copeland-erdos-nets/.tmp/r010_phase1/checkpoints/ce_lcg_seed44_best.pt,53396765,b13008157ee3e7a48ff00c41588d2abe8093fd2fed3b41ce033a68cb87de0579
xavier_g1.0,45,8,/srv/zones/Z2-A001/public/copeland-erdos-nets/.tmp/r010_phase1/checkpoints/xavier_g1.0_seed45_best.pt,53397054,24a17a19af43127a63186472c86b3a049479c192921409e540f884b81fa909c6
orthogonal,45,8,/srv/zones/Z2-A001/public/copeland-erdos-nets/.tmp/r010_phase1/checkpoints/orthogonal_seed45_best.pt,53397009,51984dcd9f9de5dc38caa58ce4255429d33ee1a6d909d2ab1eca7a9b3500edae
xavier_g1.2,45,7,/srv/zones/Z2-A001/public/copeland-erdos-nets/.tmp/r010_phase1/checkpoints/xavier_g1.2_seed45_best.pt,53397054,412f15d7f012c76c3534f73a0489f82feb8c66932942adaf88551522d5beebf1
ce_lcg,45,8,/srv/zones/Z2-A001/public/copeland-erdos-nets/.tmp/r010_phase1/checkpoints/ce_lcg_seed45_best.pt,53396765,57b6bc2aea2060fa1c67347ea4f0ec0654857e3e4b281a693c05d16d4aced091
xavier_g1.0,46,7,/srv/zones/Z2-A001/public/copeland-erdos-nets/.tmp/r010_phase1/checkpoints/xavier_g1.0_seed46_best.pt,53397054,363a951777756297cfd1378e0cb11ed077941b28bb31e8caca9a19348c1586be
orthogonal,46,7,/srv/zones/Z2-A001/public/copeland-erdos-nets/.tmp/r010_phase1/checkpoints/orthogonal_seed46_best.pt,53397009,f9247ef2ecef6e99cbb2ac642377dd8776a0d16ac7b90494c163b41607e54be4
xavier_g1.2,46,7,/srv/zones/Z2-A001/public/copeland-erdos-nets/.tmp/r010_phase1/checkpoints/xavier_g1.2_seed46_best.pt,53397054,71ac692cfc83b87c77c0c28fdd882db67d445e045b84672d63c5a82e5247b48d
ce_lcg,46,8,/srv/zones/Z2-A001/public/copeland-erdos-nets/.tmp/r010_phase1/checkpoints/ce_lcg_seed46_best.pt,53396765,82e3ae9650fd4ba7b049dd3b7163f367441326fe481d036beb383bc23452c4ed
