state,method,seed,name,std,norm,condition_number,effective_rank,sv_max,sv_median,sv_min,sv_mean
t0,xavier_g1.0,42,blocks.0.attn.k_proj.weight,0.08859584480524063,11.3403902053833,170.37493896484375,102.69480895996094,1.96867835521698,0.8197540044784546,0.011554975993931293,0.8482938408851624
t0,xavier_g1.0,42,blocks.0.attn.out_proj.weight,0.08803938329219818,11.269353866577148,178.37014770507812,103.14936065673828,1.953919529914856,0.8082230091094971,0.01095429714769125,0.846319317817688
t0,xavier_g1.0,42,blocks.0.attn.q_proj.weight,0.08848225325345993,11.325942039489746,1462.31591796875,102.61995697021484,1.9496219158172607,0.8221787810325623,0.0013332426315173507,0.8482620716094971
t0,xavier_g1.0,42,blocks.0.attn.v_proj.weight,0.08889778703451157,11.378637313842773,408.06591796875,102.96247100830078,1.9460978507995605,0.8006600141525269,0.004769077058881521,0.8533016443252563
t0,xavier_g1.0,42,blocks.1.attn.k_proj.weight,0.08834066987037659,11.307391166687012,536.3002319335938,102.91520690917969,1.9602254629135132,0.802367627620697,0.0036550897639244795,0.8485960364341736
t0,xavier_g1.0,42,blocks.1.attn.out_proj.weight,0.0886850655078888,11.353304862976074,374.13690185546875,102.72894287109375,1.965463399887085,0.8110155463218689,0.005253326613456011,0.8495312929153442
t0,xavier_g1.0,42,blocks.1.attn.q_proj.weight,0.08764950186014175,11.218805313110352,756.5362548828125,102.14436340332031,1.9798314571380615,0.7813213467597961,0.002616968471556902,0.8379059433937073
t0,xavier_g1.0,42,blocks.1.attn.v_proj.weight,0.08880346268415451,11.366596221923828,459.7420349121094,102.68295288085938,1.954535722732544,0.8080393075942993,0.004251374863088131,0.8511879444122314
t0,orthogonal,42,blocks.0.attn.k_proj.weight,0.08838649839162827,11.313709259033203,1.000001311302185,128.0,1.0000007152557373,1.0,0.999999463558197,1.0
t0,orthogonal,42,blocks.0.attn.out_proj.weight,0.08839066326618195,11.31370735168457,1.000001311302185,127.99993896484375,1.0000007152557373,1.0,0.9999994039535522,1.0
t0,orthogonal,42,blocks.0.attn.q_proj.weight,0.08838535845279694,11.313708305358887,1.0000011920928955,127.99993896484375,1.0000005960464478,1.0,0.999999463558197,1.0
t0,orthogonal,42,blocks.0.attn.v_proj.weight,0.0883907899260521,11.313706398010254,1.0000011920928955,128.0,1.0000004768371582,1.0,0.9999993443489075,1.0
t0,orthogonal,42,blocks.1.attn.k_proj.weight,0.08838950097560883,11.313708305358887,1.0000011920928955,127.99993896484375,1.0000005960464478,1.0,0.999999463558197,1.0
t0,orthogonal,42,blocks.1.attn.out_proj.weight,0.08838707953691483,11.31370735168457,1.0000011920928955,127.99993896484375,1.0000005960464478,1.0,0.999999463558197,1.0
t0,orthogonal,42,blocks.1.attn.q_proj.weight,0.08839075267314911,11.313709259033203,1.0000011920928955,127.99993896484375,1.0000005960464478,1.0,0.999999463558197,1.0
t0,orthogonal,42,blocks.1.attn.v_proj.weight,0.08838170021772385,11.313708305358887,1.0000011920928955,128.0,1.0000005960464478,1.0,0.999999463558197,1.0
t0,xavier_g1.2,42,blocks.0.attn.k_proj.weight,0.10563106089830399,13.521637916564941,191.28036499023438,102.77362823486328,2.3657796382904053,0.9452319145202637,0.012368125841021538,1.0119459629058838
t0,xavier_g1.2,42,blocks.0.attn.out_proj.weight,0.10557301342487335,13.513103485107422,412.9474792480469,103.24694061279297,2.306589365005493,0.9624036550521851,0.0055856723338365555,1.015055775642395
t0,xavier_g1.2,42,blocks.0.attn.q_proj.weight,0.10544095188379288,13.496065139770508,338.3119812011719,102.30321502685547,2.3640880584716797,0.9686770439147949,0.006987893488258123,1.0087072849273682
t0,xavier_g1.2,42,blocks.0.attn.v_proj.weight,0.10559922456741333,13.516287803649902,1423.4013671875,102.8711929321289,2.322322130203247,0.9627917408943176,0.001631530118174851,1.0128406286239624
t0,xavier_g1.2,42,blocks.1.attn.k_proj.weight,0.10632211714982986,13.609140396118164,204.45437622070312,103.26801300048828,2.3471579551696777,0.9684354066848755,0.01148010604083538,1.0227168798446655
t0,xavier_g1.2,42,blocks.1.attn.out_proj.weight,0.10618525743484497,13.591348648071289,491.11572265625,102.92561340332031,2.3992257118225098,0.9488952159881592,0.004885255359113216,1.019295334815979
t0,xavier_g1.2,42,blocks.1.attn.q_proj.weight,0.10672715306282043,13.660904884338379,1577.913818359375,103.05501556396484,2.3352572917938232,0.9828735589981079,0.0014799650525674224,1.0256460905075073
t0,xavier_g1.2,42,blocks.1.attn.v_proj.weight,0.10635396093130112,13.615215301513672,141.16632080078125,103.35777282714844,2.349540948867798,0.9730010628700256,0.01664377748966217,1.0238442420959473
t0,ce_lcg,42,blocks.0.attn.k_proj.weight,0.12500381469726562,15.99999713897705,14100.978515625,102.14743041992188,2.7726290225982666,1.123469591140747,0.0001966267154784873,1.1948274374008179
t0,ce_lcg,42,blocks.0.attn.out_proj.weight,0.12500381469726562,15.99999713897705,14100.978515625,102.14743041992188,2.7726290225982666,1.123469591140747,0.0001966267154784873,1.1948274374008179
t0,ce_lcg,42,blocks.0.attn.q_proj.weight,0.12500381469726562,15.99999713897705,14100.978515625,102.14743041992188,2.7726290225982666,1.123469591140747,0.0001966267154784873,1.1948274374008179
t0,ce_lcg,42,blocks.0.attn.v_proj.weight,0.12500381469726562,15.99999713897705,14100.978515625,102.14743041992188,2.7726290225982666,1.123469591140747,0.0001966267154784873,1.1948274374008179
t0,ce_lcg,42,blocks.1.attn.k_proj.weight,0.12500381469726562,15.99999713897705,14100.978515625,102.14743041992188,2.7726290225982666,1.123469591140747,0.0001966267154784873,1.1948274374008179
t0,ce_lcg,42,blocks.1.attn.out_proj.weight,0.12500381469726562,15.99999713897705,14100.978515625,102.14743041992188,2.7726290225982666,1.123469591140747,0.0001966267154784873,1.1948274374008179
t0,ce_lcg,42,blocks.1.attn.q_proj.weight,0.12500381469726562,15.99999713897705,14100.978515625,102.14743041992188,2.7726290225982666,1.123469591140747,0.0001966267154784873,1.1948274374008179
t0,ce_lcg,42,blocks.1.attn.v_proj.weight,0.12500381469726562,15.99999713897705,14100.978515625,102.14743041992188,2.7726290225982666,1.123469591140747,0.0001966267154784873,1.1948274374008179
t0,xavier_g1.0,43,blocks.0.attn.k_proj.weight,0.08803938329219818,11.269353866577148,178.37014770507812,103.14936065673828,1.953919529914856,0.8082230091094971,0.01095429714769125,0.846319317817688
t0,xavier_g1.0,43,blocks.0.attn.out_proj.weight,0.08848225325345993,11.325942039489746,1462.31591796875,102.61995697021484,1.9496219158172607,0.8221787810325623,0.0013332426315173507,0.8482620716094971
t0,xavier_g1.0,43,blocks.0.attn.q_proj.weight,0.08889778703451157,11.378637313842773,408.06591796875,102.96247100830078,1.9460978507995605,0.8006600141525269,0.004769077058881521,0.8533016443252563
t0,xavier_g1.0,43,blocks.0.attn.v_proj.weight,0.08834066987037659,11.307391166687012,536.3002319335938,102.91520690917969,1.9602254629135132,0.802367627620697,0.0036550897639244795,0.8485960364341736
t0,xavier_g1.0,43,blocks.1.attn.k_proj.weight,0.0886850655078888,11.353304862976074,374.13690185546875,102.72894287109375,1.965463399887085,0.8110155463218689,0.005253326613456011,0.8495312929153442
t0,xavier_g1.0,43,blocks.1.attn.out_proj.weight,0.08764950186014175,11.218805313110352,756.5362548828125,102.14436340332031,1.9798314571380615,0.7813213467597961,0.002616968471556902,0.8379059433937073
t0,xavier_g1.0,43,blocks.1.attn.q_proj.weight,0.08880346268415451,11.366596221923828,459.7420349121094,102.68295288085938,1.954535722732544,0.8080393075942993,0.004251374863088131,0.8511879444122314
t0,xavier_g1.0,43,blocks.1.attn.v_proj.weight,0.08823142945766449,11.293289184570312,282.3389892578125,102.1445541381836,1.9768460988998413,0.794948399066925,0.007001676131039858,0.8416624665260315
t0,orthogonal,43,blocks.0.attn.k_proj.weight,0.08839066326618195,11.31370735168457,1.000001311302185,127.99993896484375,1.0000007152557373,1.0,0.9999994039535522,1.0
t0,orthogonal,43,blocks.0.attn.out_proj.weight,0.08838535845279694,11.313708305358887,1.0000011920928955,127.99993896484375,1.0000005960464478,1.0,0.999999463558197,1.0
t0,orthogonal,43,blocks.0.attn.q_proj.weight,0.0883907899260521,11.313706398010254,1.0000011920928955,128.0,1.0000004768371582,1.0,0.9999993443489075,1.0
t0,orthogonal,43,blocks.0.attn.v_proj.weight,0.08838950097560883,11.313708305358887,1.0000011920928955,127.99993896484375,1.0000005960464478,1.0,0.999999463558197,1.0
t0,orthogonal,43,blocks.1.attn.k_proj.weight,0.08838707953691483,11.31370735168457,1.0000011920928955,127.99993896484375,1.0000005960464478,1.0,0.999999463558197,1.0
t0,orthogonal,43,blocks.1.attn.out_proj.weight,0.08839075267314911,11.313709259033203,1.0000011920928955,127.99993896484375,1.0000005960464478,1.0,0.999999463558197,1.0
t0,orthogonal,43,blocks.1.attn.q_proj.weight,0.08838170021772385,11.313708305358887,1.0000011920928955,128.0,1.0000005960464478,1.0,0.999999463558197,1.0
t0,orthogonal,43,blocks.1.attn.v_proj.weight,0.0883893370628357,11.31371021270752,1.000001311302185,128.0,1.0000007152557373,1.0,0.999999463558197,1.0
t0,xavier_g1.2,43,blocks.0.attn.k_proj.weight,0.10557301342487335,13.513103485107422,412.9474792480469,103.24694061279297,2.306589365005493,0.9624036550521851,0.0055856723338365555,1.015055775642395
t0,xavier_g1.2,43,blocks.0.attn.out_proj.weight,0.10544095188379288,13.496065139770508,338.3119812011719,102.30321502685547,2.3640880584716797,0.9686770439147949,0.006987893488258123,1.0087072849273682
t0,xavier_g1.2,43,blocks.0.attn.q_proj.weight,0.10559922456741333,13.516287803649902,1423.4013671875,102.8711929321289,2.322322130203247,0.9627917408943176,0.001631530118174851,1.0128406286239624
t0,xavier_g1.2,43,blocks.0.attn.v_proj.weight,0.10632211714982986,13.609140396118164,204.45437622070312,103.26801300048828,2.3471579551696777,0.9684354066848755,0.01148010604083538,1.0227168798446655
t0,xavier_g1.2,43,blocks.1.attn.k_proj.weight,0.10618525743484497,13.591348648071289,491.11572265625,102.92561340332031,2.3992257118225098,0.9488952159881592,0.004885255359113216,1.019295334815979
t0,xavier_g1.2,43,blocks.1.attn.out_proj.weight,0.10672715306282043,13.660904884338379,1577.913818359375,103.05501556396484,2.3352572917938232,0.9828735589981079,0.0014799650525674224,1.0256460905075073
t0,xavier_g1.2,43,blocks.1.attn.q_proj.weight,0.10635396093130112,13.615215301513672,141.16632080078125,103.35777282714844,2.349540948867798,0.9730010628700256,0.01664377748966217,1.0238442420959473
t0,xavier_g1.2,43,blocks.1.attn.v_proj.weight,0.10628972947597504,13.604985237121582,1392.6624755859375,102.62147521972656,2.3444793224334717,0.9714977741241455,0.001683451235294342,1.019007682800293
t0,ce_lcg,43,blocks.0.attn.k_proj.weight,0.12500381469726562,15.99999713897705,14100.978515625,102.14743041992188,2.7726290225982666,1.123469591140747,0.0001966267154784873,1.1948274374008179
t0,ce_lcg,43,blocks.0.attn.out_proj.weight,0.12500381469726562,15.99999713897705,14100.978515625,102.14743041992188,2.7726290225982666,1.123469591140747,0.0001966267154784873,1.1948274374008179
t0,ce_lcg,43,blocks.0.attn.q_proj.weight,0.12500381469726562,15.99999713897705,14100.978515625,102.14743041992188,2.7726290225982666,1.123469591140747,0.0001966267154784873,1.1948274374008179
t0,ce_lcg,43,blocks.0.attn.v_proj.weight,0.12500381469726562,15.99999713897705,14100.978515625,102.14743041992188,2.7726290225982666,1.123469591140747,0.0001966267154784873,1.1948274374008179
t0,ce_lcg,43,blocks.1.attn.k_proj.weight,0.12500381469726562,15.99999713897705,14100.978515625,102.14743041992188,2.7726290225982666,1.123469591140747,0.0001966267154784873,1.1948274374008179
t0,ce_lcg,43,blocks.1.attn.out_proj.weight,0.12500381469726562,15.99999713897705,14100.978515625,102.14743041992188,2.7726290225982666,1.123469591140747,0.0001966267154784873,1.1948274374008179
t0,ce_lcg,43,blocks.1.attn.q_proj.weight,0.12500381469726562,15.99999713897705,14100.978515625,102.14743041992188,2.7726290225982666,1.123469591140747,0.0001966267154784873,1.1948274374008179
t0,ce_lcg,43,blocks.1.attn.v_proj.weight,0.12500381469726562,15.99999713897705,14100.978515625,102.14743041992188,2.7726290225982666,1.123469591140747,0.0001966267154784873,1.1948274374008179
t0,xavier_g1.0,44,blocks.0.attn.k_proj.weight,0.08848225325345993,11.325942039489746,1462.31591796875,102.61995697021484,1.9496219158172607,0.8221787810325623,0.0013332426315173507,0.8482620716094971
t0,xavier_g1.0,44,blocks.0.attn.out_proj.weight,0.08889778703451157,11.378637313842773,408.06591796875,102.96247100830078,1.9460978507995605,0.8006600141525269,0.004769077058881521,0.8533016443252563
t0,xavier_g1.0,44,blocks.0.attn.q_proj.weight,0.08834066987037659,11.307391166687012,536.3002319335938,102.91520690917969,1.9602254629135132,0.802367627620697,0.0036550897639244795,0.8485960364341736
t0,xavier_g1.0,44,blocks.0.attn.v_proj.weight,0.0886850655078888,11.353304862976074,374.13690185546875,102.72894287109375,1.965463399887085,0.8110155463218689,0.005253326613456011,0.8495312929153442
t0,xavier_g1.0,44,blocks.1.attn.k_proj.weight,0.08764950186014175,11.218805313110352,756.5362548828125,102.14436340332031,1.9798314571380615,0.7813213467597961,0.002616968471556902,0.8379059433937073
t0,xavier_g1.0,44,blocks.1.attn.out_proj.weight,0.08880346268415451,11.366596221923828,459.7420349121094,102.68295288085938,1.954535722732544,0.8080393075942993,0.004251374863088131,0.8511879444122314
t0,xavier_g1.0,44,blocks.1.attn.q_proj.weight,0.08823142945766449,11.293289184570312,282.3389892578125,102.1445541381836,1.9768460988998413,0.794948399066925,0.007001676131039858,0.8416624665260315
t0,xavier_g1.0,44,blocks.1.attn.v_proj.weight,0.08846648782491684,11.323366165161133,283.5263366699219,103.2297592163086,1.9678500890731812,0.8064141273498535,0.006940625607967377,0.8500413298606873
t0,orthogonal,44,blocks.0.attn.k_proj.weight,0.08838535845279694,11.313708305358887,1.0000011920928955,127.99993896484375,1.0000005960464478,1.0,0.999999463558197,1.0
t0,orthogonal,44,blocks.0.attn.out_proj.weight,0.0883907899260521,11.313706398010254,1.0000011920928955,128.0,1.0000004768371582,1.0,0.9999993443489075,1.0
t0,orthogonal,44,blocks.0.attn.q_proj.weight,0.08838950097560883,11.313708305358887,1.0000011920928955,127.99993896484375,1.0000005960464478,1.0,0.999999463558197,1.0
t0,orthogonal,44,blocks.0.attn.v_proj.weight,0.08838707953691483,11.31370735168457,1.0000011920928955,127.99993896484375,1.0000005960464478,1.0,0.999999463558197,1.0
t0,orthogonal,44,blocks.1.attn.k_proj.weight,0.08839075267314911,11.313709259033203,1.0000011920928955,127.99993896484375,1.0000005960464478,1.0,0.999999463558197,1.0
t0,orthogonal,44,blocks.1.attn.out_proj.weight,0.08838170021772385,11.313708305358887,1.0000011920928955,128.0,1.0000005960464478,1.0,0.999999463558197,1.0
t0,orthogonal,44,blocks.1.attn.q_proj.weight,0.0883893370628357,11.31371021270752,1.000001311302185,128.0,1.0000007152557373,1.0,0.999999463558197,1.0
t0,orthogonal,44,blocks.1.attn.v_proj.weight,0.08839104324579239,11.31370735168457,1.0000011920928955,128.0,1.0000005960464478,1.0,0.999999463558197,1.0
t0,xavier_g1.2,44,blocks.0.attn.k_proj.weight,0.10544095188379288,13.496065139770508,338.3119812011719,102.30321502685547,2.3640880584716797,0.9686770439147949,0.006987893488258123,1.0087072849273682
t0,xavier_g1.2,44,blocks.0.attn.out_proj.weight,0.10559922456741333,13.516287803649902,1423.4013671875,102.8711929321289,2.322322130203247,0.9627917408943176,0.001631530118174851,1.0128406286239624
t0,xavier_g1.2,44,blocks.0.attn.q_proj.weight,0.10632211714982986,13.609140396118164,204.45437622070312,103.26801300048828,2.3471579551696777,0.9684354066848755,0.01148010604083538,1.0227168798446655
t0,xavier_g1.2,44,blocks.0.attn.v_proj.weight,0.10618525743484497,13.591348648071289,491.11572265625,102.92561340332031,2.3992257118225098,0.9488952159881592,0.004885255359113216,1.019295334815979
t0,xavier_g1.2,44,blocks.1.attn.k_proj.weight,0.10672715306282043,13.660904884338379,1577.913818359375,103.05501556396484,2.3352572917938232,0.9828735589981079,0.0014799650525674224,1.0256460905075073
t0,xavier_g1.2,44,blocks.1.attn.out_proj.weight,0.10635396093130112,13.615215301513672,141.16632080078125,103.35777282714844,2.349540948867798,0.9730010628700256,0.01664377748966217,1.0238442420959473
t0,xavier_g1.2,44,blocks.1.attn.q_proj.weight,0.10628972947597504,13.604985237121582,1392.6624755859375,102.62147521972656,2.3444793224334717,0.9714977741241455,0.001683451235294342,1.019007682800293
t0,xavier_g1.2,44,blocks.1.attn.v_proj.weight,0.10553169995546341,13.507654190063477,439.2162780761719,103.1124267578125,2.3282296657562256,0.9636020660400391,0.0053008729591965675,1.014667272567749
t0,ce_lcg,44,blocks.0.attn.k_proj.weight,0.12500381469726562,15.99999713897705,14100.978515625,102.14743041992188,2.7726290225982666,1.123469591140747,0.0001966267154784873,1.1948274374008179
t0,ce_lcg,44,blocks.0.attn.out_proj.weight,0.12500381469726562,15.99999713897705,14100.978515625,102.14743041992188,2.7726290225982666,1.123469591140747,0.0001966267154784873,1.1948274374008179
t0,ce_lcg,44,blocks.0.attn.q_proj.weight,0.12500381469726562,15.99999713897705,14100.978515625,102.14743041992188,2.7726290225982666,1.123469591140747,0.0001966267154784873,1.1948274374008179
t0,ce_lcg,44,blocks.0.attn.v_proj.weight,0.12500381469726562,15.99999713897705,14100.978515625,102.14743041992188,2.7726290225982666,1.123469591140747,0.0001966267154784873,1.1948274374008179
t0,ce_lcg,44,blocks.1.attn.k_proj.weight,0.12500381469726562,15.99999713897705,14100.978515625,102.14743041992188,2.7726290225982666,1.123469591140747,0.0001966267154784873,1.1948274374008179
t0,ce_lcg,44,blocks.1.attn.out_proj.weight,0.12500381469726562,15.99999713897705,14100.978515625,102.14743041992188,2.7726290225982666,1.123469591140747,0.0001966267154784873,1.1948274374008179
t0,ce_lcg,44,blocks.1.attn.q_proj.weight,0.12500381469726562,15.99999713897705,14100.978515625,102.14743041992188,2.7726290225982666,1.123469591140747,0.0001966267154784873,1.1948274374008179
t0,ce_lcg,44,blocks.1.attn.v_proj.weight,0.12500381469726562,15.99999713897705,14100.978515625,102.14743041992188,2.7726290225982666,1.123469591140747,0.0001966267154784873,1.1948274374008179
t0,xavier_g1.0,45,blocks.0.attn.k_proj.weight,0.08889778703451157,11.378637313842773,408.06591796875,102.96247100830078,1.9460978507995605,0.8006600141525269,0.004769077058881521,0.8533016443252563
t0,xavier_g1.0,45,blocks.0.attn.out_proj.weight,0.08834066987037659,11.307391166687012,536.3002319335938,102.91520690917969,1.9602254629135132,0.802367627620697,0.0036550897639244795,0.8485960364341736
t0,xavier_g1.0,45,blocks.0.attn.q_proj.weight,0.0886850655078888,11.353304862976074,374.13690185546875,102.72894287109375,1.965463399887085,0.8110155463218689,0.005253326613456011,0.8495312929153442
t0,xavier_g1.0,45,blocks.0.attn.v_proj.weight,0.08764950186014175,11.218805313110352,756.5362548828125,102.14436340332031,1.9798314571380615,0.7813213467597961,0.002616968471556902,0.8379059433937073
t0,xavier_g1.0,45,blocks.1.attn.k_proj.weight,0.08880346268415451,11.366596221923828,459.7420349121094,102.68295288085938,1.954535722732544,0.8080393075942993,0.004251374863088131,0.8511879444122314
t0,xavier_g1.0,45,blocks.1.attn.out_proj.weight,0.08823142945766449,11.293289184570312,282.3389892578125,102.1445541381836,1.9768460988998413,0.794948399066925,0.007001676131039858,0.8416624665260315
t0,xavier_g1.0,45,blocks.1.attn.q_proj.weight,0.08846648782491684,11.323366165161133,283.5263366699219,103.2297592163086,1.9678500890731812,0.8064141273498535,0.006940625607967377,0.8500413298606873
t0,xavier_g1.0,45,blocks.1.attn.v_proj.weight,0.0884196013212204,11.317572593688965,13500.6015625,102.4783935546875,1.9782403707504272,0.7942516207695007,0.00014652979734819382,0.8454040288925171
t0,orthogonal,45,blocks.0.attn.k_proj.weight,0.0883907899260521,11.313706398010254,1.0000011920928955,128.0,1.0000004768371582,1.0,0.9999993443489075,1.0
t0,orthogonal,45,blocks.0.attn.out_proj.weight,0.08838950097560883,11.313708305358887,1.0000011920928955,127.99993896484375,1.0000005960464478,1.0,0.999999463558197,1.0
t0,orthogonal,45,blocks.0.attn.q_proj.weight,0.08838707953691483,11.31370735168457,1.0000011920928955,127.99993896484375,1.0000005960464478,1.0,0.999999463558197,1.0
t0,orthogonal,45,blocks.0.attn.v_proj.weight,0.08839075267314911,11.313709259033203,1.0000011920928955,127.99993896484375,1.0000005960464478,1.0,0.999999463558197,1.0
t0,orthogonal,45,blocks.1.attn.k_proj.weight,0.08838170021772385,11.313708305358887,1.0000011920928955,128.0,1.0000005960464478,1.0,0.999999463558197,1.0
t0,orthogonal,45,blocks.1.attn.out_proj.weight,0.0883893370628357,11.31371021270752,1.000001311302185,128.0,1.0000007152557373,1.0,0.999999463558197,1.0
t0,orthogonal,45,blocks.1.attn.q_proj.weight,0.08839104324579239,11.31370735168457,1.0000011920928955,128.0,1.0000005960464478,1.0,0.999999463558197,1.0
t0,orthogonal,45,blocks.1.attn.v_proj.weight,0.0883832648396492,11.31371021270752,1.0000011920928955,127.99993896484375,1.0000005960464478,1.0,0.999999463558197,1.0
t0,xavier_g1.2,45,blocks.0.attn.k_proj.weight,0.10559922456741333,13.516287803649902,1423.4013671875,102.8711929321289,2.322322130203247,0.9627917408943176,0.001631530118174851,1.0128406286239624
t0,xavier_g1.2,45,blocks.0.attn.out_proj.weight,0.10632211714982986,13.609140396118164,204.45437622070312,103.26801300048828,2.3471579551696777,0.9684354066848755,0.01148010604083538,1.0227168798446655
t0,xavier_g1.2,45,blocks.0.attn.q_proj.weight,0.10618525743484497,13.591348648071289,491.11572265625,102.92561340332031,2.3992257118225098,0.9488952159881592,0.004885255359113216,1.019295334815979
t0,xavier_g1.2,45,blocks.0.attn.v_proj.weight,0.10672715306282043,13.660904884338379,1577.913818359375,103.05501556396484,2.3352572917938232,0.9828735589981079,0.0014799650525674224,1.0256460905075073
t0,xavier_g1.2,45,blocks.1.attn.k_proj.weight,0.10635396093130112,13.615215301513672,141.16632080078125,103.35777282714844,2.349540948867798,0.9730010628700256,0.01664377748966217,1.0238442420959473
t0,xavier_g1.2,45,blocks.1.attn.out_proj.weight,0.10628972947597504,13.604985237121582,1392.6624755859375,102.62147521972656,2.3444793224334717,0.9714977741241455,0.001683451235294342,1.019007682800293
t0,xavier_g1.2,45,blocks.1.attn.q_proj.weight,0.10553169995546341,13.507654190063477,439.2162780761719,103.1124267578125,2.3282296657562256,0.9636020660400391,0.0053008729591965675,1.014667272567749
t0,xavier_g1.2,45,blocks.1.attn.v_proj.weight,0.10593465715646744,13.55923080444336,342.6902160644531,102.47517395019531,2.378408908843994,0.9542270302772522,0.00694040535017848,1.013851284980774
t0,ce_lcg,45,blocks.0.attn.k_proj.weight,0.12500381469726562,15.99999713897705,14100.978515625,102.14743041992188,2.7726290225982666,1.123469591140747,0.0001966267154784873,1.1948274374008179
t0,ce_lcg,45,blocks.0.attn.out_proj.weight,0.12500381469726562,15.99999713897705,14100.978515625,102.14743041992188,2.7726290225982666,1.123469591140747,0.0001966267154784873,1.1948274374008179
t0,ce_lcg,45,blocks.0.attn.q_proj.weight,0.12500381469726562,15.99999713897705,14100.978515625,102.14743041992188,2.7726290225982666,1.123469591140747,0.0001966267154784873,1.1948274374008179
t0,ce_lcg,45,blocks.0.attn.v_proj.weight,0.12500381469726562,15.99999713897705,14100.978515625,102.14743041992188,2.7726290225982666,1.123469591140747,0.0001966267154784873,1.1948274374008179
t0,ce_lcg,45,blocks.1.attn.k_proj.weight,0.12500381469726562,15.99999713897705,14100.978515625,102.14743041992188,2.7726290225982666,1.123469591140747,0.0001966267154784873,1.1948274374008179
t0,ce_lcg,45,blocks.1.attn.out_proj.weight,0.12500381469726562,15.99999713897705,14100.978515625,102.14743041992188,2.7726290225982666,1.123469591140747,0.0001966267154784873,1.1948274374008179
t0,ce_lcg,45,blocks.1.attn.q_proj.weight,0.12500381469726562,15.99999713897705,14100.978515625,102.14743041992188,2.7726290225982666,1.123469591140747,0.0001966267154784873,1.1948274374008179
t0,ce_lcg,45,blocks.1.attn.v_proj.weight,0.12500381469726562,15.99999713897705,14100.978515625,102.14743041992188,2.7726290225982666,1.123469591140747,0.0001966267154784873,1.1948274374008179
t0,xavier_g1.0,46,blocks.0.attn.k_proj.weight,0.08834066987037659,11.307391166687012,536.3002319335938,102.91520690917969,1.9602254629135132,0.802367627620697,0.0036550897639244795,0.8485960364341736
t0,xavier_g1.0,46,blocks.0.attn.out_proj.weight,0.0886850655078888,11.353304862976074,374.13690185546875,102.72894287109375,1.965463399887085,0.8110155463218689,0.005253326613456011,0.8495312929153442
t0,xavier_g1.0,46,blocks.0.attn.q_proj.weight,0.08764950186014175,11.218805313110352,756.5362548828125,102.14436340332031,1.9798314571380615,0.7813213467597961,0.002616968471556902,0.8379059433937073
t0,xavier_g1.0,46,blocks.0.attn.v_proj.weight,0.08880346268415451,11.366596221923828,459.7420349121094,102.68295288085938,1.954535722732544,0.8080393075942993,0.004251374863088131,0.8511879444122314
t0,xavier_g1.0,46,blocks.1.attn.k_proj.weight,0.08823142945766449,11.293289184570312,282.3389892578125,102.1445541381836,1.9768460988998413,0.794948399066925,0.007001676131039858,0.8416624665260315
t0,xavier_g1.0,46,blocks.1.attn.out_proj.weight,0.08846648782491684,11.323366165161133,283.5263366699219,103.2297592163086,1.9678500890731812,0.8064141273498535,0.006940625607967377,0.8500413298606873
t0,xavier_g1.0,46,blocks.1.attn.q_proj.weight,0.0884196013212204,11.317572593688965,13500.6015625,102.4783935546875,1.9782403707504272,0.7942516207695007,0.00014652979734819382,0.8454040288925171
t0,xavier_g1.0,46,blocks.1.attn.v_proj.weight,0.08820293098688126,11.290093421936035,1110.080322265625,102.64751434326172,1.9331716299057007,0.8002605438232422,0.0017414700705558062,0.8456724882125854
t0,orthogonal,46,blocks.0.attn.k_proj.weight,0.08838950097560883,11.313708305358887,1.0000011920928955,127.99993896484375,1.0000005960464478,1.0,0.999999463558197,1.0
t0,orthogonal,46,blocks.0.attn.out_proj.weight,0.08838707953691483,11.31370735168457,1.0000011920928955,127.99993896484375,1.0000005960464478,1.0,0.999999463558197,1.0
t0,orthogonal,46,blocks.0.attn.q_proj.weight,0.08839075267314911,11.313709259033203,1.0000011920928955,127.99993896484375,1.0000005960464478,1.0,0.999999463558197,1.0
t0,orthogonal,46,blocks.0.attn.v_proj.weight,0.08838170021772385,11.313708305358887,1.0000011920928955,128.0,1.0000005960464478,1.0,0.999999463558197,1.0
t0,orthogonal,46,blocks.1.attn.k_proj.weight,0.0883893370628357,11.31371021270752,1.000001311302185,128.0,1.0000007152557373,1.0,0.999999463558197,1.0
t0,orthogonal,46,blocks.1.attn.out_proj.weight,0.08839104324579239,11.31370735168457,1.0000011920928955,128.0,1.0000005960464478,1.0,0.999999463558197,1.0
t0,orthogonal,46,blocks.1.attn.q_proj.weight,0.0883832648396492,11.31371021270752,1.0000011920928955,127.99993896484375,1.0000005960464478,1.0,0.999999463558197,1.0
t0,orthogonal,46,blocks.1.attn.v_proj.weight,0.08838970214128494,11.313709259033203,1.0000011920928955,127.99993896484375,1.0000005960464478,1.0,0.999999463558197,1.0
t0,xavier_g1.2,46,blocks.0.attn.k_proj.weight,0.10632211714982986,13.609140396118164,204.45437622070312,103.26801300048828,2.3471579551696777,0.9684354066848755,0.01148010604083538,1.0227168798446655
t0,xavier_g1.2,46,blocks.0.attn.out_proj.weight,0.10618525743484497,13.591348648071289,491.11572265625,102.92561340332031,2.3992257118225098,0.9488952159881592,0.004885255359113216,1.019295334815979
t0,xavier_g1.2,46,blocks.0.attn.q_proj.weight,0.10672715306282043,13.660904884338379,1577.913818359375,103.05501556396484,2.3352572917938232,0.9828735589981079,0.0014799650525674224,1.0256460905075073
t0,xavier_g1.2,46,blocks.0.attn.v_proj.weight,0.10635396093130112,13.615215301513672,141.16632080078125,103.35777282714844,2.349540948867798,0.9730010628700256,0.01664377748966217,1.0238442420959473
t0,xavier_g1.2,46,blocks.1.attn.k_proj.weight,0.10628972947597504,13.604985237121582,1392.6624755859375,102.62147521972656,2.3444793224334717,0.9714977741241455,0.001683451235294342,1.019007682800293
t0,xavier_g1.2,46,blocks.1.attn.out_proj.weight,0.10553169995546341,13.507654190063477,439.2162780761719,103.1124267578125,2.3282296657562256,0.9636020660400391,0.0053008729591965675,1.014667272567749
t0,xavier_g1.2,46,blocks.1.attn.q_proj.weight,0.10593465715646744,13.55923080444336,342.6902160644531,102.47517395019531,2.378408908843994,0.9542270302772522,0.00694040535017848,1.013851284980774
t0,xavier_g1.2,46,blocks.1.attn.v_proj.weight,0.10421967506408691,13.339959144592285,241.60195922851562,102.84466552734375,2.318979024887085,0.9551783800125122,0.00959834549576044,0.9995781779289246
t0,ce_lcg,46,blocks.0.attn.k_proj.weight,0.12500381469726562,15.99999713897705,14100.978515625,102.14743041992188,2.7726290225982666,1.123469591140747,0.0001966267154784873,1.1948274374008179
t0,ce_lcg,46,blocks.0.attn.out_proj.weight,0.12500381469726562,15.99999713897705,14100.978515625,102.14743041992188,2.7726290225982666,1.123469591140747,0.0001966267154784873,1.1948274374008179
t0,ce_lcg,46,blocks.0.attn.q_proj.weight,0.12500381469726562,15.99999713897705,14100.978515625,102.14743041992188,2.7726290225982666,1.123469591140747,0.0001966267154784873,1.1948274374008179
t0,ce_lcg,46,blocks.0.attn.v_proj.weight,0.12500381469726562,15.99999713897705,14100.978515625,102.14743041992188,2.7726290225982666,1.123469591140747,0.0001966267154784873,1.1948274374008179
t0,ce_lcg,46,blocks.1.attn.k_proj.weight,0.12500381469726562,15.99999713897705,14100.978515625,102.14743041992188,2.7726290225982666,1.123469591140747,0.0001966267154784873,1.1948274374008179
t0,ce_lcg,46,blocks.1.attn.out_proj.weight,0.12500381469726562,15.99999713897705,14100.978515625,102.14743041992188,2.7726290225982666,1.123469591140747,0.0001966267154784873,1.1948274374008179
t0,ce_lcg,46,blocks.1.attn.q_proj.weight,0.12500381469726562,15.99999713897705,14100.978515625,102.14743041992188,2.7726290225982666,1.123469591140747,0.0001966267154784873,1.1948274374008179
t0,ce_lcg,46,blocks.1.attn.v_proj.weight,0.12500381469726562,15.99999713897705,14100.978515625,102.14743041992188,2.7726290225982666,1.123469591140747,0.0001966267154784873,1.1948274374008179
