seed,name,sha256
42,blocks.0.attn.k_proj.bias,5f70bf18a086007016e948b04aed3b82103a36bea41755b6cddfaf10ace3c6ef
42,blocks.0.attn.k_proj.weight,b58188fbf40f0f28c7b704f6119a1aabedbf1b9779deb83ff434fab75dbe3081
42,blocks.0.attn.out_proj.bias,5f70bf18a086007016e948b04aed3b82103a36bea41755b6cddfaf10ace3c6ef
42,blocks.0.attn.out_proj.weight,f9c080102caa045357983e22541c82c011539c1f12fe1c676c0caf97c2490442
42,blocks.0.attn.q_proj.bias,5f70bf18a086007016e948b04aed3b82103a36bea41755b6cddfaf10ace3c6ef
42,blocks.0.attn.q_proj.weight,d11de6da43f708330609b07a0a3540a4cbc99f9897cfca56ecc9b9963e3ee629
42,blocks.0.attn.v_proj.bias,5f70bf18a086007016e948b04aed3b82103a36bea41755b6cddfaf10ace3c6ef
42,blocks.0.attn.v_proj.weight,648887e8790478988bb1513b68e1060b2b5d6572abf01e5e669b0ad4ee35a1fa
42,blocks.0.ln1.bias,5f70bf18a086007016e948b04aed3b82103a36bea41755b6cddfaf10ace3c6ef
42,blocks.0.ln1.weight,8e50a375541f1046f8939daa8d1574a488708d072829f1a0c31054a3fbc222de
42,blocks.0.ln2.bias,5f70bf18a086007016e948b04aed3b82103a36bea41755b6cddfaf10ace3c6ef
42,blocks.0.ln2.weight,8e50a375541f1046f8939daa8d1574a488708d072829f1a0c31054a3fbc222de
42,blocks.0.mlp.0.bias,ad7facb2586fc6e966c004d7d1d16b024f5805ff7cb47c7a85dabd8b48892ca7
42,blocks.0.mlp.0.weight,3e71b92a365a21cd3fb00c69ca7fe12fa6ca938ab7ffe4fadb79540297b097f6
42,blocks.0.mlp.2.bias,5f70bf18a086007016e948b04aed3b82103a36bea41755b6cddfaf10ace3c6ef
42,blocks.0.mlp.2.weight,50a680fb599c33601d28e51c982ab90e05c878918b57e0fed1a151108df181ef
42,blocks.1.attn.k_proj.bias,5f70bf18a086007016e948b04aed3b82103a36bea41755b6cddfaf10ace3c6ef
42,blocks.1.attn.k_proj.weight,41d3b09a2aa9e39bc67a1318a4c68d0a04d4fb30a8843ca81cf157fd88e7a308
42,blocks.1.attn.out_proj.bias,5f70bf18a086007016e948b04aed3b82103a36bea41755b6cddfaf10ace3c6ef
42,blocks.1.attn.out_proj.weight,ec31e3e796b5d087db50272a1adc653f09133c1c733fca781a77de42f5d97875
42,blocks.1.attn.q_proj.bias,5f70bf18a086007016e948b04aed3b82103a36bea41755b6cddfaf10ace3c6ef
42,blocks.1.attn.q_proj.weight,ebbe36f52adb4557e1ee048ac16d1c0f0cc7a6e038ce0d7849f594eef89c97fa
42,blocks.1.attn.v_proj.bias,5f70bf18a086007016e948b04aed3b82103a36bea41755b6cddfaf10ace3c6ef
42,blocks.1.attn.v_proj.weight,9f38e1da044ba5b0572aa0fbaf8932c7f839087f73cdc7567f9d6803e48f0c59
42,blocks.1.ln1.bias,5f70bf18a086007016e948b04aed3b82103a36bea41755b6cddfaf10ace3c6ef
42,blocks.1.ln1.weight,8e50a375541f1046f8939daa8d1574a488708d072829f1a0c31054a3fbc222de
42,blocks.1.ln2.bias,5f70bf18a086007016e948b04aed3b82103a36bea41755b6cddfaf10ace3c6ef
42,blocks.1.ln2.weight,8e50a375541f1046f8939daa8d1574a488708d072829f1a0c31054a3fbc222de
42,blocks.1.mlp.0.bias,ad7facb2586fc6e966c004d7d1d16b024f5805ff7cb47c7a85dabd8b48892ca7
42,blocks.1.mlp.0.weight,08725a86253b1974b75813656b6482fa291f45ed1401d3ab88ed9b4a71c3c977
42,blocks.1.mlp.2.bias,5f70bf18a086007016e948b04aed3b82103a36bea41755b6cddfaf10ace3c6ef
42,blocks.1.mlp.2.weight,7f5dc6eb5d0a4ecf8e719302cdac8c005167c0e77768d40729dd14c837235cd6
42,buffer:bias,a1601c9c0fd2f2a8204df6eca1df99d4c0eac9773926dd1499e6d62ecd82dd52
42,lm_head.bias,5dbfd0124755ca040ec94e42eb7f52fcea148f385be350bfc59cedb74e89013a
42,lm_head.weight,384de36a65ab2fd774c4d607dd486cb263bc8dff5beee2bb37964b4c0ebef17a
42,ln_f.bias,5f70bf18a086007016e948b04aed3b82103a36bea41755b6cddfaf10ace3c6ef
42,ln_f.weight,8e50a375541f1046f8939daa8d1574a488708d072829f1a0c31054a3fbc222de
42,pos_emb,fa43239bcee7b97ca62f007cc68487560a39e19f74f3dde7486db3f98df8e471
42,token_emb.weight,ea2b251883f6e4cc3de2e0d27cffcf6e7758eb895ad61cf9e6e66e0817bd2dfd
43,blocks.0.attn.k_proj.bias,5f70bf18a086007016e948b04aed3b82103a36bea41755b6cddfaf10ace3c6ef
43,blocks.0.attn.k_proj.weight,846c5b94cd9ad11800599d13e4be2736cbac18b3a6feb78d01835e3b6532daab
43,blocks.0.attn.out_proj.bias,5f70bf18a086007016e948b04aed3b82103a36bea41755b6cddfaf10ace3c6ef
43,blocks.0.attn.out_proj.weight,3b21d5228cdb81684e7d21d07ebdff67d7c30e6b732be990af86dedaa4e216ba
43,blocks.0.attn.q_proj.bias,5f70bf18a086007016e948b04aed3b82103a36bea41755b6cddfaf10ace3c6ef
43,blocks.0.attn.q_proj.weight,bb4a16042362f446a2a9ecae04c7fbdc5738c07f78a29082d475b946fbd5d360
43,blocks.0.attn.v_proj.bias,5f70bf18a086007016e948b04aed3b82103a36bea41755b6cddfaf10ace3c6ef
43,blocks.0.attn.v_proj.weight,f24a1c41bdc1eb81367b7ea46ee839ba7c7d4e582f18a49e3f02d29ffc50824c
43,blocks.0.ln1.bias,5f70bf18a086007016e948b04aed3b82103a36bea41755b6cddfaf10ace3c6ef
43,blocks.0.ln1.weight,8e50a375541f1046f8939daa8d1574a488708d072829f1a0c31054a3fbc222de
43,blocks.0.ln2.bias,5f70bf18a086007016e948b04aed3b82103a36bea41755b6cddfaf10ace3c6ef
43,blocks.0.ln2.weight,8e50a375541f1046f8939daa8d1574a488708d072829f1a0c31054a3fbc222de
43,blocks.0.mlp.0.bias,ad7facb2586fc6e966c004d7d1d16b024f5805ff7cb47c7a85dabd8b48892ca7
43,blocks.0.mlp.0.weight,e84d92416b7331906afddc57d9bffc8d6f71b26dc0547a47b1ee6ea6b54068ae
43,blocks.0.mlp.2.bias,5f70bf18a086007016e948b04aed3b82103a36bea41755b6cddfaf10ace3c6ef
43,blocks.0.mlp.2.weight,eb851fb5ff9cac12f7fa0b33c7213a670b0142fd0b333b660c8145fe193d5f78
43,blocks.1.attn.k_proj.bias,5f70bf18a086007016e948b04aed3b82103a36bea41755b6cddfaf10ace3c6ef
43,blocks.1.attn.k_proj.weight,1068f9d359e37136ac2afc3d065be6e9044e8543d6b44c6b535b6e1f6a96ca07
43,blocks.1.attn.out_proj.bias,5f70bf18a086007016e948b04aed3b82103a36bea41755b6cddfaf10ace3c6ef
43,blocks.1.attn.out_proj.weight,4ef58b6e59b31434fdb6249272ec68eda967ada96da8ae42b1ce375a554e02f3
43,blocks.1.attn.q_proj.bias,5f70bf18a086007016e948b04aed3b82103a36bea41755b6cddfaf10ace3c6ef
43,blocks.1.attn.q_proj.weight,cfd344fae6c9474deffa1d33248f8fa3c41a6b3c60599d7f735126deb4a3a6e1
43,blocks.1.attn.v_proj.bias,5f70bf18a086007016e948b04aed3b82103a36bea41755b6cddfaf10ace3c6ef
43,blocks.1.attn.v_proj.weight,dfaf70a0171c40b2442355c2eb2e00f12e449627a1af95a5dc44498960681f4c
43,blocks.1.ln1.bias,5f70bf18a086007016e948b04aed3b82103a36bea41755b6cddfaf10ace3c6ef
43,blocks.1.ln1.weight,8e50a375541f1046f8939daa8d1574a488708d072829f1a0c31054a3fbc222de
43,blocks.1.ln2.bias,5f70bf18a086007016e948b04aed3b82103a36bea41755b6cddfaf10ace3c6ef
43,blocks.1.ln2.weight,8e50a375541f1046f8939daa8d1574a488708d072829f1a0c31054a3fbc222de
43,blocks.1.mlp.0.bias,ad7facb2586fc6e966c004d7d1d16b024f5805ff7cb47c7a85dabd8b48892ca7
43,blocks.1.mlp.0.weight,65ac9726d8a1cc0f22547d06eb10401e6ecaab900179c039fdb6e003b56b6234
43,blocks.1.mlp.2.bias,5f70bf18a086007016e948b04aed3b82103a36bea41755b6cddfaf10ace3c6ef
43,blocks.1.mlp.2.weight,c617e43200baf33c217696e4d53ad9fe457f71c89dddc66ded5b14518c8466df
43,buffer:bias,a1601c9c0fd2f2a8204df6eca1df99d4c0eac9773926dd1499e6d62ecd82dd52
43,lm_head.bias,5dbfd0124755ca040ec94e42eb7f52fcea148f385be350bfc59cedb74e89013a
43,lm_head.weight,76b0f7498f6f6ef4c4d0923e35534cf1d38cfe04a6fe1243aad0cd82d05aa34d
43,ln_f.bias,5f70bf18a086007016e948b04aed3b82103a36bea41755b6cddfaf10ace3c6ef
43,ln_f.weight,8e50a375541f1046f8939daa8d1574a488708d072829f1a0c31054a3fbc222de
43,pos_emb,fa43239bcee7b97ca62f007cc68487560a39e19f74f3dde7486db3f98df8e471
43,token_emb.weight,b5bcfb4e9d745064c8b355b1aa403821b86c38f3aae47ec32f846df698bf09c9
44,blocks.0.attn.k_proj.bias,5f70bf18a086007016e948b04aed3b82103a36bea41755b6cddfaf10ace3c6ef
44,blocks.0.attn.k_proj.weight,48f5ab4f4665add5e2b5b258f652c46bc9c6aa781a6e500268772043e64ed2ed
44,blocks.0.attn.out_proj.bias,5f70bf18a086007016e948b04aed3b82103a36bea41755b6cddfaf10ace3c6ef
44,blocks.0.attn.out_proj.weight,bc77b6b92f5f48de5f4808e166c073c2b57964e8c36fd15a0ea2eb46acf98d5e
44,blocks.0.attn.q_proj.bias,5f70bf18a086007016e948b04aed3b82103a36bea41755b6cddfaf10ace3c6ef
44,blocks.0.attn.q_proj.weight,60415cbe1fefdd8dd2470cce369d5f36a6a6293b10ab972690e9c3103c3a34df
44,blocks.0.attn.v_proj.bias,5f70bf18a086007016e948b04aed3b82103a36bea41755b6cddfaf10ace3c6ef
44,blocks.0.attn.v_proj.weight,fc19eadcf1f87e5339726220aea8471c8ee019cd3f7d343c294e4e193e101725
44,blocks.0.ln1.bias,5f70bf18a086007016e948b04aed3b82103a36bea41755b6cddfaf10ace3c6ef
44,blocks.0.ln1.weight,8e50a375541f1046f8939daa8d1574a488708d072829f1a0c31054a3fbc222de
44,blocks.0.ln2.bias,5f70bf18a086007016e948b04aed3b82103a36bea41755b6cddfaf10ace3c6ef
44,blocks.0.ln2.weight,8e50a375541f1046f8939daa8d1574a488708d072829f1a0c31054a3fbc222de
44,blocks.0.mlp.0.bias,ad7facb2586fc6e966c004d7d1d16b024f5805ff7cb47c7a85dabd8b48892ca7
44,blocks.0.mlp.0.weight,b5de46076cf2ca8b4c48850ee2e91045b67f50f978c1cc0148f1d0db0258a083
44,blocks.0.mlp.2.bias,5f70bf18a086007016e948b04aed3b82103a36bea41755b6cddfaf10ace3c6ef
44,blocks.0.mlp.2.weight,a08ee6f01968165447b2721722b94c4a051e322c86f24ea3dd2fda884757ef81
44,blocks.1.attn.k_proj.bias,5f70bf18a086007016e948b04aed3b82103a36bea41755b6cddfaf10ace3c6ef
44,blocks.1.attn.k_proj.weight,f0e06ca620b81a7c9e2d8b94879f2e930b5f92288162fa52711c4ab412dbc3a2
44,blocks.1.attn.out_proj.bias,5f70bf18a086007016e948b04aed3b82103a36bea41755b6cddfaf10ace3c6ef
44,blocks.1.attn.out_proj.weight,e93e5a36db9ee20412f9bce3950703ef037978383d249b2d76a402e0f2003ac3
44,blocks.1.attn.q_proj.bias,5f70bf18a086007016e948b04aed3b82103a36bea41755b6cddfaf10ace3c6ef
44,blocks.1.attn.q_proj.weight,105b44f850f38e2c3e87ae15cfc593a87f036b63b7b415db49070ba142c0742c
44,blocks.1.attn.v_proj.bias,5f70bf18a086007016e948b04aed3b82103a36bea41755b6cddfaf10ace3c6ef
44,blocks.1.attn.v_proj.weight,1ec3bd93922c6ca014f7bb6a377e25c2f0cfd7b61267e293ab590d0d89bd22ab
44,blocks.1.ln1.bias,5f70bf18a086007016e948b04aed3b82103a36bea41755b6cddfaf10ace3c6ef
44,blocks.1.ln1.weight,8e50a375541f1046f8939daa8d1574a488708d072829f1a0c31054a3fbc222de
44,blocks.1.ln2.bias,5f70bf18a086007016e948b04aed3b82103a36bea41755b6cddfaf10ace3c6ef
44,blocks.1.ln2.weight,8e50a375541f1046f8939daa8d1574a488708d072829f1a0c31054a3fbc222de
44,blocks.1.mlp.0.bias,ad7facb2586fc6e966c004d7d1d16b024f5805ff7cb47c7a85dabd8b48892ca7
44,blocks.1.mlp.0.weight,366fac93cc71de9e645f8cb8fc8181bc33586b833b908799f130b33a93990f4f
44,blocks.1.mlp.2.bias,5f70bf18a086007016e948b04aed3b82103a36bea41755b6cddfaf10ace3c6ef
44,blocks.1.mlp.2.weight,ff758e80909db8743e2759ec8e6b1337c4896f55a59c2809585c2c9d677ccb33
44,buffer:bias,a1601c9c0fd2f2a8204df6eca1df99d4c0eac9773926dd1499e6d62ecd82dd52
44,lm_head.bias,5dbfd0124755ca040ec94e42eb7f52fcea148f385be350bfc59cedb74e89013a
44,lm_head.weight,f3d8b673d875216be9c98220ea852e40953bff90d73939610064e0ffe8e967b4
44,ln_f.bias,5f70bf18a086007016e948b04aed3b82103a36bea41755b6cddfaf10ace3c6ef
44,ln_f.weight,8e50a375541f1046f8939daa8d1574a488708d072829f1a0c31054a3fbc222de
44,pos_emb,fa43239bcee7b97ca62f007cc68487560a39e19f74f3dde7486db3f98df8e471
44,token_emb.weight,9f079128c120b38525767c7127aaae369f4a243ea4b4a0cf5a25eb78270b2501
45,blocks.0.attn.k_proj.bias,5f70bf18a086007016e948b04aed3b82103a36bea41755b6cddfaf10ace3c6ef
45,blocks.0.attn.k_proj.weight,aa3b2f583e33d0964308bd66326a605c781ab2abd5f8ea0730a978320552d60b
45,blocks.0.attn.out_proj.bias,5f70bf18a086007016e948b04aed3b82103a36bea41755b6cddfaf10ace3c6ef
45,blocks.0.attn.out_proj.weight,a7b9f39019d11772b86f80311b476534211b9f4d8d1f2016d78669df5347809f
45,blocks.0.attn.q_proj.bias,5f70bf18a086007016e948b04aed3b82103a36bea41755b6cddfaf10ace3c6ef
45,blocks.0.attn.q_proj.weight,d5ee9aa871fa773d311f5bf70ec74a949578e643e870e6eb0176892c0af2c363
45,blocks.0.attn.v_proj.bias,5f70bf18a086007016e948b04aed3b82103a36bea41755b6cddfaf10ace3c6ef
45,blocks.0.attn.v_proj.weight,a3d35f682d7c6055837e514b989ec5a2c925b7066d57476606aa0a3b197b703c
45,blocks.0.ln1.bias,5f70bf18a086007016e948b04aed3b82103a36bea41755b6cddfaf10ace3c6ef
45,blocks.0.ln1.weight,8e50a375541f1046f8939daa8d1574a488708d072829f1a0c31054a3fbc222de
45,blocks.0.ln2.bias,5f70bf18a086007016e948b04aed3b82103a36bea41755b6cddfaf10ace3c6ef
45,blocks.0.ln2.weight,8e50a375541f1046f8939daa8d1574a488708d072829f1a0c31054a3fbc222de
45,blocks.0.mlp.0.bias,ad7facb2586fc6e966c004d7d1d16b024f5805ff7cb47c7a85dabd8b48892ca7
45,blocks.0.mlp.0.weight,70d4c6ea1f6cf412d1db8b98b015e549eb879e259e2a9fe0d364202fa816168d
45,blocks.0.mlp.2.bias,5f70bf18a086007016e948b04aed3b82103a36bea41755b6cddfaf10ace3c6ef
45,blocks.0.mlp.2.weight,8932b7d10d1aa896f7cf6247324fadbfbc071009be4f2c39b9c3a43679e3cef1
45,blocks.1.attn.k_proj.bias,5f70bf18a086007016e948b04aed3b82103a36bea41755b6cddfaf10ace3c6ef
45,blocks.1.attn.k_proj.weight,a7e41e17219ca538152b5d55723e7728ab24fe73fe07cae8b15234d46fd76d4a
45,blocks.1.attn.out_proj.bias,5f70bf18a086007016e948b04aed3b82103a36bea41755b6cddfaf10ace3c6ef
45,blocks.1.attn.out_proj.weight,90769ad95342dd3156284870962b2e801cd0a931bf2337e881065de645a67cce
45,blocks.1.attn.q_proj.bias,5f70bf18a086007016e948b04aed3b82103a36bea41755b6cddfaf10ace3c6ef
45,blocks.1.attn.q_proj.weight,843ab269b9a5fe13a82f8f818876a57861089c64ed40099d258948061d0d992f
45,blocks.1.attn.v_proj.bias,5f70bf18a086007016e948b04aed3b82103a36bea41755b6cddfaf10ace3c6ef
45,blocks.1.attn.v_proj.weight,c25a0facc79672e0800dd6d0f6a61aff93ccdd344157bc0e90f08d7214cb1de9
45,blocks.1.ln1.bias,5f70bf18a086007016e948b04aed3b82103a36bea41755b6cddfaf10ace3c6ef
45,blocks.1.ln1.weight,8e50a375541f1046f8939daa8d1574a488708d072829f1a0c31054a3fbc222de
45,blocks.1.ln2.bias,5f70bf18a086007016e948b04aed3b82103a36bea41755b6cddfaf10ace3c6ef
45,blocks.1.ln2.weight,8e50a375541f1046f8939daa8d1574a488708d072829f1a0c31054a3fbc222de
45,blocks.1.mlp.0.bias,ad7facb2586fc6e966c004d7d1d16b024f5805ff7cb47c7a85dabd8b48892ca7
45,blocks.1.mlp.0.weight,18892595b13dd2b9b4966105660365b4c8324ffd9a1e46a5acf973b3eab7fefb
45,blocks.1.mlp.2.bias,5f70bf18a086007016e948b04aed3b82103a36bea41755b6cddfaf10ace3c6ef
45,blocks.1.mlp.2.weight,20a4466e988328c5a357c9ff7678c7ebb87910bba57db2cadf40a0c6b6d545cd
45,buffer:bias,a1601c9c0fd2f2a8204df6eca1df99d4c0eac9773926dd1499e6d62ecd82dd52
45,lm_head.bias,5dbfd0124755ca040ec94e42eb7f52fcea148f385be350bfc59cedb74e89013a
45,lm_head.weight,c11a04e4db0bb09601c4041fcd20a36d3a146a5e553691bc1da21e95e4398b54
45,ln_f.bias,5f70bf18a086007016e948b04aed3b82103a36bea41755b6cddfaf10ace3c6ef
45,ln_f.weight,8e50a375541f1046f8939daa8d1574a488708d072829f1a0c31054a3fbc222de
45,pos_emb,fa43239bcee7b97ca62f007cc68487560a39e19f74f3dde7486db3f98df8e471
45,token_emb.weight,b6f677841ac83b109ab15f89b2077055e4d48a671847e88a4466f0835907a5e8
46,blocks.0.attn.k_proj.bias,5f70bf18a086007016e948b04aed3b82103a36bea41755b6cddfaf10ace3c6ef
46,blocks.0.attn.k_proj.weight,dc4979c32984e7c254dedd90f14da31cea40291788c6112d503422b6d801f9dd
46,blocks.0.attn.out_proj.bias,5f70bf18a086007016e948b04aed3b82103a36bea41755b6cddfaf10ace3c6ef
46,blocks.0.attn.out_proj.weight,33c3d64a025e6d8a4462698bb908514b019fdda5dffd28ac25245d2000a790bc
46,blocks.0.attn.q_proj.bias,5f70bf18a086007016e948b04aed3b82103a36bea41755b6cddfaf10ace3c6ef
46,blocks.0.attn.q_proj.weight,9aaaa2220fdd41a8fac9d31245a854ee857a71dfd11903e88611f6f330b693d6
46,blocks.0.attn.v_proj.bias,5f70bf18a086007016e948b04aed3b82103a36bea41755b6cddfaf10ace3c6ef
46,blocks.0.attn.v_proj.weight,3bb7b708fda63f5dda957b571db6b504c7d80645701f6f6a579bd311ca17cd3c
46,blocks.0.ln1.bias,5f70bf18a086007016e948b04aed3b82103a36bea41755b6cddfaf10ace3c6ef
46,blocks.0.ln1.weight,8e50a375541f1046f8939daa8d1574a488708d072829f1a0c31054a3fbc222de
46,blocks.0.ln2.bias,5f70bf18a086007016e948b04aed3b82103a36bea41755b6cddfaf10ace3c6ef
46,blocks.0.ln2.weight,8e50a375541f1046f8939daa8d1574a488708d072829f1a0c31054a3fbc222de
46,blocks.0.mlp.0.bias,ad7facb2586fc6e966c004d7d1d16b024f5805ff7cb47c7a85dabd8b48892ca7
46,blocks.0.mlp.0.weight,f93aefdd89e9c5c7a28108a4fedf50e09f6e3d35a8bbe140493d2db40f86413f
46,blocks.0.mlp.2.bias,5f70bf18a086007016e948b04aed3b82103a36bea41755b6cddfaf10ace3c6ef
46,blocks.0.mlp.2.weight,4a4dd0ad8f10a294b77375b30e920be2d47eb69e1dc17af86e886a759ae87107
46,blocks.1.attn.k_proj.bias,5f70bf18a086007016e948b04aed3b82103a36bea41755b6cddfaf10ace3c6ef
46,blocks.1.attn.k_proj.weight,3b1310c2e1f8ec66ce04d154eb8348e84f29a5dfb029a58f08214594104373b0
46,blocks.1.attn.out_proj.bias,5f70bf18a086007016e948b04aed3b82103a36bea41755b6cddfaf10ace3c6ef
46,blocks.1.attn.out_proj.weight,80ed8f3d5c784d6f7871f933673d0ded3e04313e437b90863a11cb6af2bfadef
46,blocks.1.attn.q_proj.bias,5f70bf18a086007016e948b04aed3b82103a36bea41755b6cddfaf10ace3c6ef
46,blocks.1.attn.q_proj.weight,b773ea0d897278b7fc6f355b282cbf0c74a82efad843b248941a236dc1b23f70
46,blocks.1.attn.v_proj.bias,5f70bf18a086007016e948b04aed3b82103a36bea41755b6cddfaf10ace3c6ef
46,blocks.1.attn.v_proj.weight,e7c97233453fa4bf88b662127d80ab8e381c9c8431461ec53c5e9a1039279645
46,blocks.1.ln1.bias,5f70bf18a086007016e948b04aed3b82103a36bea41755b6cddfaf10ace3c6ef
46,blocks.1.ln1.weight,8e50a375541f1046f8939daa8d1574a488708d072829f1a0c31054a3fbc222de
46,blocks.1.ln2.bias,5f70bf18a086007016e948b04aed3b82103a36bea41755b6cddfaf10ace3c6ef
46,blocks.1.ln2.weight,8e50a375541f1046f8939daa8d1574a488708d072829f1a0c31054a3fbc222de
46,blocks.1.mlp.0.bias,ad7facb2586fc6e966c004d7d1d16b024f5805ff7cb47c7a85dabd8b48892ca7
46,blocks.1.mlp.0.weight,93e9eba9752dc8e6daa06a69645b976ead5b92243cb2f143399ad8a50e320af9
46,blocks.1.mlp.2.bias,5f70bf18a086007016e948b04aed3b82103a36bea41755b6cddfaf10ace3c6ef
46,blocks.1.mlp.2.weight,cb238a7c1df309e59e1aa1107f3805ec2d0d0834183bf4d3a0a13afd1749ad77
46,buffer:bias,a1601c9c0fd2f2a8204df6eca1df99d4c0eac9773926dd1499e6d62ecd82dd52
46,lm_head.bias,5dbfd0124755ca040ec94e42eb7f52fcea148f385be350bfc59cedb74e89013a
46,lm_head.weight,e4c0c2268cddc1a629d078c39f4958a258dc9e677621ffb67765761c2b26457a
46,ln_f.bias,5f70bf18a086007016e948b04aed3b82103a36bea41755b6cddfaf10ace3c6ef
46,ln_f.weight,8e50a375541f1046f8939daa8d1574a488708d072829f1a0c31054a3fbc222de
46,pos_emb,fa43239bcee7b97ca62f007cc68487560a39e19f74f3dde7486db3f98df8e471
46,token_emb.weight,49dbdfdf9409a37aebce77a3e6cca24408c1d8ee4094b1470393206b59102ecf
