dose,seed,name,sha256
D_below,52,blocks.0.attn.k_proj.weight,4648d1915b7e76a8ede64fe6b2fc5bcc56ed809a5caf309490c7b785557ba778
D_below,52,blocks.0.attn.out_proj.weight,26bf87af0172c31a5540e7a7bd407ca11936f8646ab400752b873ebb22a1e03a
D_below,52,blocks.0.attn.q_proj.weight,606569d47eca365e33d613bde18a56e7d3f7a4319883d3167cfe3c9cae487f34
D_below,52,blocks.0.attn.v_proj.weight,934bd2af98355bbc893f556d997e713f97a58b93d6167c788855cd9878ada913
D_below,52,blocks.1.attn.k_proj.weight,5d80ecc7b5773055674e50ce85295d6abb170d751bc220a25505751f0fcd37cb
D_below,52,blocks.1.attn.out_proj.weight,3ba69c5d9193ba54eefca25f5979b7c65b5f888eb9fda7b205f2794855727183
D_below,52,blocks.1.attn.q_proj.weight,aaafb4c02b78f9fa0814ef7cc821583eb7b8641cd6e045199d874267b64c420e
D_below,52,blocks.1.attn.v_proj.weight,1d29bcbb997f928373107084faf67997fbb7b7ed515532ce1f256914b21fbbc1
D_xavier,52,blocks.0.attn.k_proj.weight,4648d1915b7e76a8ede64fe6b2fc5bcc56ed809a5caf309490c7b785557ba778
D_xavier,52,blocks.0.attn.out_proj.weight,26bf87af0172c31a5540e7a7bd407ca11936f8646ab400752b873ebb22a1e03a
D_xavier,52,blocks.0.attn.q_proj.weight,606569d47eca365e33d613bde18a56e7d3f7a4319883d3167cfe3c9cae487f34
D_xavier,52,blocks.0.attn.v_proj.weight,934bd2af98355bbc893f556d997e713f97a58b93d6167c788855cd9878ada913
D_xavier,52,blocks.1.attn.k_proj.weight,5d80ecc7b5773055674e50ce85295d6abb170d751bc220a25505751f0fcd37cb
D_xavier,52,blocks.1.attn.out_proj.weight,3ba69c5d9193ba54eefca25f5979b7c65b5f888eb9fda7b205f2794855727183
D_xavier,52,blocks.1.attn.q_proj.weight,aaafb4c02b78f9fa0814ef7cc821583eb7b8641cd6e045199d874267b64c420e
D_xavier,52,blocks.1.attn.v_proj.weight,1d29bcbb997f928373107084faf67997fbb7b7ed515532ce1f256914b21fbbc1
D_mid1,52,blocks.0.attn.k_proj.weight,4648d1915b7e76a8ede64fe6b2fc5bcc56ed809a5caf309490c7b785557ba778
D_mid1,52,blocks.0.attn.out_proj.weight,26bf87af0172c31a5540e7a7bd407ca11936f8646ab400752b873ebb22a1e03a
D_mid1,52,blocks.0.attn.q_proj.weight,606569d47eca365e33d613bde18a56e7d3f7a4319883d3167cfe3c9cae487f34
D_mid1,52,blocks.0.attn.v_proj.weight,934bd2af98355bbc893f556d997e713f97a58b93d6167c788855cd9878ada913
D_mid1,52,blocks.1.attn.k_proj.weight,5d80ecc7b5773055674e50ce85295d6abb170d751bc220a25505751f0fcd37cb
D_mid1,52,blocks.1.attn.out_proj.weight,3ba69c5d9193ba54eefca25f5979b7c65b5f888eb9fda7b205f2794855727183
D_mid1,52,blocks.1.attn.q_proj.weight,aaafb4c02b78f9fa0814ef7cc821583eb7b8641cd6e045199d874267b64c420e
D_mid1,52,blocks.1.attn.v_proj.weight,1d29bcbb997f928373107084faf67997fbb7b7ed515532ce1f256914b21fbbc1
D_mid2,52,blocks.0.attn.k_proj.weight,4648d1915b7e76a8ede64fe6b2fc5bcc56ed809a5caf309490c7b785557ba778
D_mid2,52,blocks.0.attn.out_proj.weight,26bf87af0172c31a5540e7a7bd407ca11936f8646ab400752b873ebb22a1e03a
D_mid2,52,blocks.0.attn.q_proj.weight,606569d47eca365e33d613bde18a56e7d3f7a4319883d3167cfe3c9cae487f34
D_mid2,52,blocks.0.attn.v_proj.weight,934bd2af98355bbc893f556d997e713f97a58b93d6167c788855cd9878ada913
D_mid2,52,blocks.1.attn.k_proj.weight,5d80ecc7b5773055674e50ce85295d6abb170d751bc220a25505751f0fcd37cb
D_mid2,52,blocks.1.attn.out_proj.weight,3ba69c5d9193ba54eefca25f5979b7c65b5f888eb9fda7b205f2794855727183
D_mid2,52,blocks.1.attn.q_proj.weight,aaafb4c02b78f9fa0814ef7cc821583eb7b8641cd6e045199d874267b64c420e
D_mid2,52,blocks.1.attn.v_proj.weight,1d29bcbb997f928373107084faf67997fbb7b7ed515532ce1f256914b21fbbc1
D_ctor,52,blocks.0.attn.k_proj.weight,4648d1915b7e76a8ede64fe6b2fc5bcc56ed809a5caf309490c7b785557ba778
D_ctor,52,blocks.0.attn.out_proj.weight,26bf87af0172c31a5540e7a7bd407ca11936f8646ab400752b873ebb22a1e03a
D_ctor,52,blocks.0.attn.q_proj.weight,606569d47eca365e33d613bde18a56e7d3f7a4319883d3167cfe3c9cae487f34
D_ctor,52,blocks.0.attn.v_proj.weight,934bd2af98355bbc893f556d997e713f97a58b93d6167c788855cd9878ada913
D_ctor,52,blocks.1.attn.k_proj.weight,5d80ecc7b5773055674e50ce85295d6abb170d751bc220a25505751f0fcd37cb
D_ctor,52,blocks.1.attn.out_proj.weight,3ba69c5d9193ba54eefca25f5979b7c65b5f888eb9fda7b205f2794855727183
D_ctor,52,blocks.1.attn.q_proj.weight,aaafb4c02b78f9fa0814ef7cc821583eb7b8641cd6e045199d874267b64c420e
D_ctor,52,blocks.1.attn.v_proj.weight,1d29bcbb997f928373107084faf67997fbb7b7ed515532ce1f256914b21fbbc1
D_below,53,blocks.0.attn.k_proj.weight,26bf87af0172c31a5540e7a7bd407ca11936f8646ab400752b873ebb22a1e03a
D_below,53,blocks.0.attn.out_proj.weight,606569d47eca365e33d613bde18a56e7d3f7a4319883d3167cfe3c9cae487f34
D_below,53,blocks.0.attn.q_proj.weight,934bd2af98355bbc893f556d997e713f97a58b93d6167c788855cd9878ada913
D_below,53,blocks.0.attn.v_proj.weight,5d80ecc7b5773055674e50ce85295d6abb170d751bc220a25505751f0fcd37cb
D_below,53,blocks.1.attn.k_proj.weight,3ba69c5d9193ba54eefca25f5979b7c65b5f888eb9fda7b205f2794855727183
D_below,53,blocks.1.attn.out_proj.weight,aaafb4c02b78f9fa0814ef7cc821583eb7b8641cd6e045199d874267b64c420e
D_below,53,blocks.1.attn.q_proj.weight,1d29bcbb997f928373107084faf67997fbb7b7ed515532ce1f256914b21fbbc1
D_below,53,blocks.1.attn.v_proj.weight,f387bcace79f6e96951569430632404350d02999df2c3b91bc13536e07468325
D_xavier,53,blocks.0.attn.k_proj.weight,26bf87af0172c31a5540e7a7bd407ca11936f8646ab400752b873ebb22a1e03a
D_xavier,53,blocks.0.attn.out_proj.weight,606569d47eca365e33d613bde18a56e7d3f7a4319883d3167cfe3c9cae487f34
D_xavier,53,blocks.0.attn.q_proj.weight,934bd2af98355bbc893f556d997e713f97a58b93d6167c788855cd9878ada913
D_xavier,53,blocks.0.attn.v_proj.weight,5d80ecc7b5773055674e50ce85295d6abb170d751bc220a25505751f0fcd37cb
D_xavier,53,blocks.1.attn.k_proj.weight,3ba69c5d9193ba54eefca25f5979b7c65b5f888eb9fda7b205f2794855727183
D_xavier,53,blocks.1.attn.out_proj.weight,aaafb4c02b78f9fa0814ef7cc821583eb7b8641cd6e045199d874267b64c420e
D_xavier,53,blocks.1.attn.q_proj.weight,1d29bcbb997f928373107084faf67997fbb7b7ed515532ce1f256914b21fbbc1
D_xavier,53,blocks.1.attn.v_proj.weight,f387bcace79f6e96951569430632404350d02999df2c3b91bc13536e07468325
D_mid1,53,blocks.0.attn.k_proj.weight,26bf87af0172c31a5540e7a7bd407ca11936f8646ab400752b873ebb22a1e03a
D_mid1,53,blocks.0.attn.out_proj.weight,606569d47eca365e33d613bde18a56e7d3f7a4319883d3167cfe3c9cae487f34
D_mid1,53,blocks.0.attn.q_proj.weight,934bd2af98355bbc893f556d997e713f97a58b93d6167c788855cd9878ada913
D_mid1,53,blocks.0.attn.v_proj.weight,5d80ecc7b5773055674e50ce85295d6abb170d751bc220a25505751f0fcd37cb
D_mid1,53,blocks.1.attn.k_proj.weight,3ba69c5d9193ba54eefca25f5979b7c65b5f888eb9fda7b205f2794855727183
D_mid1,53,blocks.1.attn.out_proj.weight,aaafb4c02b78f9fa0814ef7cc821583eb7b8641cd6e045199d874267b64c420e
D_mid1,53,blocks.1.attn.q_proj.weight,1d29bcbb997f928373107084faf67997fbb7b7ed515532ce1f256914b21fbbc1
D_mid1,53,blocks.1.attn.v_proj.weight,f387bcace79f6e96951569430632404350d02999df2c3b91bc13536e07468325
D_mid2,53,blocks.0.attn.k_proj.weight,26bf87af0172c31a5540e7a7bd407ca11936f8646ab400752b873ebb22a1e03a
D_mid2,53,blocks.0.attn.out_proj.weight,606569d47eca365e33d613bde18a56e7d3f7a4319883d3167cfe3c9cae487f34
D_mid2,53,blocks.0.attn.q_proj.weight,934bd2af98355bbc893f556d997e713f97a58b93d6167c788855cd9878ada913
D_mid2,53,blocks.0.attn.v_proj.weight,5d80ecc7b5773055674e50ce85295d6abb170d751bc220a25505751f0fcd37cb
D_mid2,53,blocks.1.attn.k_proj.weight,3ba69c5d9193ba54eefca25f5979b7c65b5f888eb9fda7b205f2794855727183
D_mid2,53,blocks.1.attn.out_proj.weight,aaafb4c02b78f9fa0814ef7cc821583eb7b8641cd6e045199d874267b64c420e
D_mid2,53,blocks.1.attn.q_proj.weight,1d29bcbb997f928373107084faf67997fbb7b7ed515532ce1f256914b21fbbc1
D_mid2,53,blocks.1.attn.v_proj.weight,f387bcace79f6e96951569430632404350d02999df2c3b91bc13536e07468325
D_ctor,53,blocks.0.attn.k_proj.weight,26bf87af0172c31a5540e7a7bd407ca11936f8646ab400752b873ebb22a1e03a
D_ctor,53,blocks.0.attn.out_proj.weight,606569d47eca365e33d613bde18a56e7d3f7a4319883d3167cfe3c9cae487f34
D_ctor,53,blocks.0.attn.q_proj.weight,934bd2af98355bbc893f556d997e713f97a58b93d6167c788855cd9878ada913
D_ctor,53,blocks.0.attn.v_proj.weight,5d80ecc7b5773055674e50ce85295d6abb170d751bc220a25505751f0fcd37cb
D_ctor,53,blocks.1.attn.k_proj.weight,3ba69c5d9193ba54eefca25f5979b7c65b5f888eb9fda7b205f2794855727183
D_ctor,53,blocks.1.attn.out_proj.weight,aaafb4c02b78f9fa0814ef7cc821583eb7b8641cd6e045199d874267b64c420e
D_ctor,53,blocks.1.attn.q_proj.weight,1d29bcbb997f928373107084faf67997fbb7b7ed515532ce1f256914b21fbbc1
D_ctor,53,blocks.1.attn.v_proj.weight,f387bcace79f6e96951569430632404350d02999df2c3b91bc13536e07468325
D_below,54,blocks.0.attn.k_proj.weight,606569d47eca365e33d613bde18a56e7d3f7a4319883d3167cfe3c9cae487f34
D_below,54,blocks.0.attn.out_proj.weight,934bd2af98355bbc893f556d997e713f97a58b93d6167c788855cd9878ada913
D_below,54,blocks.0.attn.q_proj.weight,5d80ecc7b5773055674e50ce85295d6abb170d751bc220a25505751f0fcd37cb
D_below,54,blocks.0.attn.v_proj.weight,3ba69c5d9193ba54eefca25f5979b7c65b5f888eb9fda7b205f2794855727183
D_below,54,blocks.1.attn.k_proj.weight,aaafb4c02b78f9fa0814ef7cc821583eb7b8641cd6e045199d874267b64c420e
D_below,54,blocks.1.attn.out_proj.weight,1d29bcbb997f928373107084faf67997fbb7b7ed515532ce1f256914b21fbbc1
D_below,54,blocks.1.attn.q_proj.weight,f387bcace79f6e96951569430632404350d02999df2c3b91bc13536e07468325
D_below,54,blocks.1.attn.v_proj.weight,63a5cb0ef97e239c6eca595f95f75cc42c5f19d198ed26d222db628bf0d35a21
D_xavier,54,blocks.0.attn.k_proj.weight,606569d47eca365e33d613bde18a56e7d3f7a4319883d3167cfe3c9cae487f34
D_xavier,54,blocks.0.attn.out_proj.weight,934bd2af98355bbc893f556d997e713f97a58b93d6167c788855cd9878ada913
D_xavier,54,blocks.0.attn.q_proj.weight,5d80ecc7b5773055674e50ce85295d6abb170d751bc220a25505751f0fcd37cb
D_xavier,54,blocks.0.attn.v_proj.weight,3ba69c5d9193ba54eefca25f5979b7c65b5f888eb9fda7b205f2794855727183
D_xavier,54,blocks.1.attn.k_proj.weight,aaafb4c02b78f9fa0814ef7cc821583eb7b8641cd6e045199d874267b64c420e
D_xavier,54,blocks.1.attn.out_proj.weight,1d29bcbb997f928373107084faf67997fbb7b7ed515532ce1f256914b21fbbc1
D_xavier,54,blocks.1.attn.q_proj.weight,f387bcace79f6e96951569430632404350d02999df2c3b91bc13536e07468325
D_xavier,54,blocks.1.attn.v_proj.weight,63a5cb0ef97e239c6eca595f95f75cc42c5f19d198ed26d222db628bf0d35a21
D_mid1,54,blocks.0.attn.k_proj.weight,606569d47eca365e33d613bde18a56e7d3f7a4319883d3167cfe3c9cae487f34
D_mid1,54,blocks.0.attn.out_proj.weight,934bd2af98355bbc893f556d997e713f97a58b93d6167c788855cd9878ada913
D_mid1,54,blocks.0.attn.q_proj.weight,5d80ecc7b5773055674e50ce85295d6abb170d751bc220a25505751f0fcd37cb
D_mid1,54,blocks.0.attn.v_proj.weight,3ba69c5d9193ba54eefca25f5979b7c65b5f888eb9fda7b205f2794855727183
D_mid1,54,blocks.1.attn.k_proj.weight,aaafb4c02b78f9fa0814ef7cc821583eb7b8641cd6e045199d874267b64c420e
D_mid1,54,blocks.1.attn.out_proj.weight,1d29bcbb997f928373107084faf67997fbb7b7ed515532ce1f256914b21fbbc1
D_mid1,54,blocks.1.attn.q_proj.weight,f387bcace79f6e96951569430632404350d02999df2c3b91bc13536e07468325
D_mid1,54,blocks.1.attn.v_proj.weight,63a5cb0ef97e239c6eca595f95f75cc42c5f19d198ed26d222db628bf0d35a21
D_mid2,54,blocks.0.attn.k_proj.weight,606569d47eca365e33d613bde18a56e7d3f7a4319883d3167cfe3c9cae487f34
D_mid2,54,blocks.0.attn.out_proj.weight,934bd2af98355bbc893f556d997e713f97a58b93d6167c788855cd9878ada913
D_mid2,54,blocks.0.attn.q_proj.weight,5d80ecc7b5773055674e50ce85295d6abb170d751bc220a25505751f0fcd37cb
D_mid2,54,blocks.0.attn.v_proj.weight,3ba69c5d9193ba54eefca25f5979b7c65b5f888eb9fda7b205f2794855727183
D_mid2,54,blocks.1.attn.k_proj.weight,aaafb4c02b78f9fa0814ef7cc821583eb7b8641cd6e045199d874267b64c420e
D_mid2,54,blocks.1.attn.out_proj.weight,1d29bcbb997f928373107084faf67997fbb7b7ed515532ce1f256914b21fbbc1
D_mid2,54,blocks.1.attn.q_proj.weight,f387bcace79f6e96951569430632404350d02999df2c3b91bc13536e07468325
D_mid2,54,blocks.1.attn.v_proj.weight,63a5cb0ef97e239c6eca595f95f75cc42c5f19d198ed26d222db628bf0d35a21
D_ctor,54,blocks.0.attn.k_proj.weight,606569d47eca365e33d613bde18a56e7d3f7a4319883d3167cfe3c9cae487f34
D_ctor,54,blocks.0.attn.out_proj.weight,934bd2af98355bbc893f556d997e713f97a58b93d6167c788855cd9878ada913
D_ctor,54,blocks.0.attn.q_proj.weight,5d80ecc7b5773055674e50ce85295d6abb170d751bc220a25505751f0fcd37cb
D_ctor,54,blocks.0.attn.v_proj.weight,3ba69c5d9193ba54eefca25f5979b7c65b5f888eb9fda7b205f2794855727183
D_ctor,54,blocks.1.attn.k_proj.weight,aaafb4c02b78f9fa0814ef7cc821583eb7b8641cd6e045199d874267b64c420e
D_ctor,54,blocks.1.attn.out_proj.weight,1d29bcbb997f928373107084faf67997fbb7b7ed515532ce1f256914b21fbbc1
D_ctor,54,blocks.1.attn.q_proj.weight,f387bcace79f6e96951569430632404350d02999df2c3b91bc13536e07468325
D_ctor,54,blocks.1.attn.v_proj.weight,63a5cb0ef97e239c6eca595f95f75cc42c5f19d198ed26d222db628bf0d35a21
D_below,55,blocks.0.attn.k_proj.weight,934bd2af98355bbc893f556d997e713f97a58b93d6167c788855cd9878ada913
D_below,55,blocks.0.attn.out_proj.weight,5d80ecc7b5773055674e50ce85295d6abb170d751bc220a25505751f0fcd37cb
D_below,55,blocks.0.attn.q_proj.weight,3ba69c5d9193ba54eefca25f5979b7c65b5f888eb9fda7b205f2794855727183
D_below,55,blocks.0.attn.v_proj.weight,aaafb4c02b78f9fa0814ef7cc821583eb7b8641cd6e045199d874267b64c420e
D_below,55,blocks.1.attn.k_proj.weight,1d29bcbb997f928373107084faf67997fbb7b7ed515532ce1f256914b21fbbc1
D_below,55,blocks.1.attn.out_proj.weight,f387bcace79f6e96951569430632404350d02999df2c3b91bc13536e07468325
D_below,55,blocks.1.attn.q_proj.weight,63a5cb0ef97e239c6eca595f95f75cc42c5f19d198ed26d222db628bf0d35a21
D_below,55,blocks.1.attn.v_proj.weight,2adc57839e0839e64e3b83d1f6ddda8ad861097276024105c63d5c1fd1b5dc4f
D_xavier,55,blocks.0.attn.k_proj.weight,934bd2af98355bbc893f556d997e713f97a58b93d6167c788855cd9878ada913
D_xavier,55,blocks.0.attn.out_proj.weight,5d80ecc7b5773055674e50ce85295d6abb170d751bc220a25505751f0fcd37cb
D_xavier,55,blocks.0.attn.q_proj.weight,3ba69c5d9193ba54eefca25f5979b7c65b5f888eb9fda7b205f2794855727183
D_xavier,55,blocks.0.attn.v_proj.weight,aaafb4c02b78f9fa0814ef7cc821583eb7b8641cd6e045199d874267b64c420e
D_xavier,55,blocks.1.attn.k_proj.weight,1d29bcbb997f928373107084faf67997fbb7b7ed515532ce1f256914b21fbbc1
D_xavier,55,blocks.1.attn.out_proj.weight,f387bcace79f6e96951569430632404350d02999df2c3b91bc13536e07468325
D_xavier,55,blocks.1.attn.q_proj.weight,63a5cb0ef97e239c6eca595f95f75cc42c5f19d198ed26d222db628bf0d35a21
D_xavier,55,blocks.1.attn.v_proj.weight,2adc57839e0839e64e3b83d1f6ddda8ad861097276024105c63d5c1fd1b5dc4f
D_mid1,55,blocks.0.attn.k_proj.weight,934bd2af98355bbc893f556d997e713f97a58b93d6167c788855cd9878ada913
D_mid1,55,blocks.0.attn.out_proj.weight,5d80ecc7b5773055674e50ce85295d6abb170d751bc220a25505751f0fcd37cb
D_mid1,55,blocks.0.attn.q_proj.weight,3ba69c5d9193ba54eefca25f5979b7c65b5f888eb9fda7b205f2794855727183
D_mid1,55,blocks.0.attn.v_proj.weight,aaafb4c02b78f9fa0814ef7cc821583eb7b8641cd6e045199d874267b64c420e
D_mid1,55,blocks.1.attn.k_proj.weight,1d29bcbb997f928373107084faf67997fbb7b7ed515532ce1f256914b21fbbc1
D_mid1,55,blocks.1.attn.out_proj.weight,f387bcace79f6e96951569430632404350d02999df2c3b91bc13536e07468325
D_mid1,55,blocks.1.attn.q_proj.weight,63a5cb0ef97e239c6eca595f95f75cc42c5f19d198ed26d222db628bf0d35a21
D_mid1,55,blocks.1.attn.v_proj.weight,2adc57839e0839e64e3b83d1f6ddda8ad861097276024105c63d5c1fd1b5dc4f
D_mid2,55,blocks.0.attn.k_proj.weight,934bd2af98355bbc893f556d997e713f97a58b93d6167c788855cd9878ada913
D_mid2,55,blocks.0.attn.out_proj.weight,5d80ecc7b5773055674e50ce85295d6abb170d751bc220a25505751f0fcd37cb
D_mid2,55,blocks.0.attn.q_proj.weight,3ba69c5d9193ba54eefca25f5979b7c65b5f888eb9fda7b205f2794855727183
D_mid2,55,blocks.0.attn.v_proj.weight,aaafb4c02b78f9fa0814ef7cc821583eb7b8641cd6e045199d874267b64c420e
D_mid2,55,blocks.1.attn.k_proj.weight,1d29bcbb997f928373107084faf67997fbb7b7ed515532ce1f256914b21fbbc1
D_mid2,55,blocks.1.attn.out_proj.weight,f387bcace79f6e96951569430632404350d02999df2c3b91bc13536e07468325
D_mid2,55,blocks.1.attn.q_proj.weight,63a5cb0ef97e239c6eca595f95f75cc42c5f19d198ed26d222db628bf0d35a21
D_mid2,55,blocks.1.attn.v_proj.weight,2adc57839e0839e64e3b83d1f6ddda8ad861097276024105c63d5c1fd1b5dc4f
D_ctor,55,blocks.0.attn.k_proj.weight,934bd2af98355bbc893f556d997e713f97a58b93d6167c788855cd9878ada913
D_ctor,55,blocks.0.attn.out_proj.weight,5d80ecc7b5773055674e50ce85295d6abb170d751bc220a25505751f0fcd37cb
D_ctor,55,blocks.0.attn.q_proj.weight,3ba69c5d9193ba54eefca25f5979b7c65b5f888eb9fda7b205f2794855727183
D_ctor,55,blocks.0.attn.v_proj.weight,aaafb4c02b78f9fa0814ef7cc821583eb7b8641cd6e045199d874267b64c420e
D_ctor,55,blocks.1.attn.k_proj.weight,1d29bcbb997f928373107084faf67997fbb7b7ed515532ce1f256914b21fbbc1
D_ctor,55,blocks.1.attn.out_proj.weight,f387bcace79f6e96951569430632404350d02999df2c3b91bc13536e07468325
D_ctor,55,blocks.1.attn.q_proj.weight,63a5cb0ef97e239c6eca595f95f75cc42c5f19d198ed26d222db628bf0d35a21
D_ctor,55,blocks.1.attn.v_proj.weight,2adc57839e0839e64e3b83d1f6ddda8ad861097276024105c63d5c1fd1b5dc4f
D_below,56,blocks.0.attn.k_proj.weight,5d80ecc7b5773055674e50ce85295d6abb170d751bc220a25505751f0fcd37cb
D_below,56,blocks.0.attn.out_proj.weight,3ba69c5d9193ba54eefca25f5979b7c65b5f888eb9fda7b205f2794855727183
D_below,56,blocks.0.attn.q_proj.weight,aaafb4c02b78f9fa0814ef7cc821583eb7b8641cd6e045199d874267b64c420e
D_below,56,blocks.0.attn.v_proj.weight,1d29bcbb997f928373107084faf67997fbb7b7ed515532ce1f256914b21fbbc1
D_below,56,blocks.1.attn.k_proj.weight,f387bcace79f6e96951569430632404350d02999df2c3b91bc13536e07468325
D_below,56,blocks.1.attn.out_proj.weight,63a5cb0ef97e239c6eca595f95f75cc42c5f19d198ed26d222db628bf0d35a21
D_below,56,blocks.1.attn.q_proj.weight,2adc57839e0839e64e3b83d1f6ddda8ad861097276024105c63d5c1fd1b5dc4f
D_below,56,blocks.1.attn.v_proj.weight,f98ad5ab7136cacfd3c51cb1497627ffe61e4509f0267c69272fec403ca30db7
D_xavier,56,blocks.0.attn.k_proj.weight,5d80ecc7b5773055674e50ce85295d6abb170d751bc220a25505751f0fcd37cb
D_xavier,56,blocks.0.attn.out_proj.weight,3ba69c5d9193ba54eefca25f5979b7c65b5f888eb9fda7b205f2794855727183
D_xavier,56,blocks.0.attn.q_proj.weight,aaafb4c02b78f9fa0814ef7cc821583eb7b8641cd6e045199d874267b64c420e
D_xavier,56,blocks.0.attn.v_proj.weight,1d29bcbb997f928373107084faf67997fbb7b7ed515532ce1f256914b21fbbc1
D_xavier,56,blocks.1.attn.k_proj.weight,f387bcace79f6e96951569430632404350d02999df2c3b91bc13536e07468325
D_xavier,56,blocks.1.attn.out_proj.weight,63a5cb0ef97e239c6eca595f95f75cc42c5f19d198ed26d222db628bf0d35a21
D_xavier,56,blocks.1.attn.q_proj.weight,2adc57839e0839e64e3b83d1f6ddda8ad861097276024105c63d5c1fd1b5dc4f
D_xavier,56,blocks.1.attn.v_proj.weight,f98ad5ab7136cacfd3c51cb1497627ffe61e4509f0267c69272fec403ca30db7
D_mid1,56,blocks.0.attn.k_proj.weight,5d80ecc7b5773055674e50ce85295d6abb170d751bc220a25505751f0fcd37cb
D_mid1,56,blocks.0.attn.out_proj.weight,3ba69c5d9193ba54eefca25f5979b7c65b5f888eb9fda7b205f2794855727183
D_mid1,56,blocks.0.attn.q_proj.weight,aaafb4c02b78f9fa0814ef7cc821583eb7b8641cd6e045199d874267b64c420e
D_mid1,56,blocks.0.attn.v_proj.weight,1d29bcbb997f928373107084faf67997fbb7b7ed515532ce1f256914b21fbbc1
D_mid1,56,blocks.1.attn.k_proj.weight,f387bcace79f6e96951569430632404350d02999df2c3b91bc13536e07468325
D_mid1,56,blocks.1.attn.out_proj.weight,63a5cb0ef97e239c6eca595f95f75cc42c5f19d198ed26d222db628bf0d35a21
D_mid1,56,blocks.1.attn.q_proj.weight,2adc57839e0839e64e3b83d1f6ddda8ad861097276024105c63d5c1fd1b5dc4f
D_mid1,56,blocks.1.attn.v_proj.weight,f98ad5ab7136cacfd3c51cb1497627ffe61e4509f0267c69272fec403ca30db7
D_mid2,56,blocks.0.attn.k_proj.weight,5d80ecc7b5773055674e50ce85295d6abb170d751bc220a25505751f0fcd37cb
D_mid2,56,blocks.0.attn.out_proj.weight,3ba69c5d9193ba54eefca25f5979b7c65b5f888eb9fda7b205f2794855727183
D_mid2,56,blocks.0.attn.q_proj.weight,aaafb4c02b78f9fa0814ef7cc821583eb7b8641cd6e045199d874267b64c420e
D_mid2,56,blocks.0.attn.v_proj.weight,1d29bcbb997f928373107084faf67997fbb7b7ed515532ce1f256914b21fbbc1
D_mid2,56,blocks.1.attn.k_proj.weight,f387bcace79f6e96951569430632404350d02999df2c3b91bc13536e07468325
D_mid2,56,blocks.1.attn.out_proj.weight,63a5cb0ef97e239c6eca595f95f75cc42c5f19d198ed26d222db628bf0d35a21
D_mid2,56,blocks.1.attn.q_proj.weight,2adc57839e0839e64e3b83d1f6ddda8ad861097276024105c63d5c1fd1b5dc4f
D_mid2,56,blocks.1.attn.v_proj.weight,f98ad5ab7136cacfd3c51cb1497627ffe61e4509f0267c69272fec403ca30db7
D_ctor,56,blocks.0.attn.k_proj.weight,5d80ecc7b5773055674e50ce85295d6abb170d751bc220a25505751f0fcd37cb
D_ctor,56,blocks.0.attn.out_proj.weight,3ba69c5d9193ba54eefca25f5979b7c65b5f888eb9fda7b205f2794855727183
D_ctor,56,blocks.0.attn.q_proj.weight,aaafb4c02b78f9fa0814ef7cc821583eb7b8641cd6e045199d874267b64c420e
D_ctor,56,blocks.0.attn.v_proj.weight,1d29bcbb997f928373107084faf67997fbb7b7ed515532ce1f256914b21fbbc1
D_ctor,56,blocks.1.attn.k_proj.weight,f387bcace79f6e96951569430632404350d02999df2c3b91bc13536e07468325
D_ctor,56,blocks.1.attn.out_proj.weight,63a5cb0ef97e239c6eca595f95f75cc42c5f19d198ed26d222db628bf0d35a21
D_ctor,56,blocks.1.attn.q_proj.weight,2adc57839e0839e64e3b83d1f6ddda8ad861097276024105c63d5c1fd1b5dc4f
D_ctor,56,blocks.1.attn.v_proj.weight,f98ad5ab7136cacfd3c51cb1497627ffe61e4509f0267c69272fec403ca30db7
