seed,dose,val_loss_epoch1,val_loss_epoch3,AUC_val_loss_epochs1_to5,best_epoch,late_degradation_log,final_val_ppl_over_best_val_ppl
52,D_below,6.145729,5.529252,22.49653,4,1.231676,3.426967
52,D_xavier,6.152638,5.514722,22.449488,5,1.260448,3.527
52,D_mid1,6.244419,5.625286,22.829389,5,1.076627,2.934763
52,D_mid2,6.380332,5.792701,23.416493,7,0.417499,1.51816
52,D_ctor,6.40394,5.932932,23.940425,7,0.177495,1.194223
53,D_below,6.145533,5.511584,22.443752,4,1.226321,3.408668
53,D_xavier,6.151109,5.527508,22.494507,4,1.258093,3.518704
53,D_mid1,6.263864,5.627198,22.867626,5,1.077539,2.937441
53,D_mid2,6.397541,5.786552,23.445694,7,0.430927,1.538684
53,D_ctor,6.418643,5.924158,23.940474,7,0.159112,1.172469
54,D_below,6.125087,5.503043,22.404714,5,1.22722,3.411733
54,D_xavier,6.127511,5.513782,22.447047,5,1.264459,3.541175
54,D_mid1,6.257201,5.627212,22.852679,5,1.105008,3.019247
54,D_mid2,6.400834,5.807815,23.507858,7,0.426906,1.532508
54,D_ctor,6.416296,5.924153,23.936952,7,0.166615,1.1813
55,D_below,6.122514,5.504518,22.399733,5,1.267108,3.550568
55,D_xavier,6.155814,5.515974,22.463694,5,1.299377,3.66701
55,D_mid1,6.284261,5.624737,22.854094,5,1.077263,2.936632
55,D_mid2,6.415756,5.799549,23.46708,7,0.435436,1.545638
55,D_ctor,6.415376,5.919436,23.923482,8,0.174848,1.191065
56,D_below,6.117576,5.497774,22.385586,5,1.312658,3.716038
56,D_xavier,6.150381,5.519722,22.465309,4,1.30715,3.695627
56,D_mid1,6.281357,5.631649,22.885576,5,1.159964,3.189818
56,D_mid2,6.393962,5.78018,23.416104,7,0.449092,1.566889
56,D_ctor,6.419971,5.924337,23.932545,7,0.170125,1.185453
