dose,seed,emb_sha256
D_below,52,52ac190896e2a7249041c4e0a008d9ac32a624ddda971166a622c96a66382713
D_xavier,52,a087e5d96a07ffe4526b707f6ff7393bbbffb64d4be53fb77dd88aa85f658b75
D_mid1,52,9fad1f33cd7ec17b3375c7a60deda863bd06d940bbf9a57e2d8c3e362cc06352
D_mid2,52,bf9f53da2c600cc6cc5edb42aa133bdefc46487e85a1d139ab3fc3e8536956d7
D_ctor,52,b3df50f463789f4154e51b66428bd64831f8eb207262a8fc8ecc29a266a028b6
D_below,53,da69af85157bbbcd6384a6e4be5f119faaa061eb354ef77e1a4e49ac87cb79f1
D_xavier,53,7d9fcf07ae23df3752b6d62451c3c2394ac5f356c314ac193447ab0a1678211e
D_mid1,53,990d0e8a4fc0303cce4107fb42945f37a8f10f130933243306cffed4bec97b32
D_mid2,53,1a949c110dfc31eb0ce7fe9cef83139de99c4a20f4c7009c4f7e98a06dabc71d
D_ctor,53,7f7673c3c87ad71f9ebbdb90e871e92d5b6b928f554ae1d4a5750c48b003b917
D_below,54,cf63240ab5e5263da79a71e68860110a2d9cecad82d5a364f76a8d2717b7247d
D_xavier,54,83825048cc44abc5d5e9b1d71b72ef689e5bec82c1689644cb0dc910d71ad24a
D_mid1,54,d472e7734aee377d74bc106d33d6161d1105ded44d6ed264751fdd7380e42d22
D_mid2,54,f662528db27226e1a144005da34b4a0a88a1b9764ca9209e5d5d57f7ec1fd76b
D_ctor,54,f6876f653f0f6cfd8c47adea5b2e44b49918d48eec81444ff4f3b0048ebad87d
D_below,55,39dd12ed693111c280b7853c51cc69edb1c2d60b4d7dd11e486f69c00f004981
D_xavier,55,03bf6275a6c1db86e35691dc34d2d6a446edfc00a58787f7dea45931b5eb71fc
D_mid1,55,b371d6704e22b0bf7118c805fc778ca382c88ef271ea96480fc108c4a3ae723c
D_mid2,55,1f105e2f46934e0385589109534073ffe1e6a4e5a4247fcd7207264cbcaf1a4d
D_ctor,55,06de43a4d52d266d2f18645dea76bbbeaf9c068a9a568da9de309b75bb72b675
D_below,56,2a3bdcb3adcd4e46bc5d7bd4b2b1795e5619604d44835ac5d54380b56e53119d
D_xavier,56,7a94ddc0217d0027c2888625230d75cf969ff0a925215b757760fecca5530546
D_mid1,56,b40773536c59a73ad3f2a46803aaec655467821e3b32c12637b5aef210c56332
D_mid2,56,150c717861945ecf7bbfa4b70d21790991da44d7793de153f325e03b9db99335
D_ctor,56,784eb100fd879ecdba448da4743bdef2b2b3d32a6fbb1172f04e046aa3fbc483
