dose,epoch,batch_order_hash
D_below,1,9d973a978cb7bcc90ef9cd84fbce86c4a192156fa46cdb118c463da48edf800c
D_below,2,d97ce3a72617ade8e892727830b317d8e6a99e2f921860985c51deed10ea5ef1
D_below,3,11533e82b815539fd05c94e5c6c8cee308a54d13e174323de66aae3655f6e091
D_below,4,9986ba6f8ea5f0c7c805ea107c6a66b4cc5e8d32d08f32d8eb898a03ab7f393f
D_below,5,30811b9fb09332038ba5d184c899d2e10a315708f5798bec46d6a0542d02864f
D_below,6,b7ec46f97927ba7b611ecdb12c927f1c8ef5e6520fdaa5e72ff4c650ea4c8e2a
D_below,7,a0a0ae8fa370beb6385b2d8d658d9644ff4017105e7b9497d51695a62153dcb0
D_below,8,67bfea286c6c5dca3692f8c543278ba0f3635a300bf0e3ea3079b96c3ac41ee5
D_below,9,dcbc9b704c8f9899ac3938977a2167b3b18080e9eaec182059f0296e6a543d26
D_below,10,6562c5224ff907ca5f3ae745a0d47928452b5bd4fb75b1d3b54a7b5d2157dcf7
D_below,11,f88515873b0d20dcbe6da9173ea15fbb72d996b35ff96ef122f3bc9e04a9caf8
D_below,12,088539c0628ee2d00d19a7058aa82580e5e56f30c1056f92aa6f3f325d99445b
D_below,13,ff971280b0b0a9b1142298f35108be65dd9e1ec532763176c3d7f8feedc654ca
D_below,14,56f062581a82be0210d9736f61b54c5b7b666e669532aa75f68ae8b941ac8910
D_below,15,cc0437f69361e3c7c45671369bd9ff5dd7c273f8f291d6c0f6c2e76ebdb251bd
D_xavier,1,9d973a978cb7bcc90ef9cd84fbce86c4a192156fa46cdb118c463da48edf800c
D_xavier,2,d97ce3a72617ade8e892727830b317d8e6a99e2f921860985c51deed10ea5ef1
D_xavier,3,11533e82b815539fd05c94e5c6c8cee308a54d13e174323de66aae3655f6e091
D_xavier,4,9986ba6f8ea5f0c7c805ea107c6a66b4cc5e8d32d08f32d8eb898a03ab7f393f
D_xavier,5,30811b9fb09332038ba5d184c899d2e10a315708f5798bec46d6a0542d02864f
D_xavier,6,b7ec46f97927ba7b611ecdb12c927f1c8ef5e6520fdaa5e72ff4c650ea4c8e2a
D_xavier,7,a0a0ae8fa370beb6385b2d8d658d9644ff4017105e7b9497d51695a62153dcb0
D_xavier,8,67bfea286c6c5dca3692f8c543278ba0f3635a300bf0e3ea3079b96c3ac41ee5
D_xavier,9,dcbc9b704c8f9899ac3938977a2167b3b18080e9eaec182059f0296e6a543d26
D_xavier,10,6562c5224ff907ca5f3ae745a0d47928452b5bd4fb75b1d3b54a7b5d2157dcf7
D_xavier,11,f88515873b0d20dcbe6da9173ea15fbb72d996b35ff96ef122f3bc9e04a9caf8
D_xavier,12,088539c0628ee2d00d19a7058aa82580e5e56f30c1056f92aa6f3f325d99445b
D_xavier,13,ff971280b0b0a9b1142298f35108be65dd9e1ec532763176c3d7f8feedc654ca
D_xavier,14,56f062581a82be0210d9736f61b54c5b7b666e669532aa75f68ae8b941ac8910
D_xavier,15,cc0437f69361e3c7c45671369bd9ff5dd7c273f8f291d6c0f6c2e76ebdb251bd
D_mid1,1,9d973a978cb7bcc90ef9cd84fbce86c4a192156fa46cdb118c463da48edf800c
D_mid1,2,d97ce3a72617ade8e892727830b317d8e6a99e2f921860985c51deed10ea5ef1
D_mid1,3,11533e82b815539fd05c94e5c6c8cee308a54d13e174323de66aae3655f6e091
D_mid1,4,9986ba6f8ea5f0c7c805ea107c6a66b4cc5e8d32d08f32d8eb898a03ab7f393f
D_mid1,5,30811b9fb09332038ba5d184c899d2e10a315708f5798bec46d6a0542d02864f
D_mid1,6,b7ec46f97927ba7b611ecdb12c927f1c8ef5e6520fdaa5e72ff4c650ea4c8e2a
D_mid1,7,a0a0ae8fa370beb6385b2d8d658d9644ff4017105e7b9497d51695a62153dcb0
D_mid1,8,67bfea286c6c5dca3692f8c543278ba0f3635a300bf0e3ea3079b96c3ac41ee5
D_mid1,9,dcbc9b704c8f9899ac3938977a2167b3b18080e9eaec182059f0296e6a543d26
D_mid1,10,6562c5224ff907ca5f3ae745a0d47928452b5bd4fb75b1d3b54a7b5d2157dcf7
D_mid1,11,f88515873b0d20dcbe6da9173ea15fbb72d996b35ff96ef122f3bc9e04a9caf8
D_mid1,12,088539c0628ee2d00d19a7058aa82580e5e56f30c1056f92aa6f3f325d99445b
D_mid1,13,ff971280b0b0a9b1142298f35108be65dd9e1ec532763176c3d7f8feedc654ca
D_mid1,14,56f062581a82be0210d9736f61b54c5b7b666e669532aa75f68ae8b941ac8910
D_mid1,15,cc0437f69361e3c7c45671369bd9ff5dd7c273f8f291d6c0f6c2e76ebdb251bd
D_mid2,1,9d973a978cb7bcc90ef9cd84fbce86c4a192156fa46cdb118c463da48edf800c
D_mid2,2,d97ce3a72617ade8e892727830b317d8e6a99e2f921860985c51deed10ea5ef1
D_mid2,3,11533e82b815539fd05c94e5c6c8cee308a54d13e174323de66aae3655f6e091
D_mid2,4,9986ba6f8ea5f0c7c805ea107c6a66b4cc5e8d32d08f32d8eb898a03ab7f393f
D_mid2,5,30811b9fb09332038ba5d184c899d2e10a315708f5798bec46d6a0542d02864f
D_mid2,6,b7ec46f97927ba7b611ecdb12c927f1c8ef5e6520fdaa5e72ff4c650ea4c8e2a
D_mid2,7,a0a0ae8fa370beb6385b2d8d658d9644ff4017105e7b9497d51695a62153dcb0
D_mid2,8,67bfea286c6c5dca3692f8c543278ba0f3635a300bf0e3ea3079b96c3ac41ee5
D_mid2,9,dcbc9b704c8f9899ac3938977a2167b3b18080e9eaec182059f0296e6a543d26
D_mid2,10,6562c5224ff907ca5f3ae745a0d47928452b5bd4fb75b1d3b54a7b5d2157dcf7
D_mid2,11,f88515873b0d20dcbe6da9173ea15fbb72d996b35ff96ef122f3bc9e04a9caf8
D_mid2,12,088539c0628ee2d00d19a7058aa82580e5e56f30c1056f92aa6f3f325d99445b
D_mid2,13,ff971280b0b0a9b1142298f35108be65dd9e1ec532763176c3d7f8feedc654ca
D_mid2,14,56f062581a82be0210d9736f61b54c5b7b666e669532aa75f68ae8b941ac8910
D_mid2,15,cc0437f69361e3c7c45671369bd9ff5dd7c273f8f291d6c0f6c2e76ebdb251bd
D_ctor,1,9d973a978cb7bcc90ef9cd84fbce86c4a192156fa46cdb118c463da48edf800c
D_ctor,2,d97ce3a72617ade8e892727830b317d8e6a99e2f921860985c51deed10ea5ef1
D_ctor,3,11533e82b815539fd05c94e5c6c8cee308a54d13e174323de66aae3655f6e091
D_ctor,4,9986ba6f8ea5f0c7c805ea107c6a66b4cc5e8d32d08f32d8eb898a03ab7f393f
D_ctor,5,30811b9fb09332038ba5d184c899d2e10a315708f5798bec46d6a0542d02864f
D_ctor,6,b7ec46f97927ba7b611ecdb12c927f1c8ef5e6520fdaa5e72ff4c650ea4c8e2a
D_ctor,7,a0a0ae8fa370beb6385b2d8d658d9644ff4017105e7b9497d51695a62153dcb0
D_ctor,8,67bfea286c6c5dca3692f8c543278ba0f3635a300bf0e3ea3079b96c3ac41ee5
D_ctor,9,dcbc9b704c8f9899ac3938977a2167b3b18080e9eaec182059f0296e6a543d26
D_ctor,10,6562c5224ff907ca5f3ae745a0d47928452b5bd4fb75b1d3b54a7b5d2157dcf7
D_ctor,11,f88515873b0d20dcbe6da9173ea15fbb72d996b35ff96ef122f3bc9e04a9caf8
D_ctor,12,088539c0628ee2d00d19a7058aa82580e5e56f30c1056f92aa6f3f325d99445b
D_ctor,13,ff971280b0b0a9b1142298f35108be65dd9e1ec532763176c3d7f8feedc654ca
D_ctor,14,56f062581a82be0210d9736f61b54c5b7b666e669532aa75f68ae8b941ac8910
D_ctor,15,cc0437f69361e3c7c45671369bd9ff5dd7c273f8f291d6c0f6c2e76ebdb251bd
D_below,1,84ead2ab12cc792c72f7601ea6a8d488e5b271d04ea360daba68f153f9ddea1a
D_below,2,44429907ded9d4ce8996ea1d4c5ed9e1b3efc343c72c19970330ef5d3baac817
D_below,3,dbc3acbcacc2b8ea0ba45ef1d8b88a22d624e4f49d8c6658f00577509417886e
D_below,4,c600a09e79ed639013351210e24ad67cdafb2eaf970ef57a350bd6827c7320e0
D_below,5,89d54a468cf380e59973d9797a652ca23dfca7999310797f00155e17c08ceece
D_below,6,dd022e2a47ca422dd36d57cdfbf33427374114da02d8b993ab599a9d21da7e05
D_below,7,4373e0beed2445473e41d297d445746b8a85bcd5f36308c10a84863e3fbaa598
D_below,8,6d60cc7d651132fcaa5219cf79b53bc34f0ed2288ffcf00bd5ceb6c9daaad6d1
D_below,9,a4c86b7fa007cb69c1e8747bce43b7e88c2d61c6b2bd921aa6afe38c398c9fe9
D_below,10,eb8b590b95a401f356ce106d951f0f7523cc54b787bf92d5794c6d99c1383373
D_below,11,33ac557a8c7974b5031ab8113bf66e409668f8d4d0ddfe360d47a1db90ab3e3d
D_below,12,a1896d1e90a57aead3a65dc67177e06173d3014c35b2f798422c4ee2d3c70962
D_below,13,db4fea6411a5fb592b9f9285886d2069a7019d8208736ffcc2a5c944ed786d9a
D_below,14,8bc4284a878ed84f0e62d2642d95f5debc0b6ce0201f11a6ea5d3d57da8b5a29
D_below,15,ba05b453043bfbf08d4acf189f26a11c4c024d2fd83fbb94dd48c01d9ef83c1e
D_xavier,1,84ead2ab12cc792c72f7601ea6a8d488e5b271d04ea360daba68f153f9ddea1a
D_xavier,2,44429907ded9d4ce8996ea1d4c5ed9e1b3efc343c72c19970330ef5d3baac817
D_xavier,3,dbc3acbcacc2b8ea0ba45ef1d8b88a22d624e4f49d8c6658f00577509417886e
D_xavier,4,c600a09e79ed639013351210e24ad67cdafb2eaf970ef57a350bd6827c7320e0
D_xavier,5,89d54a468cf380e59973d9797a652ca23dfca7999310797f00155e17c08ceece
D_xavier,6,dd022e2a47ca422dd36d57cdfbf33427374114da02d8b993ab599a9d21da7e05
D_xavier,7,4373e0beed2445473e41d297d445746b8a85bcd5f36308c10a84863e3fbaa598
D_xavier,8,6d60cc7d651132fcaa5219cf79b53bc34f0ed2288ffcf00bd5ceb6c9daaad6d1
D_xavier,9,a4c86b7fa007cb69c1e8747bce43b7e88c2d61c6b2bd921aa6afe38c398c9fe9
D_xavier,10,eb8b590b95a401f356ce106d951f0f7523cc54b787bf92d5794c6d99c1383373
D_xavier,11,33ac557a8c7974b5031ab8113bf66e409668f8d4d0ddfe360d47a1db90ab3e3d
D_xavier,12,a1896d1e90a57aead3a65dc67177e06173d3014c35b2f798422c4ee2d3c70962
D_xavier,13,db4fea6411a5fb592b9f9285886d2069a7019d8208736ffcc2a5c944ed786d9a
D_xavier,14,8bc4284a878ed84f0e62d2642d95f5debc0b6ce0201f11a6ea5d3d57da8b5a29
D_xavier,15,ba05b453043bfbf08d4acf189f26a11c4c024d2fd83fbb94dd48c01d9ef83c1e
D_mid1,1,84ead2ab12cc792c72f7601ea6a8d488e5b271d04ea360daba68f153f9ddea1a
D_mid1,2,44429907ded9d4ce8996ea1d4c5ed9e1b3efc343c72c19970330ef5d3baac817
D_mid1,3,dbc3acbcacc2b8ea0ba45ef1d8b88a22d624e4f49d8c6658f00577509417886e
D_mid1,4,c600a09e79ed639013351210e24ad67cdafb2eaf970ef57a350bd6827c7320e0
D_mid1,5,89d54a468cf380e59973d9797a652ca23dfca7999310797f00155e17c08ceece
D_mid1,6,dd022e2a47ca422dd36d57cdfbf33427374114da02d8b993ab599a9d21da7e05
D_mid1,7,4373e0beed2445473e41d297d445746b8a85bcd5f36308c10a84863e3fbaa598
D_mid1,8,6d60cc7d651132fcaa5219cf79b53bc34f0ed2288ffcf00bd5ceb6c9daaad6d1
D_mid1,9,a4c86b7fa007cb69c1e8747bce43b7e88c2d61c6b2bd921aa6afe38c398c9fe9
D_mid1,10,eb8b590b95a401f356ce106d951f0f7523cc54b787bf92d5794c6d99c1383373
D_mid1,11,33ac557a8c7974b5031ab8113bf66e409668f8d4d0ddfe360d47a1db90ab3e3d
D_mid1,12,a1896d1e90a57aead3a65dc67177e06173d3014c35b2f798422c4ee2d3c70962
D_mid1,13,db4fea6411a5fb592b9f9285886d2069a7019d8208736ffcc2a5c944ed786d9a
D_mid1,14,8bc4284a878ed84f0e62d2642d95f5debc0b6ce0201f11a6ea5d3d57da8b5a29
D_mid1,15,ba05b453043bfbf08d4acf189f26a11c4c024d2fd83fbb94dd48c01d9ef83c1e
D_mid2,1,84ead2ab12cc792c72f7601ea6a8d488e5b271d04ea360daba68f153f9ddea1a
D_mid2,2,44429907ded9d4ce8996ea1d4c5ed9e1b3efc343c72c19970330ef5d3baac817
D_mid2,3,dbc3acbcacc2b8ea0ba45ef1d8b88a22d624e4f49d8c6658f00577509417886e
D_mid2,4,c600a09e79ed639013351210e24ad67cdafb2eaf970ef57a350bd6827c7320e0
D_mid2,5,89d54a468cf380e59973d9797a652ca23dfca7999310797f00155e17c08ceece
D_mid2,6,dd022e2a47ca422dd36d57cdfbf33427374114da02d8b993ab599a9d21da7e05
D_mid2,7,4373e0beed2445473e41d297d445746b8a85bcd5f36308c10a84863e3fbaa598
D_mid2,8,6d60cc7d651132fcaa5219cf79b53bc34f0ed2288ffcf00bd5ceb6c9daaad6d1
D_mid2,9,a4c86b7fa007cb69c1e8747bce43b7e88c2d61c6b2bd921aa6afe38c398c9fe9
D_mid2,10,eb8b590b95a401f356ce106d951f0f7523cc54b787bf92d5794c6d99c1383373
D_mid2,11,33ac557a8c7974b5031ab8113bf66e409668f8d4d0ddfe360d47a1db90ab3e3d
D_mid2,12,a1896d1e90a57aead3a65dc67177e06173d3014c35b2f798422c4ee2d3c70962
D_mid2,13,db4fea6411a5fb592b9f9285886d2069a7019d8208736ffcc2a5c944ed786d9a
D_mid2,14,8bc4284a878ed84f0e62d2642d95f5debc0b6ce0201f11a6ea5d3d57da8b5a29
D_mid2,15,ba05b453043bfbf08d4acf189f26a11c4c024d2fd83fbb94dd48c01d9ef83c1e
D_ctor,1,84ead2ab12cc792c72f7601ea6a8d488e5b271d04ea360daba68f153f9ddea1a
D_ctor,2,44429907ded9d4ce8996ea1d4c5ed9e1b3efc343c72c19970330ef5d3baac817
D_ctor,3,dbc3acbcacc2b8ea0ba45ef1d8b88a22d624e4f49d8c6658f00577509417886e
D_ctor,4,c600a09e79ed639013351210e24ad67cdafb2eaf970ef57a350bd6827c7320e0
D_ctor,5,89d54a468cf380e59973d9797a652ca23dfca7999310797f00155e17c08ceece
D_ctor,6,dd022e2a47ca422dd36d57cdfbf33427374114da02d8b993ab599a9d21da7e05
D_ctor,7,4373e0beed2445473e41d297d445746b8a85bcd5f36308c10a84863e3fbaa598
D_ctor,8,6d60cc7d651132fcaa5219cf79b53bc34f0ed2288ffcf00bd5ceb6c9daaad6d1
D_ctor,9,a4c86b7fa007cb69c1e8747bce43b7e88c2d61c6b2bd921aa6afe38c398c9fe9
D_ctor,10,eb8b590b95a401f356ce106d951f0f7523cc54b787bf92d5794c6d99c1383373
D_ctor,11,33ac557a8c7974b5031ab8113bf66e409668f8d4d0ddfe360d47a1db90ab3e3d
D_ctor,12,a1896d1e90a57aead3a65dc67177e06173d3014c35b2f798422c4ee2d3c70962
D_ctor,13,db4fea6411a5fb592b9f9285886d2069a7019d8208736ffcc2a5c944ed786d9a
D_ctor,14,8bc4284a878ed84f0e62d2642d95f5debc0b6ce0201f11a6ea5d3d57da8b5a29
D_ctor,15,ba05b453043bfbf08d4acf189f26a11c4c024d2fd83fbb94dd48c01d9ef83c1e
D_below,1,3c22c3119c1831bbd728851b51ee55ce3b857ec5eb0b0153f42a0f9cb8c03881
D_below,2,22a9eb49b47ab284575da7cbd045a4aa6cd24ef970678ecda51b4aed26804fd9
D_below,3,8575d4c2c81e5b147678024f93ddbabe636778a49ce8bcf517141ba01853ee6b
D_below,4,80d0a186799948dc3f9a7c800d78dcc4aa7c298008c463477be3096c2a1286b2
D_below,5,420ed8953ab48aa4d264dda2daf912baf22eae2059d65f8fed37d77c6dcf1ee5
D_below,6,2fbaed9200e4fe635a2ed6f8eb013f334d19c33a93cc515aac04b16054c32af9
D_below,7,da28b32403720b9f56a2f62f1fff531098142874d0e42a51bd4659581ec2a520
D_below,8,2bf870d3ebd041fd302c2b7a49d2bbe0fd1c018bd5a947fbdf86bd2949593cdf
D_below,9,c70b40be2628e34fb0729403fdde823508633521de5b2ffc356d0fce21253b65
D_below,10,3340e04809142a51c41a414d27e0f5bd82d16c8a78d629284a273096ca5cc4bb
D_below,11,6b366972ff18f5e1202c74206e9a7672b11df001052d3d456c4c752d9c7cf67f
D_below,12,fa9f045a5b6f779f41de38fc3400854b4a8daeae18a2f77b2d7c519cdd58f3fe
D_below,13,e712c941d44085203e9c167551e47fece3b275950771486919b0e6efca0835c2
D_below,14,383dcd93253d15439cb24e8ace334cbbfcd0ab318b22feeebb267e436aa601eb
D_below,15,3589066d4fe324d7777605d2f5576b07b72f018ee69d19d3d8a214a24ad8e6b3
D_xavier,1,3c22c3119c1831bbd728851b51ee55ce3b857ec5eb0b0153f42a0f9cb8c03881
D_xavier,2,22a9eb49b47ab284575da7cbd045a4aa6cd24ef970678ecda51b4aed26804fd9
D_xavier,3,8575d4c2c81e5b147678024f93ddbabe636778a49ce8bcf517141ba01853ee6b
D_xavier,4,80d0a186799948dc3f9a7c800d78dcc4aa7c298008c463477be3096c2a1286b2
D_xavier,5,420ed8953ab48aa4d264dda2daf912baf22eae2059d65f8fed37d77c6dcf1ee5
D_xavier,6,2fbaed9200e4fe635a2ed6f8eb013f334d19c33a93cc515aac04b16054c32af9
D_xavier,7,da28b32403720b9f56a2f62f1fff531098142874d0e42a51bd4659581ec2a520
D_xavier,8,2bf870d3ebd041fd302c2b7a49d2bbe0fd1c018bd5a947fbdf86bd2949593cdf
D_xavier,9,c70b40be2628e34fb0729403fdde823508633521de5b2ffc356d0fce21253b65
D_xavier,10,3340e04809142a51c41a414d27e0f5bd82d16c8a78d629284a273096ca5cc4bb
D_xavier,11,6b366972ff18f5e1202c74206e9a7672b11df001052d3d456c4c752d9c7cf67f
D_xavier,12,fa9f045a5b6f779f41de38fc3400854b4a8daeae18a2f77b2d7c519cdd58f3fe
D_xavier,13,e712c941d44085203e9c167551e47fece3b275950771486919b0e6efca0835c2
D_xavier,14,383dcd93253d15439cb24e8ace334cbbfcd0ab318b22feeebb267e436aa601eb
D_xavier,15,3589066d4fe324d7777605d2f5576b07b72f018ee69d19d3d8a214a24ad8e6b3
D_mid1,1,3c22c3119c1831bbd728851b51ee55ce3b857ec5eb0b0153f42a0f9cb8c03881
D_mid1,2,22a9eb49b47ab284575da7cbd045a4aa6cd24ef970678ecda51b4aed26804fd9
D_mid1,3,8575d4c2c81e5b147678024f93ddbabe636778a49ce8bcf517141ba01853ee6b
D_mid1,4,80d0a186799948dc3f9a7c800d78dcc4aa7c298008c463477be3096c2a1286b2
D_mid1,5,420ed8953ab48aa4d264dda2daf912baf22eae2059d65f8fed37d77c6dcf1ee5
D_mid1,6,2fbaed9200e4fe635a2ed6f8eb013f334d19c33a93cc515aac04b16054c32af9
D_mid1,7,da28b32403720b9f56a2f62f1fff531098142874d0e42a51bd4659581ec2a520
D_mid1,8,2bf870d3ebd041fd302c2b7a49d2bbe0fd1c018bd5a947fbdf86bd2949593cdf
D_mid1,9,c70b40be2628e34fb0729403fdde823508633521de5b2ffc356d0fce21253b65
D_mid1,10,3340e04809142a51c41a414d27e0f5bd82d16c8a78d629284a273096ca5cc4bb
D_mid1,11,6b366972ff18f5e1202c74206e9a7672b11df001052d3d456c4c752d9c7cf67f
D_mid1,12,fa9f045a5b6f779f41de38fc3400854b4a8daeae18a2f77b2d7c519cdd58f3fe
D_mid1,13,e712c941d44085203e9c167551e47fece3b275950771486919b0e6efca0835c2
D_mid1,14,383dcd93253d15439cb24e8ace334cbbfcd0ab318b22feeebb267e436aa601eb
D_mid1,15,3589066d4fe324d7777605d2f5576b07b72f018ee69d19d3d8a214a24ad8e6b3
D_mid2,1,3c22c3119c1831bbd728851b51ee55ce3b857ec5eb0b0153f42a0f9cb8c03881
D_mid2,2,22a9eb49b47ab284575da7cbd045a4aa6cd24ef970678ecda51b4aed26804fd9
D_mid2,3,8575d4c2c81e5b147678024f93ddbabe636778a49ce8bcf517141ba01853ee6b
D_mid2,4,80d0a186799948dc3f9a7c800d78dcc4aa7c298008c463477be3096c2a1286b2
D_mid2,5,420ed8953ab48aa4d264dda2daf912baf22eae2059d65f8fed37d77c6dcf1ee5
D_mid2,6,2fbaed9200e4fe635a2ed6f8eb013f334d19c33a93cc515aac04b16054c32af9
D_mid2,7,da28b32403720b9f56a2f62f1fff531098142874d0e42a51bd4659581ec2a520
D_mid2,8,2bf870d3ebd041fd302c2b7a49d2bbe0fd1c018bd5a947fbdf86bd2949593cdf
D_mid2,9,c70b40be2628e34fb0729403fdde823508633521de5b2ffc356d0fce21253b65
D_mid2,10,3340e04809142a51c41a414d27e0f5bd82d16c8a78d629284a273096ca5cc4bb
D_mid2,11,6b366972ff18f5e1202c74206e9a7672b11df001052d3d456c4c752d9c7cf67f
D_mid2,12,fa9f045a5b6f779f41de38fc3400854b4a8daeae18a2f77b2d7c519cdd58f3fe
D_mid2,13,e712c941d44085203e9c167551e47fece3b275950771486919b0e6efca0835c2
D_mid2,14,383dcd93253d15439cb24e8ace334cbbfcd0ab318b22feeebb267e436aa601eb
D_mid2,15,3589066d4fe324d7777605d2f5576b07b72f018ee69d19d3d8a214a24ad8e6b3
D_ctor,1,3c22c3119c1831bbd728851b51ee55ce3b857ec5eb0b0153f42a0f9cb8c03881
D_ctor,2,22a9eb49b47ab284575da7cbd045a4aa6cd24ef970678ecda51b4aed26804fd9
D_ctor,3,8575d4c2c81e5b147678024f93ddbabe636778a49ce8bcf517141ba01853ee6b
D_ctor,4,80d0a186799948dc3f9a7c800d78dcc4aa7c298008c463477be3096c2a1286b2
D_ctor,5,420ed8953ab48aa4d264dda2daf912baf22eae2059d65f8fed37d77c6dcf1ee5
D_ctor,6,2fbaed9200e4fe635a2ed6f8eb013f334d19c33a93cc515aac04b16054c32af9
D_ctor,7,da28b32403720b9f56a2f62f1fff531098142874d0e42a51bd4659581ec2a520
D_ctor,8,2bf870d3ebd041fd302c2b7a49d2bbe0fd1c018bd5a947fbdf86bd2949593cdf
D_ctor,9,c70b40be2628e34fb0729403fdde823508633521de5b2ffc356d0fce21253b65
D_ctor,10,3340e04809142a51c41a414d27e0f5bd82d16c8a78d629284a273096ca5cc4bb
D_ctor,11,6b366972ff18f5e1202c74206e9a7672b11df001052d3d456c4c752d9c7cf67f
D_ctor,12,fa9f045a5b6f779f41de38fc3400854b4a8daeae18a2f77b2d7c519cdd58f3fe
D_ctor,13,e712c941d44085203e9c167551e47fece3b275950771486919b0e6efca0835c2
D_ctor,14,383dcd93253d15439cb24e8ace334cbbfcd0ab318b22feeebb267e436aa601eb
D_ctor,15,3589066d4fe324d7777605d2f5576b07b72f018ee69d19d3d8a214a24ad8e6b3
D_below,1,95efed942bc5ed2273b5dd96f0e5baee99a7a98c9b98984f374f40d3088697d2
D_below,2,5658bd5b099ebd13483345f8109e89c0e8eab12a71e65191abf47421e24e3f5d
D_below,3,8c725e4cb2957338ca176c8d358d28c6f55e7c2d23d5aa002355cd8df4e00224
D_below,4,26904a4716caeac162b7ead2813be9993ba56ad9ea55b897bf8f5ee03f2f6d10
D_below,5,fa1fdcd0a21c466c8ed3446741ddd85ce2db556c79b366d4a736bebd8bd7baaa
D_below,6,893d248dd9407dc230a26ffa64031f3536d270212429703b5f4f924ae632fa20
D_below,7,63b4046cbde0b05b66647a3485647f4789e588ee9ef574631cba93825e7aeae5
D_below,8,0f1228041f377c0972e29e9e1953c7a87aae124c2824243e1fbf8ee2cc037903
D_below,9,3338c4d71a1bc1c8f484c2e3d67c5da761e3ab20a81a1873ae88812bc15c1252
D_below,10,23faa860f57452e7b5a68a0957390de0e6d61cb8d1a645fe9a5e2b996cba77ef
D_below,11,977a60af2605a5b28843f3ba74e3a3d9025d91e611adcf4d40a5facfc06435b9
D_below,12,9034348d6ee89fba4e752e3f320f373ccbd33779a54d7eb3a83419a243568d43
D_below,13,fe97b83b57cb1567f54c5faa3a0657e9a582ece46b11e07beff9e8079d33c15c
D_below,14,6df31fc2a7c8c553aee5b5969e6854a39e0a675d971c2824d6eba04874b78092
D_below,15,16e9dd503aa0691ba6acca8e486cd207cf06c91c9511dd9427a1217b5ac0840e
D_xavier,1,95efed942bc5ed2273b5dd96f0e5baee99a7a98c9b98984f374f40d3088697d2
D_xavier,2,5658bd5b099ebd13483345f8109e89c0e8eab12a71e65191abf47421e24e3f5d
D_xavier,3,8c725e4cb2957338ca176c8d358d28c6f55e7c2d23d5aa002355cd8df4e00224
D_xavier,4,26904a4716caeac162b7ead2813be9993ba56ad9ea55b897bf8f5ee03f2f6d10
D_xavier,5,fa1fdcd0a21c466c8ed3446741ddd85ce2db556c79b366d4a736bebd8bd7baaa
D_xavier,6,893d248dd9407dc230a26ffa64031f3536d270212429703b5f4f924ae632fa20
D_xavier,7,63b4046cbde0b05b66647a3485647f4789e588ee9ef574631cba93825e7aeae5
D_xavier,8,0f1228041f377c0972e29e9e1953c7a87aae124c2824243e1fbf8ee2cc037903
D_xavier,9,3338c4d71a1bc1c8f484c2e3d67c5da761e3ab20a81a1873ae88812bc15c1252
D_xavier,10,23faa860f57452e7b5a68a0957390de0e6d61cb8d1a645fe9a5e2b996cba77ef
D_xavier,11,977a60af2605a5b28843f3ba74e3a3d9025d91e611adcf4d40a5facfc06435b9
D_xavier,12,9034348d6ee89fba4e752e3f320f373ccbd33779a54d7eb3a83419a243568d43
D_xavier,13,fe97b83b57cb1567f54c5faa3a0657e9a582ece46b11e07beff9e8079d33c15c
D_xavier,14,6df31fc2a7c8c553aee5b5969e6854a39e0a675d971c2824d6eba04874b78092
D_xavier,15,16e9dd503aa0691ba6acca8e486cd207cf06c91c9511dd9427a1217b5ac0840e
D_mid1,1,95efed942bc5ed2273b5dd96f0e5baee99a7a98c9b98984f374f40d3088697d2
D_mid1,2,5658bd5b099ebd13483345f8109e89c0e8eab12a71e65191abf47421e24e3f5d
D_mid1,3,8c725e4cb2957338ca176c8d358d28c6f55e7c2d23d5aa002355cd8df4e00224
D_mid1,4,26904a4716caeac162b7ead2813be9993ba56ad9ea55b897bf8f5ee03f2f6d10
D_mid1,5,fa1fdcd0a21c466c8ed3446741ddd85ce2db556c79b366d4a736bebd8bd7baaa
D_mid1,6,893d248dd9407dc230a26ffa64031f3536d270212429703b5f4f924ae632fa20
D_mid1,7,63b4046cbde0b05b66647a3485647f4789e588ee9ef574631cba93825e7aeae5
D_mid1,8,0f1228041f377c0972e29e9e1953c7a87aae124c2824243e1fbf8ee2cc037903
D_mid1,9,3338c4d71a1bc1c8f484c2e3d67c5da761e3ab20a81a1873ae88812bc15c1252
D_mid1,10,23faa860f57452e7b5a68a0957390de0e6d61cb8d1a645fe9a5e2b996cba77ef
D_mid1,11,977a60af2605a5b28843f3ba74e3a3d9025d91e611adcf4d40a5facfc06435b9
D_mid1,12,9034348d6ee89fba4e752e3f320f373ccbd33779a54d7eb3a83419a243568d43
D_mid1,13,fe97b83b57cb1567f54c5faa3a0657e9a582ece46b11e07beff9e8079d33c15c
D_mid1,14,6df31fc2a7c8c553aee5b5969e6854a39e0a675d971c2824d6eba04874b78092
D_mid1,15,16e9dd503aa0691ba6acca8e486cd207cf06c91c9511dd9427a1217b5ac0840e
D_mid2,1,95efed942bc5ed2273b5dd96f0e5baee99a7a98c9b98984f374f40d3088697d2
D_mid2,2,5658bd5b099ebd13483345f8109e89c0e8eab12a71e65191abf47421e24e3f5d
D_mid2,3,8c725e4cb2957338ca176c8d358d28c6f55e7c2d23d5aa002355cd8df4e00224
D_mid2,4,26904a4716caeac162b7ead2813be9993ba56ad9ea55b897bf8f5ee03f2f6d10
D_mid2,5,fa1fdcd0a21c466c8ed3446741ddd85ce2db556c79b366d4a736bebd8bd7baaa
D_mid2,6,893d248dd9407dc230a26ffa64031f3536d270212429703b5f4f924ae632fa20
D_mid2,7,63b4046cbde0b05b66647a3485647f4789e588ee9ef574631cba93825e7aeae5
D_mid2,8,0f1228041f377c0972e29e9e1953c7a87aae124c2824243e1fbf8ee2cc037903
D_mid2,9,3338c4d71a1bc1c8f484c2e3d67c5da761e3ab20a81a1873ae88812bc15c1252
D_mid2,10,23faa860f57452e7b5a68a0957390de0e6d61cb8d1a645fe9a5e2b996cba77ef
D_mid2,11,977a60af2605a5b28843f3ba74e3a3d9025d91e611adcf4d40a5facfc06435b9
D_mid2,12,9034348d6ee89fba4e752e3f320f373ccbd33779a54d7eb3a83419a243568d43
D_mid2,13,fe97b83b57cb1567f54c5faa3a0657e9a582ece46b11e07beff9e8079d33c15c
D_mid2,14,6df31fc2a7c8c553aee5b5969e6854a39e0a675d971c2824d6eba04874b78092
D_mid2,15,16e9dd503aa0691ba6acca8e486cd207cf06c91c9511dd9427a1217b5ac0840e
D_ctor,1,95efed942bc5ed2273b5dd96f0e5baee99a7a98c9b98984f374f40d3088697d2
D_ctor,2,5658bd5b099ebd13483345f8109e89c0e8eab12a71e65191abf47421e24e3f5d
D_ctor,3,8c725e4cb2957338ca176c8d358d28c6f55e7c2d23d5aa002355cd8df4e00224
D_ctor,4,26904a4716caeac162b7ead2813be9993ba56ad9ea55b897bf8f5ee03f2f6d10
D_ctor,5,fa1fdcd0a21c466c8ed3446741ddd85ce2db556c79b366d4a736bebd8bd7baaa
D_ctor,6,893d248dd9407dc230a26ffa64031f3536d270212429703b5f4f924ae632fa20
D_ctor,7,63b4046cbde0b05b66647a3485647f4789e588ee9ef574631cba93825e7aeae5
D_ctor,8,0f1228041f377c0972e29e9e1953c7a87aae124c2824243e1fbf8ee2cc037903
D_ctor,9,3338c4d71a1bc1c8f484c2e3d67c5da761e3ab20a81a1873ae88812bc15c1252
D_ctor,10,23faa860f57452e7b5a68a0957390de0e6d61cb8d1a645fe9a5e2b996cba77ef
D_ctor,11,977a60af2605a5b28843f3ba74e3a3d9025d91e611adcf4d40a5facfc06435b9
D_ctor,12,9034348d6ee89fba4e752e3f320f373ccbd33779a54d7eb3a83419a243568d43
D_ctor,13,fe97b83b57cb1567f54c5faa3a0657e9a582ece46b11e07beff9e8079d33c15c
D_ctor,14,6df31fc2a7c8c553aee5b5969e6854a39e0a675d971c2824d6eba04874b78092
D_ctor,15,16e9dd503aa0691ba6acca8e486cd207cf06c91c9511dd9427a1217b5ac0840e
D_below,1,b66013116f6bd8a44385db7dba0fd455e37049db58e46d5a0352bf90ca1e5d84
D_below,2,68f81ad961b05ecdc9fa8cd077a57099e46e8564afb8a83e50354f5cb5cd9225
D_below,3,1579b72ef6333c0259e2cb31b788cf75677e03dcd047a6a30078b06cbebabb9b
D_below,4,85ea4fd48001c137a919373cebb78f36e869f45e04fc91e89c2b93c23c860db7
D_below,5,7d5aedcf82b2262e203c0eddb7011b60bf6c0140dba9772e5974f8db76807682
D_below,6,c36884641892fd2140e458dc444799e006a01082755898282faca753cc9f9422
D_below,7,ed3b16e5a393990e55e90c243476d2defbf0c6fedbc9b0b3e5453da88b97a343
D_below,8,908a08fecb41169dcff1eb87766a907546858064ac88368b11c27ade98204d03
D_below,9,03fbe667eddf02779231952c7c368575471953e3853b36995526acdb0ef7eb78
D_below,10,a6d81a3b09503ab25fb7a38c72f31c2ecde246c7a1887582e8ab1626a440e80f
D_below,11,ca639179a44128a60d748dd3ade3c720905617d63de477a20e397788ce9e79c6
D_below,12,269f9da15210f8eab5da69f28b49ba200808f16791ef0d60a320e1f228a92576
D_below,13,88a8d16a0e94531197fd9dc3028f7052ef4e1997c3a2ba8580e3047bf706c763
D_below,14,8db60feb94c1390af4ee76571872db1042a6175edec9a0534cd2dc1fc631acd3
D_below,15,f63fd1918bf4ec75d58194a529bec7e3804018be5de5e01a1e6c794fae54ceb8
D_xavier,1,b66013116f6bd8a44385db7dba0fd455e37049db58e46d5a0352bf90ca1e5d84
D_xavier,2,68f81ad961b05ecdc9fa8cd077a57099e46e8564afb8a83e50354f5cb5cd9225
D_xavier,3,1579b72ef6333c0259e2cb31b788cf75677e03dcd047a6a30078b06cbebabb9b
D_xavier,4,85ea4fd48001c137a919373cebb78f36e869f45e04fc91e89c2b93c23c860db7
D_xavier,5,7d5aedcf82b2262e203c0eddb7011b60bf6c0140dba9772e5974f8db76807682
D_xavier,6,c36884641892fd2140e458dc444799e006a01082755898282faca753cc9f9422
D_xavier,7,ed3b16e5a393990e55e90c243476d2defbf0c6fedbc9b0b3e5453da88b97a343
D_xavier,8,908a08fecb41169dcff1eb87766a907546858064ac88368b11c27ade98204d03
D_xavier,9,03fbe667eddf02779231952c7c368575471953e3853b36995526acdb0ef7eb78
D_xavier,10,a6d81a3b09503ab25fb7a38c72f31c2ecde246c7a1887582e8ab1626a440e80f
D_xavier,11,ca639179a44128a60d748dd3ade3c720905617d63de477a20e397788ce9e79c6
D_xavier,12,269f9da15210f8eab5da69f28b49ba200808f16791ef0d60a320e1f228a92576
D_xavier,13,88a8d16a0e94531197fd9dc3028f7052ef4e1997c3a2ba8580e3047bf706c763
D_xavier,14,8db60feb94c1390af4ee76571872db1042a6175edec9a0534cd2dc1fc631acd3
D_xavier,15,f63fd1918bf4ec75d58194a529bec7e3804018be5de5e01a1e6c794fae54ceb8
D_mid1,1,b66013116f6bd8a44385db7dba0fd455e37049db58e46d5a0352bf90ca1e5d84
D_mid1,2,68f81ad961b05ecdc9fa8cd077a57099e46e8564afb8a83e50354f5cb5cd9225
D_mid1,3,1579b72ef6333c0259e2cb31b788cf75677e03dcd047a6a30078b06cbebabb9b
D_mid1,4,85ea4fd48001c137a919373cebb78f36e869f45e04fc91e89c2b93c23c860db7
D_mid1,5,7d5aedcf82b2262e203c0eddb7011b60bf6c0140dba9772e5974f8db76807682
D_mid1,6,c36884641892fd2140e458dc444799e006a01082755898282faca753cc9f9422
D_mid1,7,ed3b16e5a393990e55e90c243476d2defbf0c6fedbc9b0b3e5453da88b97a343
D_mid1,8,908a08fecb41169dcff1eb87766a907546858064ac88368b11c27ade98204d03
D_mid1,9,03fbe667eddf02779231952c7c368575471953e3853b36995526acdb0ef7eb78
D_mid1,10,a6d81a3b09503ab25fb7a38c72f31c2ecde246c7a1887582e8ab1626a440e80f
D_mid1,11,ca639179a44128a60d748dd3ade3c720905617d63de477a20e397788ce9e79c6
D_mid1,12,269f9da15210f8eab5da69f28b49ba200808f16791ef0d60a320e1f228a92576
D_mid1,13,88a8d16a0e94531197fd9dc3028f7052ef4e1997c3a2ba8580e3047bf706c763
D_mid1,14,8db60feb94c1390af4ee76571872db1042a6175edec9a0534cd2dc1fc631acd3
D_mid1,15,f63fd1918bf4ec75d58194a529bec7e3804018be5de5e01a1e6c794fae54ceb8
D_mid2,1,b66013116f6bd8a44385db7dba0fd455e37049db58e46d5a0352bf90ca1e5d84
D_mid2,2,68f81ad961b05ecdc9fa8cd077a57099e46e8564afb8a83e50354f5cb5cd9225
D_mid2,3,1579b72ef6333c0259e2cb31b788cf75677e03dcd047a6a30078b06cbebabb9b
D_mid2,4,85ea4fd48001c137a919373cebb78f36e869f45e04fc91e89c2b93c23c860db7
D_mid2,5,7d5aedcf82b2262e203c0eddb7011b60bf6c0140dba9772e5974f8db76807682
D_mid2,6,c36884641892fd2140e458dc444799e006a01082755898282faca753cc9f9422
D_mid2,7,ed3b16e5a393990e55e90c243476d2defbf0c6fedbc9b0b3e5453da88b97a343
D_mid2,8,908a08fecb41169dcff1eb87766a907546858064ac88368b11c27ade98204d03
D_mid2,9,03fbe667eddf02779231952c7c368575471953e3853b36995526acdb0ef7eb78
D_mid2,10,a6d81a3b09503ab25fb7a38c72f31c2ecde246c7a1887582e8ab1626a440e80f
D_mid2,11,ca639179a44128a60d748dd3ade3c720905617d63de477a20e397788ce9e79c6
D_mid2,12,269f9da15210f8eab5da69f28b49ba200808f16791ef0d60a320e1f228a92576
D_mid2,13,88a8d16a0e94531197fd9dc3028f7052ef4e1997c3a2ba8580e3047bf706c763
D_mid2,14,8db60feb94c1390af4ee76571872db1042a6175edec9a0534cd2dc1fc631acd3
D_mid2,15,f63fd1918bf4ec75d58194a529bec7e3804018be5de5e01a1e6c794fae54ceb8
D_ctor,1,b66013116f6bd8a44385db7dba0fd455e37049db58e46d5a0352bf90ca1e5d84
D_ctor,2,68f81ad961b05ecdc9fa8cd077a57099e46e8564afb8a83e50354f5cb5cd9225
D_ctor,3,1579b72ef6333c0259e2cb31b788cf75677e03dcd047a6a30078b06cbebabb9b
D_ctor,4,85ea4fd48001c137a919373cebb78f36e869f45e04fc91e89c2b93c23c860db7
D_ctor,5,7d5aedcf82b2262e203c0eddb7011b60bf6c0140dba9772e5974f8db76807682
D_ctor,6,c36884641892fd2140e458dc444799e006a01082755898282faca753cc9f9422
D_ctor,7,ed3b16e5a393990e55e90c243476d2defbf0c6fedbc9b0b3e5453da88b97a343
D_ctor,8,908a08fecb41169dcff1eb87766a907546858064ac88368b11c27ade98204d03
D_ctor,9,03fbe667eddf02779231952c7c368575471953e3853b36995526acdb0ef7eb78
D_ctor,10,a6d81a3b09503ab25fb7a38c72f31c2ecde246c7a1887582e8ab1626a440e80f
D_ctor,11,ca639179a44128a60d748dd3ade3c720905617d63de477a20e397788ce9e79c6
D_ctor,12,269f9da15210f8eab5da69f28b49ba200808f16791ef0d60a320e1f228a92576
D_ctor,13,88a8d16a0e94531197fd9dc3028f7052ef4e1997c3a2ba8580e3047bf706c763
D_ctor,14,8db60feb94c1390af4ee76571872db1042a6175edec9a0534cd2dc1fc631acd3
D_ctor,15,f63fd1918bf4ec75d58194a529bec7e3804018be5de5e01a1e6c794fae54ceb8
