seed,path,sha256
52,src/copeland_erdos_nets/__init__.py,419b0e1822cf61781738c6aee40a0e48080f503095ee60ba4d7a59fc38eeb27e
52,src/copeland_erdos_nets/ce_init.py,9f9222e5f1b4bb8554789eb79ca222ddffa81cdbd70fdad0d97bf7d4f0b3375f
52,src/copeland_erdos_nets/assignment.py,0eb2c5a7c24db638b7b4342d28215ce74536df540a656b742c47e8224b20e5e0
52,src/copeland_erdos_nets/r013_protocol.py,fe9f65369af1c7b1202cbc82a173001d7d17b87e5101c3dd06a6e668832ace71
52,src/copeland_erdos_nets/r010_protocol.py,f8b1f306ef8cd9c306c644da80be4af522ae61a8c8295130bc655a310f11a0bf
52,src/copeland_erdos_nets/prime_codebook.py,d1d519d4dc7e160d8298004abcc3ed773e629d6fbad36c20d31f64c90a382355
52,src/copeland_erdos_nets/r012_protocol.py,dbd7547cdef59b6837a5c2b390779c9a1e08bdc3cab02a906dce7dfb5c54252d
52,src/copeland_erdos_nets/ce_stream.py,3c3aafb3913fb7e7a893b245b0d46a8048c391bfe086a5d8597fcb02f6acd93b
52,src/copeland_erdos_nets/utils.py,47037461a75df55421825e595e4eb47cd1b2b35ea1738e137ab1febd914c018b
52,src/copeland_erdos_nets/sobol_init.py,19301aec1fe897749699fb32b33faf1612ef4559ee0ad1ccc9569f26d80bb6ad
52,src/copeland_erdos_nets/__pycache__/assignment.cpython-312.pyc,b3925faaaff1bd4e07106b1cc89ec9b1e4b05bed925c3fd1869d8623f216ecfe
52,src/copeland_erdos_nets/__pycache__/r012_protocol.cpython-312.pyc,da970471000ee9e82e1192e1c5e25996291bf8a0552cc3b39f8bc3b27e069833
52,src/copeland_erdos_nets/__pycache__/prime_codebook.cpython-312.pyc,0967271bb9769acbdbcb76fc7c865a3fc80c396d2c74556a5316b9218bd536e9
52,src/copeland_erdos_nets/__pycache__/__init__.cpython-312.pyc,948fd0d9dbeca75b590fbea1aea27cbca670f3dbc30e3b989fd5bd900f3b0b3c
52,src/copeland_erdos_nets/__pycache__/r013_protocol.cpython-312.pyc,f73f0cf377cd9bf1c23a1ab76bd3707b3279179e421fc00418fc2ba3539f227f
52,src/copeland_erdos_nets/__pycache__/sobol_init.cpython-312.pyc,a0902e1c2dc4a32b217950d56fd9610feab6e06210deada89ce6628d97f7be4f
52,src/copeland_erdos_nets/__pycache__/r010_protocol.cpython-312.pyc,ae6af50de197d1246f31f42032aa0f95250345342a3a8bf7b3b540cda820ea86
52,src/copeland_erdos_nets/__pycache__/ce_init.cpython-312.pyc,bdf2e5bb8a82b42cb92637ce8d889d444391facd99e11d3fe16d97b94bad7c03
52,src/copeland_erdos_nets/__pycache__/ce_stream.cpython-312.pyc,c3a1f52a372e00353d83bfd2f7f7a6e1fd5b417bf9682ce91f16a00e4b71a92b
52,configs/r013_canonical.json,347e76f1255e9b37dba221b78b8b7c79320df95ea3d31ed98daceb934e7cd14c
52,scripts/run_transformer_screening.py,f23ddaf3aba091635be75e9ea387926e093c253774952e394c23c8f044bcb41c
52,scripts/run_r013_seed_atomic.py,fc0e7446cc00bfcb60ca08b00154eb3a5b463d7385f2cdc1d45c97180ad067e1
52,scripts/run_transformer_paired_confirmation.py,29576d1127a75ecf40937a5b04dbbb17206c7bfcc77a46ff1a6240b3db0d6131
53,src/copeland_erdos_nets/__init__.py,419b0e1822cf61781738c6aee40a0e48080f503095ee60ba4d7a59fc38eeb27e
53,src/copeland_erdos_nets/ce_init.py,9f9222e5f1b4bb8554789eb79ca222ddffa81cdbd70fdad0d97bf7d4f0b3375f
53,src/copeland_erdos_nets/assignment.py,0eb2c5a7c24db638b7b4342d28215ce74536df540a656b742c47e8224b20e5e0
53,src/copeland_erdos_nets/r013_protocol.py,fe9f65369af1c7b1202cbc82a173001d7d17b87e5101c3dd06a6e668832ace71
53,src/copeland_erdos_nets/r010_protocol.py,f8b1f306ef8cd9c306c644da80be4af522ae61a8c8295130bc655a310f11a0bf
53,src/copeland_erdos_nets/prime_codebook.py,d1d519d4dc7e160d8298004abcc3ed773e629d6fbad36c20d31f64c90a382355
53,src/copeland_erdos_nets/r012_protocol.py,dbd7547cdef59b6837a5c2b390779c9a1e08bdc3cab02a906dce7dfb5c54252d
53,src/copeland_erdos_nets/ce_stream.py,3c3aafb3913fb7e7a893b245b0d46a8048c391bfe086a5d8597fcb02f6acd93b
53,src/copeland_erdos_nets/utils.py,47037461a75df55421825e595e4eb47cd1b2b35ea1738e137ab1febd914c018b
53,src/copeland_erdos_nets/sobol_init.py,19301aec1fe897749699fb32b33faf1612ef4559ee0ad1ccc9569f26d80bb6ad
53,src/copeland_erdos_nets/__pycache__/assignment.cpython-312.pyc,b3925faaaff1bd4e07106b1cc89ec9b1e4b05bed925c3fd1869d8623f216ecfe
53,src/copeland_erdos_nets/__pycache__/r012_protocol.cpython-312.pyc,da970471000ee9e82e1192e1c5e25996291bf8a0552cc3b39f8bc3b27e069833
53,src/copeland_erdos_nets/__pycache__/prime_codebook.cpython-312.pyc,0967271bb9769acbdbcb76fc7c865a3fc80c396d2c74556a5316b9218bd536e9
53,src/copeland_erdos_nets/__pycache__/__init__.cpython-312.pyc,948fd0d9dbeca75b590fbea1aea27cbca670f3dbc30e3b989fd5bd900f3b0b3c
53,src/copeland_erdos_nets/__pycache__/r013_protocol.cpython-312.pyc,f73f0cf377cd9bf1c23a1ab76bd3707b3279179e421fc00418fc2ba3539f227f
53,src/copeland_erdos_nets/__pycache__/sobol_init.cpython-312.pyc,a0902e1c2dc4a32b217950d56fd9610feab6e06210deada89ce6628d97f7be4f
53,src/copeland_erdos_nets/__pycache__/r010_protocol.cpython-312.pyc,ae6af50de197d1246f31f42032aa0f95250345342a3a8bf7b3b540cda820ea86
53,src/copeland_erdos_nets/__pycache__/ce_init.cpython-312.pyc,bdf2e5bb8a82b42cb92637ce8d889d444391facd99e11d3fe16d97b94bad7c03
53,src/copeland_erdos_nets/__pycache__/ce_stream.cpython-312.pyc,c3a1f52a372e00353d83bfd2f7f7a6e1fd5b417bf9682ce91f16a00e4b71a92b
53,configs/r013_canonical.json,347e76f1255e9b37dba221b78b8b7c79320df95ea3d31ed98daceb934e7cd14c
53,scripts/run_transformer_screening.py,f23ddaf3aba091635be75e9ea387926e093c253774952e394c23c8f044bcb41c
53,scripts/run_r013_seed_atomic.py,fc0e7446cc00bfcb60ca08b00154eb3a5b463d7385f2cdc1d45c97180ad067e1
53,scripts/run_transformer_paired_confirmation.py,29576d1127a75ecf40937a5b04dbbb17206c7bfcc77a46ff1a6240b3db0d6131
54,src/copeland_erdos_nets/__init__.py,419b0e1822cf61781738c6aee40a0e48080f503095ee60ba4d7a59fc38eeb27e
54,src/copeland_erdos_nets/ce_init.py,9f9222e5f1b4bb8554789eb79ca222ddffa81cdbd70fdad0d97bf7d4f0b3375f
54,src/copeland_erdos_nets/assignment.py,0eb2c5a7c24db638b7b4342d28215ce74536df540a656b742c47e8224b20e5e0
54,src/copeland_erdos_nets/r013_protocol.py,fe9f65369af1c7b1202cbc82a173001d7d17b87e5101c3dd06a6e668832ace71
54,src/copeland_erdos_nets/r010_protocol.py,f8b1f306ef8cd9c306c644da80be4af522ae61a8c8295130bc655a310f11a0bf
54,src/copeland_erdos_nets/prime_codebook.py,d1d519d4dc7e160d8298004abcc3ed773e629d6fbad36c20d31f64c90a382355
54,src/copeland_erdos_nets/r012_protocol.py,dbd7547cdef59b6837a5c2b390779c9a1e08bdc3cab02a906dce7dfb5c54252d
54,src/copeland_erdos_nets/ce_stream.py,3c3aafb3913fb7e7a893b245b0d46a8048c391bfe086a5d8597fcb02f6acd93b
54,src/copeland_erdos_nets/utils.py,47037461a75df55421825e595e4eb47cd1b2b35ea1738e137ab1febd914c018b
54,src/copeland_erdos_nets/sobol_init.py,19301aec1fe897749699fb32b33faf1612ef4559ee0ad1ccc9569f26d80bb6ad
54,src/copeland_erdos_nets/__pycache__/assignment.cpython-312.pyc,b3925faaaff1bd4e07106b1cc89ec9b1e4b05bed925c3fd1869d8623f216ecfe
54,src/copeland_erdos_nets/__pycache__/r012_protocol.cpython-312.pyc,da970471000ee9e82e1192e1c5e25996291bf8a0552cc3b39f8bc3b27e069833
54,src/copeland_erdos_nets/__pycache__/prime_codebook.cpython-312.pyc,0967271bb9769acbdbcb76fc7c865a3fc80c396d2c74556a5316b9218bd536e9
54,src/copeland_erdos_nets/__pycache__/__init__.cpython-312.pyc,948fd0d9dbeca75b590fbea1aea27cbca670f3dbc30e3b989fd5bd900f3b0b3c
54,src/copeland_erdos_nets/__pycache__/r013_protocol.cpython-312.pyc,f73f0cf377cd9bf1c23a1ab76bd3707b3279179e421fc00418fc2ba3539f227f
54,src/copeland_erdos_nets/__pycache__/sobol_init.cpython-312.pyc,a0902e1c2dc4a32b217950d56fd9610feab6e06210deada89ce6628d97f7be4f
54,src/copeland_erdos_nets/__pycache__/r010_protocol.cpython-312.pyc,ae6af50de197d1246f31f42032aa0f95250345342a3a8bf7b3b540cda820ea86
54,src/copeland_erdos_nets/__pycache__/ce_init.cpython-312.pyc,bdf2e5bb8a82b42cb92637ce8d889d444391facd99e11d3fe16d97b94bad7c03
54,src/copeland_erdos_nets/__pycache__/ce_stream.cpython-312.pyc,c3a1f52a372e00353d83bfd2f7f7a6e1fd5b417bf9682ce91f16a00e4b71a92b
54,configs/r013_canonical.json,347e76f1255e9b37dba221b78b8b7c79320df95ea3d31ed98daceb934e7cd14c
54,scripts/run_transformer_screening.py,f23ddaf3aba091635be75e9ea387926e093c253774952e394c23c8f044bcb41c
54,scripts/run_r013_seed_atomic.py,fc0e7446cc00bfcb60ca08b00154eb3a5b463d7385f2cdc1d45c97180ad067e1
54,scripts/run_transformer_paired_confirmation.py,29576d1127a75ecf40937a5b04dbbb17206c7bfcc77a46ff1a6240b3db0d6131
55,src/copeland_erdos_nets/__init__.py,419b0e1822cf61781738c6aee40a0e48080f503095ee60ba4d7a59fc38eeb27e
55,src/copeland_erdos_nets/ce_init.py,9f9222e5f1b4bb8554789eb79ca222ddffa81cdbd70fdad0d97bf7d4f0b3375f
55,src/copeland_erdos_nets/assignment.py,0eb2c5a7c24db638b7b4342d28215ce74536df540a656b742c47e8224b20e5e0
55,src/copeland_erdos_nets/r013_protocol.py,fe9f65369af1c7b1202cbc82a173001d7d17b87e5101c3dd06a6e668832ace71
55,src/copeland_erdos_nets/r010_protocol.py,f8b1f306ef8cd9c306c644da80be4af522ae61a8c8295130bc655a310f11a0bf
55,src/copeland_erdos_nets/prime_codebook.py,d1d519d4dc7e160d8298004abcc3ed773e629d6fbad36c20d31f64c90a382355
55,src/copeland_erdos_nets/r012_protocol.py,dbd7547cdef59b6837a5c2b390779c9a1e08bdc3cab02a906dce7dfb5c54252d
55,src/copeland_erdos_nets/ce_stream.py,3c3aafb3913fb7e7a893b245b0d46a8048c391bfe086a5d8597fcb02f6acd93b
55,src/copeland_erdos_nets/utils.py,47037461a75df55421825e595e4eb47cd1b2b35ea1738e137ab1febd914c018b
55,src/copeland_erdos_nets/sobol_init.py,19301aec1fe897749699fb32b33faf1612ef4559ee0ad1ccc9569f26d80bb6ad
55,src/copeland_erdos_nets/__pycache__/assignment.cpython-312.pyc,b3925faaaff1bd4e07106b1cc89ec9b1e4b05bed925c3fd1869d8623f216ecfe
55,src/copeland_erdos_nets/__pycache__/r012_protocol.cpython-312.pyc,da970471000ee9e82e1192e1c5e25996291bf8a0552cc3b39f8bc3b27e069833
55,src/copeland_erdos_nets/__pycache__/prime_codebook.cpython-312.pyc,0967271bb9769acbdbcb76fc7c865a3fc80c396d2c74556a5316b9218bd536e9
55,src/copeland_erdos_nets/__pycache__/__init__.cpython-312.pyc,948fd0d9dbeca75b590fbea1aea27cbca670f3dbc30e3b989fd5bd900f3b0b3c
55,src/copeland_erdos_nets/__pycache__/r013_protocol.cpython-312.pyc,f73f0cf377cd9bf1c23a1ab76bd3707b3279179e421fc00418fc2ba3539f227f
55,src/copeland_erdos_nets/__pycache__/sobol_init.cpython-312.pyc,a0902e1c2dc4a32b217950d56fd9610feab6e06210deada89ce6628d97f7be4f
55,src/copeland_erdos_nets/__pycache__/r010_protocol.cpython-312.pyc,ae6af50de197d1246f31f42032aa0f95250345342a3a8bf7b3b540cda820ea86
55,src/copeland_erdos_nets/__pycache__/ce_init.cpython-312.pyc,bdf2e5bb8a82b42cb92637ce8d889d444391facd99e11d3fe16d97b94bad7c03
55,src/copeland_erdos_nets/__pycache__/ce_stream.cpython-312.pyc,c3a1f52a372e00353d83bfd2f7f7a6e1fd5b417bf9682ce91f16a00e4b71a92b
55,configs/r013_canonical.json,347e76f1255e9b37dba221b78b8b7c79320df95ea3d31ed98daceb934e7cd14c
55,scripts/run_transformer_screening.py,f23ddaf3aba091635be75e9ea387926e093c253774952e394c23c8f044bcb41c
55,scripts/run_r013_seed_atomic.py,fc0e7446cc00bfcb60ca08b00154eb3a5b463d7385f2cdc1d45c97180ad067e1
55,scripts/run_transformer_paired_confirmation.py,29576d1127a75ecf40937a5b04dbbb17206c7bfcc77a46ff1a6240b3db0d6131
56,src/copeland_erdos_nets/__init__.py,419b0e1822cf61781738c6aee40a0e48080f503095ee60ba4d7a59fc38eeb27e
56,src/copeland_erdos_nets/ce_init.py,9f9222e5f1b4bb8554789eb79ca222ddffa81cdbd70fdad0d97bf7d4f0b3375f
56,src/copeland_erdos_nets/assignment.py,0eb2c5a7c24db638b7b4342d28215ce74536df540a656b742c47e8224b20e5e0
56,src/copeland_erdos_nets/r013_protocol.py,fe9f65369af1c7b1202cbc82a173001d7d17b87e5101c3dd06a6e668832ace71
56,src/copeland_erdos_nets/r010_protocol.py,f8b1f306ef8cd9c306c644da80be4af522ae61a8c8295130bc655a310f11a0bf
56,src/copeland_erdos_nets/prime_codebook.py,d1d519d4dc7e160d8298004abcc3ed773e629d6fbad36c20d31f64c90a382355
56,src/copeland_erdos_nets/r012_protocol.py,dbd7547cdef59b6837a5c2b390779c9a1e08bdc3cab02a906dce7dfb5c54252d
56,src/copeland_erdos_nets/ce_stream.py,3c3aafb3913fb7e7a893b245b0d46a8048c391bfe086a5d8597fcb02f6acd93b
56,src/copeland_erdos_nets/utils.py,47037461a75df55421825e595e4eb47cd1b2b35ea1738e137ab1febd914c018b
56,src/copeland_erdos_nets/sobol_init.py,19301aec1fe897749699fb32b33faf1612ef4559ee0ad1ccc9569f26d80bb6ad
56,src/copeland_erdos_nets/__pycache__/assignment.cpython-312.pyc,b3925faaaff1bd4e07106b1cc89ec9b1e4b05bed925c3fd1869d8623f216ecfe
56,src/copeland_erdos_nets/__pycache__/r012_protocol.cpython-312.pyc,da970471000ee9e82e1192e1c5e25996291bf8a0552cc3b39f8bc3b27e069833
56,src/copeland_erdos_nets/__pycache__/prime_codebook.cpython-312.pyc,0967271bb9769acbdbcb76fc7c865a3fc80c396d2c74556a5316b9218bd536e9
56,src/copeland_erdos_nets/__pycache__/__init__.cpython-312.pyc,948fd0d9dbeca75b590fbea1aea27cbca670f3dbc30e3b989fd5bd900f3b0b3c
56,src/copeland_erdos_nets/__pycache__/r013_protocol.cpython-312.pyc,f73f0cf377cd9bf1c23a1ab76bd3707b3279179e421fc00418fc2ba3539f227f
56,src/copeland_erdos_nets/__pycache__/sobol_init.cpython-312.pyc,a0902e1c2dc4a32b217950d56fd9610feab6e06210deada89ce6628d97f7be4f
56,src/copeland_erdos_nets/__pycache__/r010_protocol.cpython-312.pyc,ae6af50de197d1246f31f42032aa0f95250345342a3a8bf7b3b540cda820ea86
56,src/copeland_erdos_nets/__pycache__/ce_init.cpython-312.pyc,bdf2e5bb8a82b42cb92637ce8d889d444391facd99e11d3fe16d97b94bad7c03
56,src/copeland_erdos_nets/__pycache__/ce_stream.cpython-312.pyc,c3a1f52a372e00353d83bfd2f7f7a6e1fd5b417bf9682ce91f16a00e4b71a92b
56,configs/r013_canonical.json,347e76f1255e9b37dba221b78b8b7c79320df95ea3d31ed98daceb934e7cd14c
56,scripts/run_transformer_screening.py,f23ddaf3aba091635be75e9ea387926e093c253774952e394c23c8f044bcb41c
56,scripts/run_r013_seed_atomic.py,fc0e7446cc00bfcb60ca08b00154eb3a5b463d7385f2cdc1d45c97180ad067e1
56,scripts/run_transformer_paired_confirmation.py,29576d1127a75ecf40937a5b04dbbb17206c7bfcc77a46ff1a6240b3db0d6131
