field,on,off,equal
loss_traj,6.403939517339,6.403939517339,true
state_hash,176190ed0179635f95f920d6e190dba9986bfb857c84cce5b0c1820fd9dc810a,176190ed0179635f95f920d6e190dba9986bfb857c84cce5b0c1820fd9dc810a,true
batch_hash,9d973a978cb7bcc90ef9cd84fbce86c4a192156fa46cdb118c463da48edf800c,9d973a978cb7bcc90ef9cd84fbce86c4a192156fa46cdb118c463da48edf800c,true
ckpt_epoch,1,1,true
ckpt_state_hash,176190ed0179635f95f920d6e190dba9986bfb857c84cce5b0c1820fd9dc810a,176190ed0179635f95f920d6e190dba9986bfb857c84cce5b0c1820fd9dc810a,true
ALL_EQUAL,,,true
loss_traj,6.418643331528,6.418643331528,true
state_hash,c869c099173e0c423c3ce8323c02823a130bd7c64958c5cb4a2a943a3e75d7a6,c869c099173e0c423c3ce8323c02823a130bd7c64958c5cb4a2a943a3e75d7a6,true
batch_hash,84ead2ab12cc792c72f7601ea6a8d488e5b271d04ea360daba68f153f9ddea1a,84ead2ab12cc792c72f7601ea6a8d488e5b271d04ea360daba68f153f9ddea1a,true
ckpt_epoch,1,1,true
ckpt_state_hash,c869c099173e0c423c3ce8323c02823a130bd7c64958c5cb4a2a943a3e75d7a6,c869c099173e0c423c3ce8323c02823a130bd7c64958c5cb4a2a943a3e75d7a6,true
ALL_EQUAL,,,true
loss_traj,6.416296283404,6.416296283404,true
state_hash,0a0798afa02847f172b6ca1cf2530c1e1c20e822dd08ee87315fbf68fcbb5cea,0a0798afa02847f172b6ca1cf2530c1e1c20e822dd08ee87315fbf68fcbb5cea,true
batch_hash,3c22c3119c1831bbd728851b51ee55ce3b857ec5eb0b0153f42a0f9cb8c03881,3c22c3119c1831bbd728851b51ee55ce3b857ec5eb0b0153f42a0f9cb8c03881,true
ckpt_epoch,1,1,true
ckpt_state_hash,0a0798afa02847f172b6ca1cf2530c1e1c20e822dd08ee87315fbf68fcbb5cea,0a0798afa02847f172b6ca1cf2530c1e1c20e822dd08ee87315fbf68fcbb5cea,true
ALL_EQUAL,,,true
loss_traj,6.415375868479,6.415375868479,true
state_hash,4b46e70bc75c63a11230b3ac352198829281dc23a24335d13ca7afe3eec0e31b,4b46e70bc75c63a11230b3ac352198829281dc23a24335d13ca7afe3eec0e31b,true
batch_hash,95efed942bc5ed2273b5dd96f0e5baee99a7a98c9b98984f374f40d3088697d2,95efed942bc5ed2273b5dd96f0e5baee99a7a98c9b98984f374f40d3088697d2,true
ckpt_epoch,1,1,true
ckpt_state_hash,4b46e70bc75c63a11230b3ac352198829281dc23a24335d13ca7afe3eec0e31b,4b46e70bc75c63a11230b3ac352198829281dc23a24335d13ca7afe3eec0e31b,true
ALL_EQUAL,,,true
loss_traj,6.419970870018,6.419970870018,true
state_hash,cb48ece1d0b7e318381a8e1ca216e06303e6dd9066f1fa9b8ceea358838b7644,cb48ece1d0b7e318381a8e1ca216e06303e6dd9066f1fa9b8ceea358838b7644,true
batch_hash,b66013116f6bd8a44385db7dba0fd455e37049db58e46d5a0352bf90ca1e5d84,b66013116f6bd8a44385db7dba0fd455e37049db58e46d5a0352bf90ca1e5d84,true
ckpt_epoch,1,1,true
ckpt_state_hash,cb48ece1d0b7e318381a8e1ca216e06303e6dd9066f1fa9b8ceea358838b7644,cb48ece1d0b7e318381a8e1ca216e06303e6dd9066f1fa9b8ceea358838b7644,true
ALL_EQUAL,,,true
