seed,gate,pass
47,shared_base_state,true
47,S0D0==base,true
47,S1D1==fresh_xavier,true
47,S0_RMS_D0==D1,true
47,S1_RMS_D0==D1,true
47,attn_8of8_all_cells,true
47,single_fresh_draw,true
47,non_embedding_identical,true
47,D0_dir_S0==S1,true
47,D1_dir_S0==S1,true
47,batch_order_parity_all_epochs_4cells,true
48,shared_base_state,true
48,S0D0==base,true
48,S1D1==fresh_xavier,true
48,S0_RMS_D0==D1,true
48,S1_RMS_D0==D1,true
48,attn_8of8_all_cells,true
48,single_fresh_draw,true
48,non_embedding_identical,true
48,D0_dir_S0==S1,true
48,D1_dir_S0==S1,true
48,batch_order_parity_all_epochs_4cells,true
49,shared_base_state,true
49,S0D0==base,true
49,S1D1==fresh_xavier,true
49,S0_RMS_D0==D1,true
49,S1_RMS_D0==D1,true
49,attn_8of8_all_cells,true
49,single_fresh_draw,true
49,non_embedding_identical,true
49,D0_dir_S0==S1,true
49,D1_dir_S0==S1,true
49,batch_order_parity_all_epochs_4cells,true
50,shared_base_state,true
50,S0D0==base,true
50,S1D1==fresh_xavier,true
50,S0_RMS_D0==D1,true
50,S1_RMS_D0==D1,true
50,attn_8of8_all_cells,true
50,single_fresh_draw,true
50,non_embedding_identical,true
50,D0_dir_S0==S1,true
50,D1_dir_S0==S1,true
50,batch_order_parity_all_epochs_4cells,true
51,shared_base_state,true
51,S0D0==base,true
51,S1D1==fresh_xavier,true
51,S0_RMS_D0==D1,true
51,S1_RMS_D0==D1,true
51,attn_8of8_all_cells,true
51,single_fresh_draw,true
51,non_embedding_identical,true
51,D0_dir_S0==S1,true
51,D1_dir_S0==S1,true
51,batch_order_parity_all_epochs_4cells,true
