cell,seed,name,sha256
S0D0,47,pos_emb,fa43239bcee7b97ca62f007cc68487560a39e19f74f3dde7486db3f98df8e471
S0D0,47,blocks.0.ln1.weight,8e50a375541f1046f8939daa8d1574a488708d072829f1a0c31054a3fbc222de
S0D0,47,blocks.0.ln1.bias,5f70bf18a086007016e948b04aed3b82103a36bea41755b6cddfaf10ace3c6ef
S0D0,47,blocks.0.attn.q_proj.bias,5f70bf18a086007016e948b04aed3b82103a36bea41755b6cddfaf10ace3c6ef
S0D0,47,blocks.0.attn.k_proj.bias,5f70bf18a086007016e948b04aed3b82103a36bea41755b6cddfaf10ace3c6ef
S0D0,47,blocks.0.attn.v_proj.bias,5f70bf18a086007016e948b04aed3b82103a36bea41755b6cddfaf10ace3c6ef
S0D0,47,blocks.0.attn.out_proj.bias,5f70bf18a086007016e948b04aed3b82103a36bea41755b6cddfaf10ace3c6ef
S0D0,47,blocks.0.ln2.weight,8e50a375541f1046f8939daa8d1574a488708d072829f1a0c31054a3fbc222de
S0D0,47,blocks.0.ln2.bias,5f70bf18a086007016e948b04aed3b82103a36bea41755b6cddfaf10ace3c6ef
S0D0,47,blocks.0.mlp.0.weight,11b9797089c3310451b613c7cd8b73161c9c36905fdc12f3e3d9e3b483d5342c
S0D0,47,blocks.0.mlp.0.bias,ad7facb2586fc6e966c004d7d1d16b024f5805ff7cb47c7a85dabd8b48892ca7
S0D0,47,blocks.0.mlp.2.weight,e832ab570935fc4341408e899df4184b210cca8fa6cce34268ecaf04dbfc494b
S0D0,47,blocks.0.mlp.2.bias,5f70bf18a086007016e948b04aed3b82103a36bea41755b6cddfaf10ace3c6ef
S0D0,47,blocks.1.ln1.weight,8e50a375541f1046f8939daa8d1574a488708d072829f1a0c31054a3fbc222de
S0D0,47,blocks.1.ln1.bias,5f70bf18a086007016e948b04aed3b82103a36bea41755b6cddfaf10ace3c6ef
S0D0,47,blocks.1.attn.q_proj.bias,5f70bf18a086007016e948b04aed3b82103a36bea41755b6cddfaf10ace3c6ef
S0D0,47,blocks.1.attn.k_proj.bias,5f70bf18a086007016e948b04aed3b82103a36bea41755b6cddfaf10ace3c6ef
S0D0,47,blocks.1.attn.v_proj.bias,5f70bf18a086007016e948b04aed3b82103a36bea41755b6cddfaf10ace3c6ef
S0D0,47,blocks.1.attn.out_proj.bias,5f70bf18a086007016e948b04aed3b82103a36bea41755b6cddfaf10ace3c6ef
S0D0,47,blocks.1.ln2.weight,8e50a375541f1046f8939daa8d1574a488708d072829f1a0c31054a3fbc222de
S0D0,47,blocks.1.ln2.bias,5f70bf18a086007016e948b04aed3b82103a36bea41755b6cddfaf10ace3c6ef
S0D0,47,blocks.1.mlp.0.weight,b425b381b9f89b0f5100718f92faf5bc2c50e0bd6b36f642ad9c2c579596fde2
S0D0,47,blocks.1.mlp.0.bias,ad7facb2586fc6e966c004d7d1d16b024f5805ff7cb47c7a85dabd8b48892ca7
S0D0,47,blocks.1.mlp.2.weight,9355940483f780206708dbc9ef67c6b634540bf002d9eea3b8aadfac264f5a64
S0D0,47,blocks.1.mlp.2.bias,5f70bf18a086007016e948b04aed3b82103a36bea41755b6cddfaf10ace3c6ef
S0D0,47,ln_f.weight,8e50a375541f1046f8939daa8d1574a488708d072829f1a0c31054a3fbc222de
S0D0,47,ln_f.bias,5f70bf18a086007016e948b04aed3b82103a36bea41755b6cddfaf10ace3c6ef
S0D0,47,lm_head.weight,b8d9b5f34c533da601a11bf8788b43d17d004aa18cc0e56b2ece5ad0c4cd6d19
S0D0,47,lm_head.bias,5dbfd0124755ca040ec94e42eb7f52fcea148f385be350bfc59cedb74e89013a
S0D0,47,buffer:bias,a1601c9c0fd2f2a8204df6eca1df99d4c0eac9773926dd1499e6d62ecd82dd52
S0D1,47,pos_emb,fa43239bcee7b97ca62f007cc68487560a39e19f74f3dde7486db3f98df8e471
S0D1,47,blocks.0.ln1.weight,8e50a375541f1046f8939daa8d1574a488708d072829f1a0c31054a3fbc222de
S0D1,47,blocks.0.ln1.bias,5f70bf18a086007016e948b04aed3b82103a36bea41755b6cddfaf10ace3c6ef
S0D1,47,blocks.0.attn.q_proj.bias,5f70bf18a086007016e948b04aed3b82103a36bea41755b6cddfaf10ace3c6ef
S0D1,47,blocks.0.attn.k_proj.bias,5f70bf18a086007016e948b04aed3b82103a36bea41755b6cddfaf10ace3c6ef
S0D1,47,blocks.0.attn.v_proj.bias,5f70bf18a086007016e948b04aed3b82103a36bea41755b6cddfaf10ace3c6ef
S0D1,47,blocks.0.attn.out_proj.bias,5f70bf18a086007016e948b04aed3b82103a36bea41755b6cddfaf10ace3c6ef
S0D1,47,blocks.0.ln2.weight,8e50a375541f1046f8939daa8d1574a488708d072829f1a0c31054a3fbc222de
S0D1,47,blocks.0.ln2.bias,5f70bf18a086007016e948b04aed3b82103a36bea41755b6cddfaf10ace3c6ef
S0D1,47,blocks.0.mlp.0.weight,11b9797089c3310451b613c7cd8b73161c9c36905fdc12f3e3d9e3b483d5342c
S0D1,47,blocks.0.mlp.0.bias,ad7facb2586fc6e966c004d7d1d16b024f5805ff7cb47c7a85dabd8b48892ca7
S0D1,47,blocks.0.mlp.2.weight,e832ab570935fc4341408e899df4184b210cca8fa6cce34268ecaf04dbfc494b
S0D1,47,blocks.0.mlp.2.bias,5f70bf18a086007016e948b04aed3b82103a36bea41755b6cddfaf10ace3c6ef
S0D1,47,blocks.1.ln1.weight,8e50a375541f1046f8939daa8d1574a488708d072829f1a0c31054a3fbc222de
S0D1,47,blocks.1.ln1.bias,5f70bf18a086007016e948b04aed3b82103a36bea41755b6cddfaf10ace3c6ef
S0D1,47,blocks.1.attn.q_proj.bias,5f70bf18a086007016e948b04aed3b82103a36bea41755b6cddfaf10ace3c6ef
S0D1,47,blocks.1.attn.k_proj.bias,5f70bf18a086007016e948b04aed3b82103a36bea41755b6cddfaf10ace3c6ef
S0D1,47,blocks.1.attn.v_proj.bias,5f70bf18a086007016e948b04aed3b82103a36bea41755b6cddfaf10ace3c6ef
S0D1,47,blocks.1.attn.out_proj.bias,5f70bf18a086007016e948b04aed3b82103a36bea41755b6cddfaf10ace3c6ef
S0D1,47,blocks.1.ln2.weight,8e50a375541f1046f8939daa8d1574a488708d072829f1a0c31054a3fbc222de
S0D1,47,blocks.1.ln2.bias,5f70bf18a086007016e948b04aed3b82103a36bea41755b6cddfaf10ace3c6ef
S0D1,47,blocks.1.mlp.0.weight,b425b381b9f89b0f5100718f92faf5bc2c50e0bd6b36f642ad9c2c579596fde2
S0D1,47,blocks.1.mlp.0.bias,ad7facb2586fc6e966c004d7d1d16b024f5805ff7cb47c7a85dabd8b48892ca7
S0D1,47,blocks.1.mlp.2.weight,9355940483f780206708dbc9ef67c6b634540bf002d9eea3b8aadfac264f5a64
S0D1,47,blocks.1.mlp.2.bias,5f70bf18a086007016e948b04aed3b82103a36bea41755b6cddfaf10ace3c6ef
S0D1,47,ln_f.weight,8e50a375541f1046f8939daa8d1574a488708d072829f1a0c31054a3fbc222de
S0D1,47,ln_f.bias,5f70bf18a086007016e948b04aed3b82103a36bea41755b6cddfaf10ace3c6ef
S0D1,47,lm_head.weight,b8d9b5f34c533da601a11bf8788b43d17d004aa18cc0e56b2ece5ad0c4cd6d19
S0D1,47,lm_head.bias,5dbfd0124755ca040ec94e42eb7f52fcea148f385be350bfc59cedb74e89013a
S0D1,47,buffer:bias,a1601c9c0fd2f2a8204df6eca1df99d4c0eac9773926dd1499e6d62ecd82dd52
S1D0,47,pos_emb,fa43239bcee7b97ca62f007cc68487560a39e19f74f3dde7486db3f98df8e471
S1D0,47,blocks.0.ln1.weight,8e50a375541f1046f8939daa8d1574a488708d072829f1a0c31054a3fbc222de
S1D0,47,blocks.0.ln1.bias,5f70bf18a086007016e948b04aed3b82103a36bea41755b6cddfaf10ace3c6ef
S1D0,47,blocks.0.attn.q_proj.bias,5f70bf18a086007016e948b04aed3b82103a36bea41755b6cddfaf10ace3c6ef
S1D0,47,blocks.0.attn.k_proj.bias,5f70bf18a086007016e948b04aed3b82103a36bea41755b6cddfaf10ace3c6ef
S1D0,47,blocks.0.attn.v_proj.bias,5f70bf18a086007016e948b04aed3b82103a36bea41755b6cddfaf10ace3c6ef
S1D0,47,blocks.0.attn.out_proj.bias,5f70bf18a086007016e948b04aed3b82103a36bea41755b6cddfaf10ace3c6ef
S1D0,47,blocks.0.ln2.weight,8e50a375541f1046f8939daa8d1574a488708d072829f1a0c31054a3fbc222de
S1D0,47,blocks.0.ln2.bias,5f70bf18a086007016e948b04aed3b82103a36bea41755b6cddfaf10ace3c6ef
S1D0,47,blocks.0.mlp.0.weight,11b9797089c3310451b613c7cd8b73161c9c36905fdc12f3e3d9e3b483d5342c
S1D0,47,blocks.0.mlp.0.bias,ad7facb2586fc6e966c004d7d1d16b024f5805ff7cb47c7a85dabd8b48892ca7
S1D0,47,blocks.0.mlp.2.weight,e832ab570935fc4341408e899df4184b210cca8fa6cce34268ecaf04dbfc494b
S1D0,47,blocks.0.mlp.2.bias,5f70bf18a086007016e948b04aed3b82103a36bea41755b6cddfaf10ace3c6ef
S1D0,47,blocks.1.ln1.weight,8e50a375541f1046f8939daa8d1574a488708d072829f1a0c31054a3fbc222de
S1D0,47,blocks.1.ln1.bias,5f70bf18a086007016e948b04aed3b82103a36bea41755b6cddfaf10ace3c6ef
S1D0,47,blocks.1.attn.q_proj.bias,5f70bf18a086007016e948b04aed3b82103a36bea41755b6cddfaf10ace3c6ef
S1D0,47,blocks.1.attn.k_proj.bias,5f70bf18a086007016e948b04aed3b82103a36bea41755b6cddfaf10ace3c6ef
S1D0,47,blocks.1.attn.v_proj.bias,5f70bf18a086007016e948b04aed3b82103a36bea41755b6cddfaf10ace3c6ef
S1D0,47,blocks.1.attn.out_proj.bias,5f70bf18a086007016e948b04aed3b82103a36bea41755b6cddfaf10ace3c6ef
S1D0,47,blocks.1.ln2.weight,8e50a375541f1046f8939daa8d1574a488708d072829f1a0c31054a3fbc222de
S1D0,47,blocks.1.ln2.bias,5f70bf18a086007016e948b04aed3b82103a36bea41755b6cddfaf10ace3c6ef
S1D0,47,blocks.1.mlp.0.weight,b425b381b9f89b0f5100718f92faf5bc2c50e0bd6b36f642ad9c2c579596fde2
S1D0,47,blocks.1.mlp.0.bias,ad7facb2586fc6e966c004d7d1d16b024f5805ff7cb47c7a85dabd8b48892ca7
S1D0,47,blocks.1.mlp.2.weight,9355940483f780206708dbc9ef67c6b634540bf002d9eea3b8aadfac264f5a64
S1D0,47,blocks.1.mlp.2.bias,5f70bf18a086007016e948b04aed3b82103a36bea41755b6cddfaf10ace3c6ef
S1D0,47,ln_f.weight,8e50a375541f1046f8939daa8d1574a488708d072829f1a0c31054a3fbc222de
S1D0,47,ln_f.bias,5f70bf18a086007016e948b04aed3b82103a36bea41755b6cddfaf10ace3c6ef
S1D0,47,lm_head.weight,b8d9b5f34c533da601a11bf8788b43d17d004aa18cc0e56b2ece5ad0c4cd6d19
S1D0,47,lm_head.bias,5dbfd0124755ca040ec94e42eb7f52fcea148f385be350bfc59cedb74e89013a
S1D0,47,buffer:bias,a1601c9c0fd2f2a8204df6eca1df99d4c0eac9773926dd1499e6d62ecd82dd52
S1D1,47,pos_emb,fa43239bcee7b97ca62f007cc68487560a39e19f74f3dde7486db3f98df8e471
S1D1,47,blocks.0.ln1.weight,8e50a375541f1046f8939daa8d1574a488708d072829f1a0c31054a3fbc222de
S1D1,47,blocks.0.ln1.bias,5f70bf18a086007016e948b04aed3b82103a36bea41755b6cddfaf10ace3c6ef
S1D1,47,blocks.0.attn.q_proj.bias,5f70bf18a086007016e948b04aed3b82103a36bea41755b6cddfaf10ace3c6ef
S1D1,47,blocks.0.attn.k_proj.bias,5f70bf18a086007016e948b04aed3b82103a36bea41755b6cddfaf10ace3c6ef
S1D1,47,blocks.0.attn.v_proj.bias,5f70bf18a086007016e948b04aed3b82103a36bea41755b6cddfaf10ace3c6ef
S1D1,47,blocks.0.attn.out_proj.bias,5f70bf18a086007016e948b04aed3b82103a36bea41755b6cddfaf10ace3c6ef
S1D1,47,blocks.0.ln2.weight,8e50a375541f1046f8939daa8d1574a488708d072829f1a0c31054a3fbc222de
S1D1,47,blocks.0.ln2.bias,5f70bf18a086007016e948b04aed3b82103a36bea41755b6cddfaf10ace3c6ef
S1D1,47,blocks.0.mlp.0.weight,11b9797089c3310451b613c7cd8b73161c9c36905fdc12f3e3d9e3b483d5342c
S1D1,47,blocks.0.mlp.0.bias,ad7facb2586fc6e966c004d7d1d16b024f5805ff7cb47c7a85dabd8b48892ca7
S1D1,47,blocks.0.mlp.2.weight,e832ab570935fc4341408e899df4184b210cca8fa6cce34268ecaf04dbfc494b
S1D1,47,blocks.0.mlp.2.bias,5f70bf18a086007016e948b04aed3b82103a36bea41755b6cddfaf10ace3c6ef
S1D1,47,blocks.1.ln1.weight,8e50a375541f1046f8939daa8d1574a488708d072829f1a0c31054a3fbc222de
S1D1,47,blocks.1.ln1.bias,5f70bf18a086007016e948b04aed3b82103a36bea41755b6cddfaf10ace3c6ef
S1D1,47,blocks.1.attn.q_proj.bias,5f70bf18a086007016e948b04aed3b82103a36bea41755b6cddfaf10ace3c6ef
S1D1,47,blocks.1.attn.k_proj.bias,5f70bf18a086007016e948b04aed3b82103a36bea41755b6cddfaf10ace3c6ef
S1D1,47,blocks.1.attn.v_proj.bias,5f70bf18a086007016e948b04aed3b82103a36bea41755b6cddfaf10ace3c6ef
S1D1,47,blocks.1.attn.out_proj.bias,5f70bf18a086007016e948b04aed3b82103a36bea41755b6cddfaf10ace3c6ef
S1D1,47,blocks.1.ln2.weight,8e50a375541f1046f8939daa8d1574a488708d072829f1a0c31054a3fbc222de
S1D1,47,blocks.1.ln2.bias,5f70bf18a086007016e948b04aed3b82103a36bea41755b6cddfaf10ace3c6ef
S1D1,47,blocks.1.mlp.0.weight,b425b381b9f89b0f5100718f92faf5bc2c50e0bd6b36f642ad9c2c579596fde2
S1D1,47,blocks.1.mlp.0.bias,ad7facb2586fc6e966c004d7d1d16b024f5805ff7cb47c7a85dabd8b48892ca7
S1D1,47,blocks.1.mlp.2.weight,9355940483f780206708dbc9ef67c6b634540bf002d9eea3b8aadfac264f5a64
S1D1,47,blocks.1.mlp.2.bias,5f70bf18a086007016e948b04aed3b82103a36bea41755b6cddfaf10ace3c6ef
S1D1,47,ln_f.weight,8e50a375541f1046f8939daa8d1574a488708d072829f1a0c31054a3fbc222de
S1D1,47,ln_f.bias,5f70bf18a086007016e948b04aed3b82103a36bea41755b6cddfaf10ace3c6ef
S1D1,47,lm_head.weight,b8d9b5f34c533da601a11bf8788b43d17d004aa18cc0e56b2ece5ad0c4cd6d19
S1D1,47,lm_head.bias,5dbfd0124755ca040ec94e42eb7f52fcea148f385be350bfc59cedb74e89013a
S1D1,47,buffer:bias,a1601c9c0fd2f2a8204df6eca1df99d4c0eac9773926dd1499e6d62ecd82dd52
S0D0,48,pos_emb,fa43239bcee7b97ca62f007cc68487560a39e19f74f3dde7486db3f98df8e471
S0D0,48,blocks.0.ln1.weight,8e50a375541f1046f8939daa8d1574a488708d072829f1a0c31054a3fbc222de
S0D0,48,blocks.0.ln1.bias,5f70bf18a086007016e948b04aed3b82103a36bea41755b6cddfaf10ace3c6ef
S0D0,48,blocks.0.attn.q_proj.bias,5f70bf18a086007016e948b04aed3b82103a36bea41755b6cddfaf10ace3c6ef
S0D0,48,blocks.0.attn.k_proj.bias,5f70bf18a086007016e948b04aed3b82103a36bea41755b6cddfaf10ace3c6ef
S0D0,48,blocks.0.attn.v_proj.bias,5f70bf18a086007016e948b04aed3b82103a36bea41755b6cddfaf10ace3c6ef
S0D0,48,blocks.0.attn.out_proj.bias,5f70bf18a086007016e948b04aed3b82103a36bea41755b6cddfaf10ace3c6ef
S0D0,48,blocks.0.ln2.weight,8e50a375541f1046f8939daa8d1574a488708d072829f1a0c31054a3fbc222de
S0D0,48,blocks.0.ln2.bias,5f70bf18a086007016e948b04aed3b82103a36bea41755b6cddfaf10ace3c6ef
S0D0,48,blocks.0.mlp.0.weight,02d9d624402cb41a5199965b5278290bd208b9c3b6fd37d9fdaf27bf67f77a46
S0D0,48,blocks.0.mlp.0.bias,ad7facb2586fc6e966c004d7d1d16b024f5805ff7cb47c7a85dabd8b48892ca7
S0D0,48,blocks.0.mlp.2.weight,06a6e8acd4ba36a155ae83d677049aa024d113fbfc5ec6b9dfaf40a8f7adc5b8
S0D0,48,blocks.0.mlp.2.bias,5f70bf18a086007016e948b04aed3b82103a36bea41755b6cddfaf10ace3c6ef
S0D0,48,blocks.1.ln1.weight,8e50a375541f1046f8939daa8d1574a488708d072829f1a0c31054a3fbc222de
S0D0,48,blocks.1.ln1.bias,5f70bf18a086007016e948b04aed3b82103a36bea41755b6cddfaf10ace3c6ef
S0D0,48,blocks.1.attn.q_proj.bias,5f70bf18a086007016e948b04aed3b82103a36bea41755b6cddfaf10ace3c6ef
S0D0,48,blocks.1.attn.k_proj.bias,5f70bf18a086007016e948b04aed3b82103a36bea41755b6cddfaf10ace3c6ef
S0D0,48,blocks.1.attn.v_proj.bias,5f70bf18a086007016e948b04aed3b82103a36bea41755b6cddfaf10ace3c6ef
S0D0,48,blocks.1.attn.out_proj.bias,5f70bf18a086007016e948b04aed3b82103a36bea41755b6cddfaf10ace3c6ef
S0D0,48,blocks.1.ln2.weight,8e50a375541f1046f8939daa8d1574a488708d072829f1a0c31054a3fbc222de
S0D0,48,blocks.1.ln2.bias,5f70bf18a086007016e948b04aed3b82103a36bea41755b6cddfaf10ace3c6ef
S0D0,48,blocks.1.mlp.0.weight,12cbc9d2020e047abb09eb86860db054044e8e9bbef706bf6263c67ee4208032
S0D0,48,blocks.1.mlp.0.bias,ad7facb2586fc6e966c004d7d1d16b024f5805ff7cb47c7a85dabd8b48892ca7
S0D0,48,blocks.1.mlp.2.weight,4ee02301823d14f9313ea58b2cbb3b66509b5a790b1dc490522e1b43e773fb00
S0D0,48,blocks.1.mlp.2.bias,5f70bf18a086007016e948b04aed3b82103a36bea41755b6cddfaf10ace3c6ef
S0D0,48,ln_f.weight,8e50a375541f1046f8939daa8d1574a488708d072829f1a0c31054a3fbc222de
S0D0,48,ln_f.bias,5f70bf18a086007016e948b04aed3b82103a36bea41755b6cddfaf10ace3c6ef
S0D0,48,lm_head.weight,6162bbd3d2686a2706dbf4c97177e843d2909d59ed7a902cea07e2010658a703
S0D0,48,lm_head.bias,5dbfd0124755ca040ec94e42eb7f52fcea148f385be350bfc59cedb74e89013a
S0D0,48,buffer:bias,a1601c9c0fd2f2a8204df6eca1df99d4c0eac9773926dd1499e6d62ecd82dd52
S0D1,48,pos_emb,fa43239bcee7b97ca62f007cc68487560a39e19f74f3dde7486db3f98df8e471
S0D1,48,blocks.0.ln1.weight,8e50a375541f1046f8939daa8d1574a488708d072829f1a0c31054a3fbc222de
S0D1,48,blocks.0.ln1.bias,5f70bf18a086007016e948b04aed3b82103a36bea41755b6cddfaf10ace3c6ef
S0D1,48,blocks.0.attn.q_proj.bias,5f70bf18a086007016e948b04aed3b82103a36bea41755b6cddfaf10ace3c6ef
S0D1,48,blocks.0.attn.k_proj.bias,5f70bf18a086007016e948b04aed3b82103a36bea41755b6cddfaf10ace3c6ef
S0D1,48,blocks.0.attn.v_proj.bias,5f70bf18a086007016e948b04aed3b82103a36bea41755b6cddfaf10ace3c6ef
S0D1,48,blocks.0.attn.out_proj.bias,5f70bf18a086007016e948b04aed3b82103a36bea41755b6cddfaf10ace3c6ef
S0D1,48,blocks.0.ln2.weight,8e50a375541f1046f8939daa8d1574a488708d072829f1a0c31054a3fbc222de
S0D1,48,blocks.0.ln2.bias,5f70bf18a086007016e948b04aed3b82103a36bea41755b6cddfaf10ace3c6ef
S0D1,48,blocks.0.mlp.0.weight,02d9d624402cb41a5199965b5278290bd208b9c3b6fd37d9fdaf27bf67f77a46
S0D1,48,blocks.0.mlp.0.bias,ad7facb2586fc6e966c004d7d1d16b024f5805ff7cb47c7a85dabd8b48892ca7
S0D1,48,blocks.0.mlp.2.weight,06a6e8acd4ba36a155ae83d677049aa024d113fbfc5ec6b9dfaf40a8f7adc5b8
S0D1,48,blocks.0.mlp.2.bias,5f70bf18a086007016e948b04aed3b82103a36bea41755b6cddfaf10ace3c6ef
S0D1,48,blocks.1.ln1.weight,8e50a375541f1046f8939daa8d1574a488708d072829f1a0c31054a3fbc222de
S0D1,48,blocks.1.ln1.bias,5f70bf18a086007016e948b04aed3b82103a36bea41755b6cddfaf10ace3c6ef
S0D1,48,blocks.1.attn.q_proj.bias,5f70bf18a086007016e948b04aed3b82103a36bea41755b6cddfaf10ace3c6ef
S0D1,48,blocks.1.attn.k_proj.bias,5f70bf18a086007016e948b04aed3b82103a36bea41755b6cddfaf10ace3c6ef
S0D1,48,blocks.1.attn.v_proj.bias,5f70bf18a086007016e948b04aed3b82103a36bea41755b6cddfaf10ace3c6ef
S0D1,48,blocks.1.attn.out_proj.bias,5f70bf18a086007016e948b04aed3b82103a36bea41755b6cddfaf10ace3c6ef
S0D1,48,blocks.1.ln2.weight,8e50a375541f1046f8939daa8d1574a488708d072829f1a0c31054a3fbc222de
S0D1,48,blocks.1.ln2.bias,5f70bf18a086007016e948b04aed3b82103a36bea41755b6cddfaf10ace3c6ef
S0D1,48,blocks.1.mlp.0.weight,12cbc9d2020e047abb09eb86860db054044e8e9bbef706bf6263c67ee4208032
S0D1,48,blocks.1.mlp.0.bias,ad7facb2586fc6e966c004d7d1d16b024f5805ff7cb47c7a85dabd8b48892ca7
S0D1,48,blocks.1.mlp.2.weight,4ee02301823d14f9313ea58b2cbb3b66509b5a790b1dc490522e1b43e773fb00
S0D1,48,blocks.1.mlp.2.bias,5f70bf18a086007016e948b04aed3b82103a36bea41755b6cddfaf10ace3c6ef
S0D1,48,ln_f.weight,8e50a375541f1046f8939daa8d1574a488708d072829f1a0c31054a3fbc222de
S0D1,48,ln_f.bias,5f70bf18a086007016e948b04aed3b82103a36bea41755b6cddfaf10ace3c6ef
S0D1,48,lm_head.weight,6162bbd3d2686a2706dbf4c97177e843d2909d59ed7a902cea07e2010658a703
S0D1,48,lm_head.bias,5dbfd0124755ca040ec94e42eb7f52fcea148f385be350bfc59cedb74e89013a
S0D1,48,buffer:bias,a1601c9c0fd2f2a8204df6eca1df99d4c0eac9773926dd1499e6d62ecd82dd52
S1D0,48,pos_emb,fa43239bcee7b97ca62f007cc68487560a39e19f74f3dde7486db3f98df8e471
S1D0,48,blocks.0.ln1.weight,8e50a375541f1046f8939daa8d1574a488708d072829f1a0c31054a3fbc222de
S1D0,48,blocks.0.ln1.bias,5f70bf18a086007016e948b04aed3b82103a36bea41755b6cddfaf10ace3c6ef
S1D0,48,blocks.0.attn.q_proj.bias,5f70bf18a086007016e948b04aed3b82103a36bea41755b6cddfaf10ace3c6ef
S1D0,48,blocks.0.attn.k_proj.bias,5f70bf18a086007016e948b04aed3b82103a36bea41755b6cddfaf10ace3c6ef
S1D0,48,blocks.0.attn.v_proj.bias,5f70bf18a086007016e948b04aed3b82103a36bea41755b6cddfaf10ace3c6ef
S1D0,48,blocks.0.attn.out_proj.bias,5f70bf18a086007016e948b04aed3b82103a36bea41755b6cddfaf10ace3c6ef
S1D0,48,blocks.0.ln2.weight,8e50a375541f1046f8939daa8d1574a488708d072829f1a0c31054a3fbc222de
S1D0,48,blocks.0.ln2.bias,5f70bf18a086007016e948b04aed3b82103a36bea41755b6cddfaf10ace3c6ef
S1D0,48,blocks.0.mlp.0.weight,02d9d624402cb41a5199965b5278290bd208b9c3b6fd37d9fdaf27bf67f77a46
S1D0,48,blocks.0.mlp.0.bias,ad7facb2586fc6e966c004d7d1d16b024f5805ff7cb47c7a85dabd8b48892ca7
S1D0,48,blocks.0.mlp.2.weight,06a6e8acd4ba36a155ae83d677049aa024d113fbfc5ec6b9dfaf40a8f7adc5b8
S1D0,48,blocks.0.mlp.2.bias,5f70bf18a086007016e948b04aed3b82103a36bea41755b6cddfaf10ace3c6ef
S1D0,48,blocks.1.ln1.weight,8e50a375541f1046f8939daa8d1574a488708d072829f1a0c31054a3fbc222de
S1D0,48,blocks.1.ln1.bias,5f70bf18a086007016e948b04aed3b82103a36bea41755b6cddfaf10ace3c6ef
S1D0,48,blocks.1.attn.q_proj.bias,5f70bf18a086007016e948b04aed3b82103a36bea41755b6cddfaf10ace3c6ef
S1D0,48,blocks.1.attn.k_proj.bias,5f70bf18a086007016e948b04aed3b82103a36bea41755b6cddfaf10ace3c6ef
S1D0,48,blocks.1.attn.v_proj.bias,5f70bf18a086007016e948b04aed3b82103a36bea41755b6cddfaf10ace3c6ef
S1D0,48,blocks.1.attn.out_proj.bias,5f70bf18a086007016e948b04aed3b82103a36bea41755b6cddfaf10ace3c6ef
S1D0,48,blocks.1.ln2.weight,8e50a375541f1046f8939daa8d1574a488708d072829f1a0c31054a3fbc222de
S1D0,48,blocks.1.ln2.bias,5f70bf18a086007016e948b04aed3b82103a36bea41755b6cddfaf10ace3c6ef
S1D0,48,blocks.1.mlp.0.weight,12cbc9d2020e047abb09eb86860db054044e8e9bbef706bf6263c67ee4208032
S1D0,48,blocks.1.mlp.0.bias,ad7facb2586fc6e966c004d7d1d16b024f5805ff7cb47c7a85dabd8b48892ca7
S1D0,48,blocks.1.mlp.2.weight,4ee02301823d14f9313ea58b2cbb3b66509b5a790b1dc490522e1b43e773fb00
S1D0,48,blocks.1.mlp.2.bias,5f70bf18a086007016e948b04aed3b82103a36bea41755b6cddfaf10ace3c6ef
S1D0,48,ln_f.weight,8e50a375541f1046f8939daa8d1574a488708d072829f1a0c31054a3fbc222de
S1D0,48,ln_f.bias,5f70bf18a086007016e948b04aed3b82103a36bea41755b6cddfaf10ace3c6ef
S1D0,48,lm_head.weight,6162bbd3d2686a2706dbf4c97177e843d2909d59ed7a902cea07e2010658a703
S1D0,48,lm_head.bias,5dbfd0124755ca040ec94e42eb7f52fcea148f385be350bfc59cedb74e89013a
S1D0,48,buffer:bias,a1601c9c0fd2f2a8204df6eca1df99d4c0eac9773926dd1499e6d62ecd82dd52
S1D1,48,pos_emb,fa43239bcee7b97ca62f007cc68487560a39e19f74f3dde7486db3f98df8e471
S1D1,48,blocks.0.ln1.weight,8e50a375541f1046f8939daa8d1574a488708d072829f1a0c31054a3fbc222de
S1D1,48,blocks.0.ln1.bias,5f70bf18a086007016e948b04aed3b82103a36bea41755b6cddfaf10ace3c6ef
S1D1,48,blocks.0.attn.q_proj.bias,5f70bf18a086007016e948b04aed3b82103a36bea41755b6cddfaf10ace3c6ef
S1D1,48,blocks.0.attn.k_proj.bias,5f70bf18a086007016e948b04aed3b82103a36bea41755b6cddfaf10ace3c6ef
S1D1,48,blocks.0.attn.v_proj.bias,5f70bf18a086007016e948b04aed3b82103a36bea41755b6cddfaf10ace3c6ef
S1D1,48,blocks.0.attn.out_proj.bias,5f70bf18a086007016e948b04aed3b82103a36bea41755b6cddfaf10ace3c6ef
S1D1,48,blocks.0.ln2.weight,8e50a375541f1046f8939daa8d1574a488708d072829f1a0c31054a3fbc222de
S1D1,48,blocks.0.ln2.bias,5f70bf18a086007016e948b04aed3b82103a36bea41755b6cddfaf10ace3c6ef
S1D1,48,blocks.0.mlp.0.weight,02d9d624402cb41a5199965b5278290bd208b9c3b6fd37d9fdaf27bf67f77a46
S1D1,48,blocks.0.mlp.0.bias,ad7facb2586fc6e966c004d7d1d16b024f5805ff7cb47c7a85dabd8b48892ca7
S1D1,48,blocks.0.mlp.2.weight,06a6e8acd4ba36a155ae83d677049aa024d113fbfc5ec6b9dfaf40a8f7adc5b8
S1D1,48,blocks.0.mlp.2.bias,5f70bf18a086007016e948b04aed3b82103a36bea41755b6cddfaf10ace3c6ef
S1D1,48,blocks.1.ln1.weight,8e50a375541f1046f8939daa8d1574a488708d072829f1a0c31054a3fbc222de
S1D1,48,blocks.1.ln1.bias,5f70bf18a086007016e948b04aed3b82103a36bea41755b6cddfaf10ace3c6ef
S1D1,48,blocks.1.attn.q_proj.bias,5f70bf18a086007016e948b04aed3b82103a36bea41755b6cddfaf10ace3c6ef
S1D1,48,blocks.1.attn.k_proj.bias,5f70bf18a086007016e948b04aed3b82103a36bea41755b6cddfaf10ace3c6ef
S1D1,48,blocks.1.attn.v_proj.bias,5f70bf18a086007016e948b04aed3b82103a36bea41755b6cddfaf10ace3c6ef
S1D1,48,blocks.1.attn.out_proj.bias,5f70bf18a086007016e948b04aed3b82103a36bea41755b6cddfaf10ace3c6ef
S1D1,48,blocks.1.ln2.weight,8e50a375541f1046f8939daa8d1574a488708d072829f1a0c31054a3fbc222de
S1D1,48,blocks.1.ln2.bias,5f70bf18a086007016e948b04aed3b82103a36bea41755b6cddfaf10ace3c6ef
S1D1,48,blocks.1.mlp.0.weight,12cbc9d2020e047abb09eb86860db054044e8e9bbef706bf6263c67ee4208032
S1D1,48,blocks.1.mlp.0.bias,ad7facb2586fc6e966c004d7d1d16b024f5805ff7cb47c7a85dabd8b48892ca7
S1D1,48,blocks.1.mlp.2.weight,4ee02301823d14f9313ea58b2cbb3b66509b5a790b1dc490522e1b43e773fb00
S1D1,48,blocks.1.mlp.2.bias,5f70bf18a086007016e948b04aed3b82103a36bea41755b6cddfaf10ace3c6ef
S1D1,48,ln_f.weight,8e50a375541f1046f8939daa8d1574a488708d072829f1a0c31054a3fbc222de
S1D1,48,ln_f.bias,5f70bf18a086007016e948b04aed3b82103a36bea41755b6cddfaf10ace3c6ef
S1D1,48,lm_head.weight,6162bbd3d2686a2706dbf4c97177e843d2909d59ed7a902cea07e2010658a703
S1D1,48,lm_head.bias,5dbfd0124755ca040ec94e42eb7f52fcea148f385be350bfc59cedb74e89013a
S1D1,48,buffer:bias,a1601c9c0fd2f2a8204df6eca1df99d4c0eac9773926dd1499e6d62ecd82dd52
S0D0,49,pos_emb,fa43239bcee7b97ca62f007cc68487560a39e19f74f3dde7486db3f98df8e471
S0D0,49,blocks.0.ln1.weight,8e50a375541f1046f8939daa8d1574a488708d072829f1a0c31054a3fbc222de
S0D0,49,blocks.0.ln1.bias,5f70bf18a086007016e948b04aed3b82103a36bea41755b6cddfaf10ace3c6ef
S0D0,49,blocks.0.attn.q_proj.bias,5f70bf18a086007016e948b04aed3b82103a36bea41755b6cddfaf10ace3c6ef
S0D0,49,blocks.0.attn.k_proj.bias,5f70bf18a086007016e948b04aed3b82103a36bea41755b6cddfaf10ace3c6ef
S0D0,49,blocks.0.attn.v_proj.bias,5f70bf18a086007016e948b04aed3b82103a36bea41755b6cddfaf10ace3c6ef
S0D0,49,blocks.0.attn.out_proj.bias,5f70bf18a086007016e948b04aed3b82103a36bea41755b6cddfaf10ace3c6ef
S0D0,49,blocks.0.ln2.weight,8e50a375541f1046f8939daa8d1574a488708d072829f1a0c31054a3fbc222de
S0D0,49,blocks.0.ln2.bias,5f70bf18a086007016e948b04aed3b82103a36bea41755b6cddfaf10ace3c6ef
S0D0,49,blocks.0.mlp.0.weight,f673c2f07e174dc0df0e12aa782362047164f9a3ab87058b37f7ec832d72b7d3
S0D0,49,blocks.0.mlp.0.bias,ad7facb2586fc6e966c004d7d1d16b024f5805ff7cb47c7a85dabd8b48892ca7
S0D0,49,blocks.0.mlp.2.weight,5f1f437f52bab19ed1dc3111788b1b52bdf88fc0a90cd494e45eec3862f96e5c
S0D0,49,blocks.0.mlp.2.bias,5f70bf18a086007016e948b04aed3b82103a36bea41755b6cddfaf10ace3c6ef
S0D0,49,blocks.1.ln1.weight,8e50a375541f1046f8939daa8d1574a488708d072829f1a0c31054a3fbc222de
S0D0,49,blocks.1.ln1.bias,5f70bf18a086007016e948b04aed3b82103a36bea41755b6cddfaf10ace3c6ef
S0D0,49,blocks.1.attn.q_proj.bias,5f70bf18a086007016e948b04aed3b82103a36bea41755b6cddfaf10ace3c6ef
S0D0,49,blocks.1.attn.k_proj.bias,5f70bf18a086007016e948b04aed3b82103a36bea41755b6cddfaf10ace3c6ef
S0D0,49,blocks.1.attn.v_proj.bias,5f70bf18a086007016e948b04aed3b82103a36bea41755b6cddfaf10ace3c6ef
S0D0,49,blocks.1.attn.out_proj.bias,5f70bf18a086007016e948b04aed3b82103a36bea41755b6cddfaf10ace3c6ef
S0D0,49,blocks.1.ln2.weight,8e50a375541f1046f8939daa8d1574a488708d072829f1a0c31054a3fbc222de
S0D0,49,blocks.1.ln2.bias,5f70bf18a086007016e948b04aed3b82103a36bea41755b6cddfaf10ace3c6ef
S0D0,49,blocks.1.mlp.0.weight,ed7ab3dfdf6d92b0c42f3a459b480ce8b5817eb9c0f659b5b2a4ca41f6bdf79b
S0D0,49,blocks.1.mlp.0.bias,ad7facb2586fc6e966c004d7d1d16b024f5805ff7cb47c7a85dabd8b48892ca7
S0D0,49,blocks.1.mlp.2.weight,41558c62f7edf050bb98997ba22f7bb7c62c1d506518090abf85c2d61324e9b3
S0D0,49,blocks.1.mlp.2.bias,5f70bf18a086007016e948b04aed3b82103a36bea41755b6cddfaf10ace3c6ef
S0D0,49,ln_f.weight,8e50a375541f1046f8939daa8d1574a488708d072829f1a0c31054a3fbc222de
S0D0,49,ln_f.bias,5f70bf18a086007016e948b04aed3b82103a36bea41755b6cddfaf10ace3c6ef
S0D0,49,lm_head.weight,3e2d030126952769de5b634e7d91e9607084fb9bb085ad2c81e33b9a59f95f1a
S0D0,49,lm_head.bias,5dbfd0124755ca040ec94e42eb7f52fcea148f385be350bfc59cedb74e89013a
S0D0,49,buffer:bias,a1601c9c0fd2f2a8204df6eca1df99d4c0eac9773926dd1499e6d62ecd82dd52
S0D1,49,pos_emb,fa43239bcee7b97ca62f007cc68487560a39e19f74f3dde7486db3f98df8e471
S0D1,49,blocks.0.ln1.weight,8e50a375541f1046f8939daa8d1574a488708d072829f1a0c31054a3fbc222de
S0D1,49,blocks.0.ln1.bias,5f70bf18a086007016e948b04aed3b82103a36bea41755b6cddfaf10ace3c6ef
S0D1,49,blocks.0.attn.q_proj.bias,5f70bf18a086007016e948b04aed3b82103a36bea41755b6cddfaf10ace3c6ef
S0D1,49,blocks.0.attn.k_proj.bias,5f70bf18a086007016e948b04aed3b82103a36bea41755b6cddfaf10ace3c6ef
S0D1,49,blocks.0.attn.v_proj.bias,5f70bf18a086007016e948b04aed3b82103a36bea41755b6cddfaf10ace3c6ef
S0D1,49,blocks.0.attn.out_proj.bias,5f70bf18a086007016e948b04aed3b82103a36bea41755b6cddfaf10ace3c6ef
S0D1,49,blocks.0.ln2.weight,8e50a375541f1046f8939daa8d1574a488708d072829f1a0c31054a3fbc222de
S0D1,49,blocks.0.ln2.bias,5f70bf18a086007016e948b04aed3b82103a36bea41755b6cddfaf10ace3c6ef
S0D1,49,blocks.0.mlp.0.weight,f673c2f07e174dc0df0e12aa782362047164f9a3ab87058b37f7ec832d72b7d3
S0D1,49,blocks.0.mlp.0.bias,ad7facb2586fc6e966c004d7d1d16b024f5805ff7cb47c7a85dabd8b48892ca7
S0D1,49,blocks.0.mlp.2.weight,5f1f437f52bab19ed1dc3111788b1b52bdf88fc0a90cd494e45eec3862f96e5c
S0D1,49,blocks.0.mlp.2.bias,5f70bf18a086007016e948b04aed3b82103a36bea41755b6cddfaf10ace3c6ef
S0D1,49,blocks.1.ln1.weight,8e50a375541f1046f8939daa8d1574a488708d072829f1a0c31054a3fbc222de
S0D1,49,blocks.1.ln1.bias,5f70bf18a086007016e948b04aed3b82103a36bea41755b6cddfaf10ace3c6ef
S0D1,49,blocks.1.attn.q_proj.bias,5f70bf18a086007016e948b04aed3b82103a36bea41755b6cddfaf10ace3c6ef
S0D1,49,blocks.1.attn.k_proj.bias,5f70bf18a086007016e948b04aed3b82103a36bea41755b6cddfaf10ace3c6ef
S0D1,49,blocks.1.attn.v_proj.bias,5f70bf18a086007016e948b04aed3b82103a36bea41755b6cddfaf10ace3c6ef
S0D1,49,blocks.1.attn.out_proj.bias,5f70bf18a086007016e948b04aed3b82103a36bea41755b6cddfaf10ace3c6ef
S0D1,49,blocks.1.ln2.weight,8e50a375541f1046f8939daa8d1574a488708d072829f1a0c31054a3fbc222de
S0D1,49,blocks.1.ln2.bias,5f70bf18a086007016e948b04aed3b82103a36bea41755b6cddfaf10ace3c6ef
S0D1,49,blocks.1.mlp.0.weight,ed7ab3dfdf6d92b0c42f3a459b480ce8b5817eb9c0f659b5b2a4ca41f6bdf79b
S0D1,49,blocks.1.mlp.0.bias,ad7facb2586fc6e966c004d7d1d16b024f5805ff7cb47c7a85dabd8b48892ca7
S0D1,49,blocks.1.mlp.2.weight,41558c62f7edf050bb98997ba22f7bb7c62c1d506518090abf85c2d61324e9b3
S0D1,49,blocks.1.mlp.2.bias,5f70bf18a086007016e948b04aed3b82103a36bea41755b6cddfaf10ace3c6ef
S0D1,49,ln_f.weight,8e50a375541f1046f8939daa8d1574a488708d072829f1a0c31054a3fbc222de
S0D1,49,ln_f.bias,5f70bf18a086007016e948b04aed3b82103a36bea41755b6cddfaf10ace3c6ef
S0D1,49,lm_head.weight,3e2d030126952769de5b634e7d91e9607084fb9bb085ad2c81e33b9a59f95f1a
S0D1,49,lm_head.bias,5dbfd0124755ca040ec94e42eb7f52fcea148f385be350bfc59cedb74e89013a
S0D1,49,buffer:bias,a1601c9c0fd2f2a8204df6eca1df99d4c0eac9773926dd1499e6d62ecd82dd52
S1D0,49,pos_emb,fa43239bcee7b97ca62f007cc68487560a39e19f74f3dde7486db3f98df8e471
S1D0,49,blocks.0.ln1.weight,8e50a375541f1046f8939daa8d1574a488708d072829f1a0c31054a3fbc222de
S1D0,49,blocks.0.ln1.bias,5f70bf18a086007016e948b04aed3b82103a36bea41755b6cddfaf10ace3c6ef
S1D0,49,blocks.0.attn.q_proj.bias,5f70bf18a086007016e948b04aed3b82103a36bea41755b6cddfaf10ace3c6ef
S1D0,49,blocks.0.attn.k_proj.bias,5f70bf18a086007016e948b04aed3b82103a36bea41755b6cddfaf10ace3c6ef
S1D0,49,blocks.0.attn.v_proj.bias,5f70bf18a086007016e948b04aed3b82103a36bea41755b6cddfaf10ace3c6ef
S1D0,49,blocks.0.attn.out_proj.bias,5f70bf18a086007016e948b04aed3b82103a36bea41755b6cddfaf10ace3c6ef
S1D0,49,blocks.0.ln2.weight,8e50a375541f1046f8939daa8d1574a488708d072829f1a0c31054a3fbc222de
S1D0,49,blocks.0.ln2.bias,5f70bf18a086007016e948b04aed3b82103a36bea41755b6cddfaf10ace3c6ef
S1D0,49,blocks.0.mlp.0.weight,f673c2f07e174dc0df0e12aa782362047164f9a3ab87058b37f7ec832d72b7d3
S1D0,49,blocks.0.mlp.0.bias,ad7facb2586fc6e966c004d7d1d16b024f5805ff7cb47c7a85dabd8b48892ca7
S1D0,49,blocks.0.mlp.2.weight,5f1f437f52bab19ed1dc3111788b1b52bdf88fc0a90cd494e45eec3862f96e5c
S1D0,49,blocks.0.mlp.2.bias,5f70bf18a086007016e948b04aed3b82103a36bea41755b6cddfaf10ace3c6ef
S1D0,49,blocks.1.ln1.weight,8e50a375541f1046f8939daa8d1574a488708d072829f1a0c31054a3fbc222de
S1D0,49,blocks.1.ln1.bias,5f70bf18a086007016e948b04aed3b82103a36bea41755b6cddfaf10ace3c6ef
S1D0,49,blocks.1.attn.q_proj.bias,5f70bf18a086007016e948b04aed3b82103a36bea41755b6cddfaf10ace3c6ef
S1D0,49,blocks.1.attn.k_proj.bias,5f70bf18a086007016e948b04aed3b82103a36bea41755b6cddfaf10ace3c6ef
S1D0,49,blocks.1.attn.v_proj.bias,5f70bf18a086007016e948b04aed3b82103a36bea41755b6cddfaf10ace3c6ef
S1D0,49,blocks.1.attn.out_proj.bias,5f70bf18a086007016e948b04aed3b82103a36bea41755b6cddfaf10ace3c6ef
S1D0,49,blocks.1.ln2.weight,8e50a375541f1046f8939daa8d1574a488708d072829f1a0c31054a3fbc222de
S1D0,49,blocks.1.ln2.bias,5f70bf18a086007016e948b04aed3b82103a36bea41755b6cddfaf10ace3c6ef
S1D0,49,blocks.1.mlp.0.weight,ed7ab3dfdf6d92b0c42f3a459b480ce8b5817eb9c0f659b5b2a4ca41f6bdf79b
S1D0,49,blocks.1.mlp.0.bias,ad7facb2586fc6e966c004d7d1d16b024f5805ff7cb47c7a85dabd8b48892ca7
S1D0,49,blocks.1.mlp.2.weight,41558c62f7edf050bb98997ba22f7bb7c62c1d506518090abf85c2d61324e9b3
S1D0,49,blocks.1.mlp.2.bias,5f70bf18a086007016e948b04aed3b82103a36bea41755b6cddfaf10ace3c6ef
S1D0,49,ln_f.weight,8e50a375541f1046f8939daa8d1574a488708d072829f1a0c31054a3fbc222de
S1D0,49,ln_f.bias,5f70bf18a086007016e948b04aed3b82103a36bea41755b6cddfaf10ace3c6ef
S1D0,49,lm_head.weight,3e2d030126952769de5b634e7d91e9607084fb9bb085ad2c81e33b9a59f95f1a
S1D0,49,lm_head.bias,5dbfd0124755ca040ec94e42eb7f52fcea148f385be350bfc59cedb74e89013a
S1D0,49,buffer:bias,a1601c9c0fd2f2a8204df6eca1df99d4c0eac9773926dd1499e6d62ecd82dd52
S1D1,49,pos_emb,fa43239bcee7b97ca62f007cc68487560a39e19f74f3dde7486db3f98df8e471
S1D1,49,blocks.0.ln1.weight,8e50a375541f1046f8939daa8d1574a488708d072829f1a0c31054a3fbc222de
S1D1,49,blocks.0.ln1.bias,5f70bf18a086007016e948b04aed3b82103a36bea41755b6cddfaf10ace3c6ef
S1D1,49,blocks.0.attn.q_proj.bias,5f70bf18a086007016e948b04aed3b82103a36bea41755b6cddfaf10ace3c6ef
S1D1,49,blocks.0.attn.k_proj.bias,5f70bf18a086007016e948b04aed3b82103a36bea41755b6cddfaf10ace3c6ef
S1D1,49,blocks.0.attn.v_proj.bias,5f70bf18a086007016e948b04aed3b82103a36bea41755b6cddfaf10ace3c6ef
S1D1,49,blocks.0.attn.out_proj.bias,5f70bf18a086007016e948b04aed3b82103a36bea41755b6cddfaf10ace3c6ef
S1D1,49,blocks.0.ln2.weight,8e50a375541f1046f8939daa8d1574a488708d072829f1a0c31054a3fbc222de
S1D1,49,blocks.0.ln2.bias,5f70bf18a086007016e948b04aed3b82103a36bea41755b6cddfaf10ace3c6ef
S1D1,49,blocks.0.mlp.0.weight,f673c2f07e174dc0df0e12aa782362047164f9a3ab87058b37f7ec832d72b7d3
S1D1,49,blocks.0.mlp.0.bias,ad7facb2586fc6e966c004d7d1d16b024f5805ff7cb47c7a85dabd8b48892ca7
S1D1,49,blocks.0.mlp.2.weight,5f1f437f52bab19ed1dc3111788b1b52bdf88fc0a90cd494e45eec3862f96e5c
S1D1,49,blocks.0.mlp.2.bias,5f70bf18a086007016e948b04aed3b82103a36bea41755b6cddfaf10ace3c6ef
S1D1,49,blocks.1.ln1.weight,8e50a375541f1046f8939daa8d1574a488708d072829f1a0c31054a3fbc222de
S1D1,49,blocks.1.ln1.bias,5f70bf18a086007016e948b04aed3b82103a36bea41755b6cddfaf10ace3c6ef
S1D1,49,blocks.1.attn.q_proj.bias,5f70bf18a086007016e948b04aed3b82103a36bea41755b6cddfaf10ace3c6ef
S1D1,49,blocks.1.attn.k_proj.bias,5f70bf18a086007016e948b04aed3b82103a36bea41755b6cddfaf10ace3c6ef
S1D1,49,blocks.1.attn.v_proj.bias,5f70bf18a086007016e948b04aed3b82103a36bea41755b6cddfaf10ace3c6ef
S1D1,49,blocks.1.attn.out_proj.bias,5f70bf18a086007016e948b04aed3b82103a36bea41755b6cddfaf10ace3c6ef
S1D1,49,blocks.1.ln2.weight,8e50a375541f1046f8939daa8d1574a488708d072829f1a0c31054a3fbc222de
S1D1,49,blocks.1.ln2.bias,5f70bf18a086007016e948b04aed3b82103a36bea41755b6cddfaf10ace3c6ef
S1D1,49,blocks.1.mlp.0.weight,ed7ab3dfdf6d92b0c42f3a459b480ce8b5817eb9c0f659b5b2a4ca41f6bdf79b
S1D1,49,blocks.1.mlp.0.bias,ad7facb2586fc6e966c004d7d1d16b024f5805ff7cb47c7a85dabd8b48892ca7
S1D1,49,blocks.1.mlp.2.weight,41558c62f7edf050bb98997ba22f7bb7c62c1d506518090abf85c2d61324e9b3
S1D1,49,blocks.1.mlp.2.bias,5f70bf18a086007016e948b04aed3b82103a36bea41755b6cddfaf10ace3c6ef
S1D1,49,ln_f.weight,8e50a375541f1046f8939daa8d1574a488708d072829f1a0c31054a3fbc222de
S1D1,49,ln_f.bias,5f70bf18a086007016e948b04aed3b82103a36bea41755b6cddfaf10ace3c6ef
S1D1,49,lm_head.weight,3e2d030126952769de5b634e7d91e9607084fb9bb085ad2c81e33b9a59f95f1a
S1D1,49,lm_head.bias,5dbfd0124755ca040ec94e42eb7f52fcea148f385be350bfc59cedb74e89013a
S1D1,49,buffer:bias,a1601c9c0fd2f2a8204df6eca1df99d4c0eac9773926dd1499e6d62ecd82dd52
S0D0,50,pos_emb,fa43239bcee7b97ca62f007cc68487560a39e19f74f3dde7486db3f98df8e471
S0D0,50,blocks.0.ln1.weight,8e50a375541f1046f8939daa8d1574a488708d072829f1a0c31054a3fbc222de
S0D0,50,blocks.0.ln1.bias,5f70bf18a086007016e948b04aed3b82103a36bea41755b6cddfaf10ace3c6ef
S0D0,50,blocks.0.attn.q_proj.bias,5f70bf18a086007016e948b04aed3b82103a36bea41755b6cddfaf10ace3c6ef
S0D0,50,blocks.0.attn.k_proj.bias,5f70bf18a086007016e948b04aed3b82103a36bea41755b6cddfaf10ace3c6ef
S0D0,50,blocks.0.attn.v_proj.bias,5f70bf18a086007016e948b04aed3b82103a36bea41755b6cddfaf10ace3c6ef
S0D0,50,blocks.0.attn.out_proj.bias,5f70bf18a086007016e948b04aed3b82103a36bea41755b6cddfaf10ace3c6ef
S0D0,50,blocks.0.ln2.weight,8e50a375541f1046f8939daa8d1574a488708d072829f1a0c31054a3fbc222de
S0D0,50,blocks.0.ln2.bias,5f70bf18a086007016e948b04aed3b82103a36bea41755b6cddfaf10ace3c6ef
S0D0,50,blocks.0.mlp.0.weight,815e54a57f375e8f2f3cccf4546eb7ea890659c2b1945055ff836d8f4e509e19
S0D0,50,blocks.0.mlp.0.bias,ad7facb2586fc6e966c004d7d1d16b024f5805ff7cb47c7a85dabd8b48892ca7
S0D0,50,blocks.0.mlp.2.weight,7544a6fb76003d278f1379f054a5ce0dfdd9c8b6ba832e7e9225be7b43549ae4
S0D0,50,blocks.0.mlp.2.bias,5f70bf18a086007016e948b04aed3b82103a36bea41755b6cddfaf10ace3c6ef
S0D0,50,blocks.1.ln1.weight,8e50a375541f1046f8939daa8d1574a488708d072829f1a0c31054a3fbc222de
S0D0,50,blocks.1.ln1.bias,5f70bf18a086007016e948b04aed3b82103a36bea41755b6cddfaf10ace3c6ef
S0D0,50,blocks.1.attn.q_proj.bias,5f70bf18a086007016e948b04aed3b82103a36bea41755b6cddfaf10ace3c6ef
S0D0,50,blocks.1.attn.k_proj.bias,5f70bf18a086007016e948b04aed3b82103a36bea41755b6cddfaf10ace3c6ef
S0D0,50,blocks.1.attn.v_proj.bias,5f70bf18a086007016e948b04aed3b82103a36bea41755b6cddfaf10ace3c6ef
S0D0,50,blocks.1.attn.out_proj.bias,5f70bf18a086007016e948b04aed3b82103a36bea41755b6cddfaf10ace3c6ef
S0D0,50,blocks.1.ln2.weight,8e50a375541f1046f8939daa8d1574a488708d072829f1a0c31054a3fbc222de
S0D0,50,blocks.1.ln2.bias,5f70bf18a086007016e948b04aed3b82103a36bea41755b6cddfaf10ace3c6ef
S0D0,50,blocks.1.mlp.0.weight,e159d9842a40c0bc13b03457e67b556647f14aa00c6cc4e77dea678911bd856c
S0D0,50,blocks.1.mlp.0.bias,ad7facb2586fc6e966c004d7d1d16b024f5805ff7cb47c7a85dabd8b48892ca7
S0D0,50,blocks.1.mlp.2.weight,7f4bf675ccc4b11368c94906bab97a640e89d533b0d3254a10d05bc8a3b93201
S0D0,50,blocks.1.mlp.2.bias,5f70bf18a086007016e948b04aed3b82103a36bea41755b6cddfaf10ace3c6ef
S0D0,50,ln_f.weight,8e50a375541f1046f8939daa8d1574a488708d072829f1a0c31054a3fbc222de
S0D0,50,ln_f.bias,5f70bf18a086007016e948b04aed3b82103a36bea41755b6cddfaf10ace3c6ef
S0D0,50,lm_head.weight,3dbdcd01c1ff244f130be522251e78eacc08e544695d1dcfb9c153781414476c
S0D0,50,lm_head.bias,5dbfd0124755ca040ec94e42eb7f52fcea148f385be350bfc59cedb74e89013a
S0D0,50,buffer:bias,a1601c9c0fd2f2a8204df6eca1df99d4c0eac9773926dd1499e6d62ecd82dd52
S0D1,50,pos_emb,fa43239bcee7b97ca62f007cc68487560a39e19f74f3dde7486db3f98df8e471
S0D1,50,blocks.0.ln1.weight,8e50a375541f1046f8939daa8d1574a488708d072829f1a0c31054a3fbc222de
S0D1,50,blocks.0.ln1.bias,5f70bf18a086007016e948b04aed3b82103a36bea41755b6cddfaf10ace3c6ef
S0D1,50,blocks.0.attn.q_proj.bias,5f70bf18a086007016e948b04aed3b82103a36bea41755b6cddfaf10ace3c6ef
S0D1,50,blocks.0.attn.k_proj.bias,5f70bf18a086007016e948b04aed3b82103a36bea41755b6cddfaf10ace3c6ef
S0D1,50,blocks.0.attn.v_proj.bias,5f70bf18a086007016e948b04aed3b82103a36bea41755b6cddfaf10ace3c6ef
S0D1,50,blocks.0.attn.out_proj.bias,5f70bf18a086007016e948b04aed3b82103a36bea41755b6cddfaf10ace3c6ef
S0D1,50,blocks.0.ln2.weight,8e50a375541f1046f8939daa8d1574a488708d072829f1a0c31054a3fbc222de
S0D1,50,blocks.0.ln2.bias,5f70bf18a086007016e948b04aed3b82103a36bea41755b6cddfaf10ace3c6ef
S0D1,50,blocks.0.mlp.0.weight,815e54a57f375e8f2f3cccf4546eb7ea890659c2b1945055ff836d8f4e509e19
S0D1,50,blocks.0.mlp.0.bias,ad7facb2586fc6e966c004d7d1d16b024f5805ff7cb47c7a85dabd8b48892ca7
S0D1,50,blocks.0.mlp.2.weight,7544a6fb76003d278f1379f054a5ce0dfdd9c8b6ba832e7e9225be7b43549ae4
S0D1,50,blocks.0.mlp.2.bias,5f70bf18a086007016e948b04aed3b82103a36bea41755b6cddfaf10ace3c6ef
S0D1,50,blocks.1.ln1.weight,8e50a375541f1046f8939daa8d1574a488708d072829f1a0c31054a3fbc222de
S0D1,50,blocks.1.ln1.bias,5f70bf18a086007016e948b04aed3b82103a36bea41755b6cddfaf10ace3c6ef
S0D1,50,blocks.1.attn.q_proj.bias,5f70bf18a086007016e948b04aed3b82103a36bea41755b6cddfaf10ace3c6ef
S0D1,50,blocks.1.attn.k_proj.bias,5f70bf18a086007016e948b04aed3b82103a36bea41755b6cddfaf10ace3c6ef
S0D1,50,blocks.1.attn.v_proj.bias,5f70bf18a086007016e948b04aed3b82103a36bea41755b6cddfaf10ace3c6ef
S0D1,50,blocks.1.attn.out_proj.bias,5f70bf18a086007016e948b04aed3b82103a36bea41755b6cddfaf10ace3c6ef
S0D1,50,blocks.1.ln2.weight,8e50a375541f1046f8939daa8d1574a488708d072829f1a0c31054a3fbc222de
S0D1,50,blocks.1.ln2.bias,5f70bf18a086007016e948b04aed3b82103a36bea41755b6cddfaf10ace3c6ef
S0D1,50,blocks.1.mlp.0.weight,e159d9842a40c0bc13b03457e67b556647f14aa00c6cc4e77dea678911bd856c
S0D1,50,blocks.1.mlp.0.bias,ad7facb2586fc6e966c004d7d1d16b024f5805ff7cb47c7a85dabd8b48892ca7
S0D1,50,blocks.1.mlp.2.weight,7f4bf675ccc4b11368c94906bab97a640e89d533b0d3254a10d05bc8a3b93201
S0D1,50,blocks.1.mlp.2.bias,5f70bf18a086007016e948b04aed3b82103a36bea41755b6cddfaf10ace3c6ef
S0D1,50,ln_f.weight,8e50a375541f1046f8939daa8d1574a488708d072829f1a0c31054a3fbc222de
S0D1,50,ln_f.bias,5f70bf18a086007016e948b04aed3b82103a36bea41755b6cddfaf10ace3c6ef
S0D1,50,lm_head.weight,3dbdcd01c1ff244f130be522251e78eacc08e544695d1dcfb9c153781414476c
S0D1,50,lm_head.bias,5dbfd0124755ca040ec94e42eb7f52fcea148f385be350bfc59cedb74e89013a
S0D1,50,buffer:bias,a1601c9c0fd2f2a8204df6eca1df99d4c0eac9773926dd1499e6d62ecd82dd52
S1D0,50,pos_emb,fa43239bcee7b97ca62f007cc68487560a39e19f74f3dde7486db3f98df8e471
S1D0,50,blocks.0.ln1.weight,8e50a375541f1046f8939daa8d1574a488708d072829f1a0c31054a3fbc222de
S1D0,50,blocks.0.ln1.bias,5f70bf18a086007016e948b04aed3b82103a36bea41755b6cddfaf10ace3c6ef
S1D0,50,blocks.0.attn.q_proj.bias,5f70bf18a086007016e948b04aed3b82103a36bea41755b6cddfaf10ace3c6ef
S1D0,50,blocks.0.attn.k_proj.bias,5f70bf18a086007016e948b04aed3b82103a36bea41755b6cddfaf10ace3c6ef
S1D0,50,blocks.0.attn.v_proj.bias,5f70bf18a086007016e948b04aed3b82103a36bea41755b6cddfaf10ace3c6ef
S1D0,50,blocks.0.attn.out_proj.bias,5f70bf18a086007016e948b04aed3b82103a36bea41755b6cddfaf10ace3c6ef
S1D0,50,blocks.0.ln2.weight,8e50a375541f1046f8939daa8d1574a488708d072829f1a0c31054a3fbc222de
S1D0,50,blocks.0.ln2.bias,5f70bf18a086007016e948b04aed3b82103a36bea41755b6cddfaf10ace3c6ef
S1D0,50,blocks.0.mlp.0.weight,815e54a57f375e8f2f3cccf4546eb7ea890659c2b1945055ff836d8f4e509e19
S1D0,50,blocks.0.mlp.0.bias,ad7facb2586fc6e966c004d7d1d16b024f5805ff7cb47c7a85dabd8b48892ca7
S1D0,50,blocks.0.mlp.2.weight,7544a6fb76003d278f1379f054a5ce0dfdd9c8b6ba832e7e9225be7b43549ae4
S1D0,50,blocks.0.mlp.2.bias,5f70bf18a086007016e948b04aed3b82103a36bea41755b6cddfaf10ace3c6ef
S1D0,50,blocks.1.ln1.weight,8e50a375541f1046f8939daa8d1574a488708d072829f1a0c31054a3fbc222de
S1D0,50,blocks.1.ln1.bias,5f70bf18a086007016e948b04aed3b82103a36bea41755b6cddfaf10ace3c6ef
S1D0,50,blocks.1.attn.q_proj.bias,5f70bf18a086007016e948b04aed3b82103a36bea41755b6cddfaf10ace3c6ef
S1D0,50,blocks.1.attn.k_proj.bias,5f70bf18a086007016e948b04aed3b82103a36bea41755b6cddfaf10ace3c6ef
S1D0,50,blocks.1.attn.v_proj.bias,5f70bf18a086007016e948b04aed3b82103a36bea41755b6cddfaf10ace3c6ef
S1D0,50,blocks.1.attn.out_proj.bias,5f70bf18a086007016e948b04aed3b82103a36bea41755b6cddfaf10ace3c6ef
S1D0,50,blocks.1.ln2.weight,8e50a375541f1046f8939daa8d1574a488708d072829f1a0c31054a3fbc222de
S1D0,50,blocks.1.ln2.bias,5f70bf18a086007016e948b04aed3b82103a36bea41755b6cddfaf10ace3c6ef
S1D0,50,blocks.1.mlp.0.weight,e159d9842a40c0bc13b03457e67b556647f14aa00c6cc4e77dea678911bd856c
S1D0,50,blocks.1.mlp.0.bias,ad7facb2586fc6e966c004d7d1d16b024f5805ff7cb47c7a85dabd8b48892ca7
S1D0,50,blocks.1.mlp.2.weight,7f4bf675ccc4b11368c94906bab97a640e89d533b0d3254a10d05bc8a3b93201
S1D0,50,blocks.1.mlp.2.bias,5f70bf18a086007016e948b04aed3b82103a36bea41755b6cddfaf10ace3c6ef
S1D0,50,ln_f.weight,8e50a375541f1046f8939daa8d1574a488708d072829f1a0c31054a3fbc222de
S1D0,50,ln_f.bias,5f70bf18a086007016e948b04aed3b82103a36bea41755b6cddfaf10ace3c6ef
S1D0,50,lm_head.weight,3dbdcd01c1ff244f130be522251e78eacc08e544695d1dcfb9c153781414476c
S1D0,50,lm_head.bias,5dbfd0124755ca040ec94e42eb7f52fcea148f385be350bfc59cedb74e89013a
S1D0,50,buffer:bias,a1601c9c0fd2f2a8204df6eca1df99d4c0eac9773926dd1499e6d62ecd82dd52
S1D1,50,pos_emb,fa43239bcee7b97ca62f007cc68487560a39e19f74f3dde7486db3f98df8e471
S1D1,50,blocks.0.ln1.weight,8e50a375541f1046f8939daa8d1574a488708d072829f1a0c31054a3fbc222de
S1D1,50,blocks.0.ln1.bias,5f70bf18a086007016e948b04aed3b82103a36bea41755b6cddfaf10ace3c6ef
S1D1,50,blocks.0.attn.q_proj.bias,5f70bf18a086007016e948b04aed3b82103a36bea41755b6cddfaf10ace3c6ef
S1D1,50,blocks.0.attn.k_proj.bias,5f70bf18a086007016e948b04aed3b82103a36bea41755b6cddfaf10ace3c6ef
S1D1,50,blocks.0.attn.v_proj.bias,5f70bf18a086007016e948b04aed3b82103a36bea41755b6cddfaf10ace3c6ef
S1D1,50,blocks.0.attn.out_proj.bias,5f70bf18a086007016e948b04aed3b82103a36bea41755b6cddfaf10ace3c6ef
S1D1,50,blocks.0.ln2.weight,8e50a375541f1046f8939daa8d1574a488708d072829f1a0c31054a3fbc222de
S1D1,50,blocks.0.ln2.bias,5f70bf18a086007016e948b04aed3b82103a36bea41755b6cddfaf10ace3c6ef
S1D1,50,blocks.0.mlp.0.weight,815e54a57f375e8f2f3cccf4546eb7ea890659c2b1945055ff836d8f4e509e19
S1D1,50,blocks.0.mlp.0.bias,ad7facb2586fc6e966c004d7d1d16b024f5805ff7cb47c7a85dabd8b48892ca7
S1D1,50,blocks.0.mlp.2.weight,7544a6fb76003d278f1379f054a5ce0dfdd9c8b6ba832e7e9225be7b43549ae4
S1D1,50,blocks.0.mlp.2.bias,5f70bf18a086007016e948b04aed3b82103a36bea41755b6cddfaf10ace3c6ef
S1D1,50,blocks.1.ln1.weight,8e50a375541f1046f8939daa8d1574a488708d072829f1a0c31054a3fbc222de
S1D1,50,blocks.1.ln1.bias,5f70bf18a086007016e948b04aed3b82103a36bea41755b6cddfaf10ace3c6ef
S1D1,50,blocks.1.attn.q_proj.bias,5f70bf18a086007016e948b04aed3b82103a36bea41755b6cddfaf10ace3c6ef
S1D1,50,blocks.1.attn.k_proj.bias,5f70bf18a086007016e948b04aed3b82103a36bea41755b6cddfaf10ace3c6ef
S1D1,50,blocks.1.attn.v_proj.bias,5f70bf18a086007016e948b04aed3b82103a36bea41755b6cddfaf10ace3c6ef
S1D1,50,blocks.1.attn.out_proj.bias,5f70bf18a086007016e948b04aed3b82103a36bea41755b6cddfaf10ace3c6ef
S1D1,50,blocks.1.ln2.weight,8e50a375541f1046f8939daa8d1574a488708d072829f1a0c31054a3fbc222de
S1D1,50,blocks.1.ln2.bias,5f70bf18a086007016e948b04aed3b82103a36bea41755b6cddfaf10ace3c6ef
S1D1,50,blocks.1.mlp.0.weight,e159d9842a40c0bc13b03457e67b556647f14aa00c6cc4e77dea678911bd856c
S1D1,50,blocks.1.mlp.0.bias,ad7facb2586fc6e966c004d7d1d16b024f5805ff7cb47c7a85dabd8b48892ca7
S1D1,50,blocks.1.mlp.2.weight,7f4bf675ccc4b11368c94906bab97a640e89d533b0d3254a10d05bc8a3b93201
S1D1,50,blocks.1.mlp.2.bias,5f70bf18a086007016e948b04aed3b82103a36bea41755b6cddfaf10ace3c6ef
S1D1,50,ln_f.weight,8e50a375541f1046f8939daa8d1574a488708d072829f1a0c31054a3fbc222de
S1D1,50,ln_f.bias,5f70bf18a086007016e948b04aed3b82103a36bea41755b6cddfaf10ace3c6ef
S1D1,50,lm_head.weight,3dbdcd01c1ff244f130be522251e78eacc08e544695d1dcfb9c153781414476c
S1D1,50,lm_head.bias,5dbfd0124755ca040ec94e42eb7f52fcea148f385be350bfc59cedb74e89013a
S1D1,50,buffer:bias,a1601c9c0fd2f2a8204df6eca1df99d4c0eac9773926dd1499e6d62ecd82dd52
S0D0,51,pos_emb,fa43239bcee7b97ca62f007cc68487560a39e19f74f3dde7486db3f98df8e471
S0D0,51,blocks.0.ln1.weight,8e50a375541f1046f8939daa8d1574a488708d072829f1a0c31054a3fbc222de
S0D0,51,blocks.0.ln1.bias,5f70bf18a086007016e948b04aed3b82103a36bea41755b6cddfaf10ace3c6ef
S0D0,51,blocks.0.attn.q_proj.bias,5f70bf18a086007016e948b04aed3b82103a36bea41755b6cddfaf10ace3c6ef
S0D0,51,blocks.0.attn.k_proj.bias,5f70bf18a086007016e948b04aed3b82103a36bea41755b6cddfaf10ace3c6ef
S0D0,51,blocks.0.attn.v_proj.bias,5f70bf18a086007016e948b04aed3b82103a36bea41755b6cddfaf10ace3c6ef
S0D0,51,blocks.0.attn.out_proj.bias,5f70bf18a086007016e948b04aed3b82103a36bea41755b6cddfaf10ace3c6ef
S0D0,51,blocks.0.ln2.weight,8e50a375541f1046f8939daa8d1574a488708d072829f1a0c31054a3fbc222de
S0D0,51,blocks.0.ln2.bias,5f70bf18a086007016e948b04aed3b82103a36bea41755b6cddfaf10ace3c6ef
S0D0,51,blocks.0.mlp.0.weight,85f1069b4ba8fd45cd886d3eca83a9bde38624b1db1ea49835379c65228aaa2b
S0D0,51,blocks.0.mlp.0.bias,ad7facb2586fc6e966c004d7d1d16b024f5805ff7cb47c7a85dabd8b48892ca7
S0D0,51,blocks.0.mlp.2.weight,9c630bafe4d2b22e41f87f9fe777ff4955c8a0d6698e1531c545730f5f79fd9b
S0D0,51,blocks.0.mlp.2.bias,5f70bf18a086007016e948b04aed3b82103a36bea41755b6cddfaf10ace3c6ef
S0D0,51,blocks.1.ln1.weight,8e50a375541f1046f8939daa8d1574a488708d072829f1a0c31054a3fbc222de
S0D0,51,blocks.1.ln1.bias,5f70bf18a086007016e948b04aed3b82103a36bea41755b6cddfaf10ace3c6ef
S0D0,51,blocks.1.attn.q_proj.bias,5f70bf18a086007016e948b04aed3b82103a36bea41755b6cddfaf10ace3c6ef
S0D0,51,blocks.1.attn.k_proj.bias,5f70bf18a086007016e948b04aed3b82103a36bea41755b6cddfaf10ace3c6ef
S0D0,51,blocks.1.attn.v_proj.bias,5f70bf18a086007016e948b04aed3b82103a36bea41755b6cddfaf10ace3c6ef
S0D0,51,blocks.1.attn.out_proj.bias,5f70bf18a086007016e948b04aed3b82103a36bea41755b6cddfaf10ace3c6ef
S0D0,51,blocks.1.ln2.weight,8e50a375541f1046f8939daa8d1574a488708d072829f1a0c31054a3fbc222de
S0D0,51,blocks.1.ln2.bias,5f70bf18a086007016e948b04aed3b82103a36bea41755b6cddfaf10ace3c6ef
S0D0,51,blocks.1.mlp.0.weight,70f3f4bd4856f8d33d76f02c61e30dfad0d06b33e978976ad97bc5db3c0b110d
S0D0,51,blocks.1.mlp.0.bias,ad7facb2586fc6e966c004d7d1d16b024f5805ff7cb47c7a85dabd8b48892ca7
S0D0,51,blocks.1.mlp.2.weight,4d7275b7874bc0dbe747d6cbee2475fe4440a07496632eb83d650f67019bc93a
S0D0,51,blocks.1.mlp.2.bias,5f70bf18a086007016e948b04aed3b82103a36bea41755b6cddfaf10ace3c6ef
S0D0,51,ln_f.weight,8e50a375541f1046f8939daa8d1574a488708d072829f1a0c31054a3fbc222de
S0D0,51,ln_f.bias,5f70bf18a086007016e948b04aed3b82103a36bea41755b6cddfaf10ace3c6ef
S0D0,51,lm_head.weight,a7b313f7b057675ba6524c8326b487f6b2d2b7d0efedb92aa08f9e67077a71db
S0D0,51,lm_head.bias,5dbfd0124755ca040ec94e42eb7f52fcea148f385be350bfc59cedb74e89013a
S0D0,51,buffer:bias,a1601c9c0fd2f2a8204df6eca1df99d4c0eac9773926dd1499e6d62ecd82dd52
S0D1,51,pos_emb,fa43239bcee7b97ca62f007cc68487560a39e19f74f3dde7486db3f98df8e471
S0D1,51,blocks.0.ln1.weight,8e50a375541f1046f8939daa8d1574a488708d072829f1a0c31054a3fbc222de
S0D1,51,blocks.0.ln1.bias,5f70bf18a086007016e948b04aed3b82103a36bea41755b6cddfaf10ace3c6ef
S0D1,51,blocks.0.attn.q_proj.bias,5f70bf18a086007016e948b04aed3b82103a36bea41755b6cddfaf10ace3c6ef
S0D1,51,blocks.0.attn.k_proj.bias,5f70bf18a086007016e948b04aed3b82103a36bea41755b6cddfaf10ace3c6ef
S0D1,51,blocks.0.attn.v_proj.bias,5f70bf18a086007016e948b04aed3b82103a36bea41755b6cddfaf10ace3c6ef
S0D1,51,blocks.0.attn.out_proj.bias,5f70bf18a086007016e948b04aed3b82103a36bea41755b6cddfaf10ace3c6ef
S0D1,51,blocks.0.ln2.weight,8e50a375541f1046f8939daa8d1574a488708d072829f1a0c31054a3fbc222de
S0D1,51,blocks.0.ln2.bias,5f70bf18a086007016e948b04aed3b82103a36bea41755b6cddfaf10ace3c6ef
S0D1,51,blocks.0.mlp.0.weight,85f1069b4ba8fd45cd886d3eca83a9bde38624b1db1ea49835379c65228aaa2b
S0D1,51,blocks.0.mlp.0.bias,ad7facb2586fc6e966c004d7d1d16b024f5805ff7cb47c7a85dabd8b48892ca7
S0D1,51,blocks.0.mlp.2.weight,9c630bafe4d2b22e41f87f9fe777ff4955c8a0d6698e1531c545730f5f79fd9b
S0D1,51,blocks.0.mlp.2.bias,5f70bf18a086007016e948b04aed3b82103a36bea41755b6cddfaf10ace3c6ef
S0D1,51,blocks.1.ln1.weight,8e50a375541f1046f8939daa8d1574a488708d072829f1a0c31054a3fbc222de
S0D1,51,blocks.1.ln1.bias,5f70bf18a086007016e948b04aed3b82103a36bea41755b6cddfaf10ace3c6ef
S0D1,51,blocks.1.attn.q_proj.bias,5f70bf18a086007016e948b04aed3b82103a36bea41755b6cddfaf10ace3c6ef
S0D1,51,blocks.1.attn.k_proj.bias,5f70bf18a086007016e948b04aed3b82103a36bea41755b6cddfaf10ace3c6ef
S0D1,51,blocks.1.attn.v_proj.bias,5f70bf18a086007016e948b04aed3b82103a36bea41755b6cddfaf10ace3c6ef
S0D1,51,blocks.1.attn.out_proj.bias,5f70bf18a086007016e948b04aed3b82103a36bea41755b6cddfaf10ace3c6ef
S0D1,51,blocks.1.ln2.weight,8e50a375541f1046f8939daa8d1574a488708d072829f1a0c31054a3fbc222de
S0D1,51,blocks.1.ln2.bias,5f70bf18a086007016e948b04aed3b82103a36bea41755b6cddfaf10ace3c6ef
S0D1,51,blocks.1.mlp.0.weight,70f3f4bd4856f8d33d76f02c61e30dfad0d06b33e978976ad97bc5db3c0b110d
S0D1,51,blocks.1.mlp.0.bias,ad7facb2586fc6e966c004d7d1d16b024f5805ff7cb47c7a85dabd8b48892ca7
S0D1,51,blocks.1.mlp.2.weight,4d7275b7874bc0dbe747d6cbee2475fe4440a07496632eb83d650f67019bc93a
S0D1,51,blocks.1.mlp.2.bias,5f70bf18a086007016e948b04aed3b82103a36bea41755b6cddfaf10ace3c6ef
S0D1,51,ln_f.weight,8e50a375541f1046f8939daa8d1574a488708d072829f1a0c31054a3fbc222de
S0D1,51,ln_f.bias,5f70bf18a086007016e948b04aed3b82103a36bea41755b6cddfaf10ace3c6ef
S0D1,51,lm_head.weight,a7b313f7b057675ba6524c8326b487f6b2d2b7d0efedb92aa08f9e67077a71db
S0D1,51,lm_head.bias,5dbfd0124755ca040ec94e42eb7f52fcea148f385be350bfc59cedb74e89013a
S0D1,51,buffer:bias,a1601c9c0fd2f2a8204df6eca1df99d4c0eac9773926dd1499e6d62ecd82dd52
S1D0,51,pos_emb,fa43239bcee7b97ca62f007cc68487560a39e19f74f3dde7486db3f98df8e471
S1D0,51,blocks.0.ln1.weight,8e50a375541f1046f8939daa8d1574a488708d072829f1a0c31054a3fbc222de
S1D0,51,blocks.0.ln1.bias,5f70bf18a086007016e948b04aed3b82103a36bea41755b6cddfaf10ace3c6ef
S1D0,51,blocks.0.attn.q_proj.bias,5f70bf18a086007016e948b04aed3b82103a36bea41755b6cddfaf10ace3c6ef
S1D0,51,blocks.0.attn.k_proj.bias,5f70bf18a086007016e948b04aed3b82103a36bea41755b6cddfaf10ace3c6ef
S1D0,51,blocks.0.attn.v_proj.bias,5f70bf18a086007016e948b04aed3b82103a36bea41755b6cddfaf10ace3c6ef
S1D0,51,blocks.0.attn.out_proj.bias,5f70bf18a086007016e948b04aed3b82103a36bea41755b6cddfaf10ace3c6ef
S1D0,51,blocks.0.ln2.weight,8e50a375541f1046f8939daa8d1574a488708d072829f1a0c31054a3fbc222de
S1D0,51,blocks.0.ln2.bias,5f70bf18a086007016e948b04aed3b82103a36bea41755b6cddfaf10ace3c6ef
S1D0,51,blocks.0.mlp.0.weight,85f1069b4ba8fd45cd886d3eca83a9bde38624b1db1ea49835379c65228aaa2b
S1D0,51,blocks.0.mlp.0.bias,ad7facb2586fc6e966c004d7d1d16b024f5805ff7cb47c7a85dabd8b48892ca7
S1D0,51,blocks.0.mlp.2.weight,9c630bafe4d2b22e41f87f9fe777ff4955c8a0d6698e1531c545730f5f79fd9b
S1D0,51,blocks.0.mlp.2.bias,5f70bf18a086007016e948b04aed3b82103a36bea41755b6cddfaf10ace3c6ef
S1D0,51,blocks.1.ln1.weight,8e50a375541f1046f8939daa8d1574a488708d072829f1a0c31054a3fbc222de
S1D0,51,blocks.1.ln1.bias,5f70bf18a086007016e948b04aed3b82103a36bea41755b6cddfaf10ace3c6ef
S1D0,51,blocks.1.attn.q_proj.bias,5f70bf18a086007016e948b04aed3b82103a36bea41755b6cddfaf10ace3c6ef
S1D0,51,blocks.1.attn.k_proj.bias,5f70bf18a086007016e948b04aed3b82103a36bea41755b6cddfaf10ace3c6ef
S1D0,51,blocks.1.attn.v_proj.bias,5f70bf18a086007016e948b04aed3b82103a36bea41755b6cddfaf10ace3c6ef
S1D0,51,blocks.1.attn.out_proj.bias,5f70bf18a086007016e948b04aed3b82103a36bea41755b6cddfaf10ace3c6ef
S1D0,51,blocks.1.ln2.weight,8e50a375541f1046f8939daa8d1574a488708d072829f1a0c31054a3fbc222de
S1D0,51,blocks.1.ln2.bias,5f70bf18a086007016e948b04aed3b82103a36bea41755b6cddfaf10ace3c6ef
S1D0,51,blocks.1.mlp.0.weight,70f3f4bd4856f8d33d76f02c61e30dfad0d06b33e978976ad97bc5db3c0b110d
S1D0,51,blocks.1.mlp.0.bias,ad7facb2586fc6e966c004d7d1d16b024f5805ff7cb47c7a85dabd8b48892ca7
S1D0,51,blocks.1.mlp.2.weight,4d7275b7874bc0dbe747d6cbee2475fe4440a07496632eb83d650f67019bc93a
S1D0,51,blocks.1.mlp.2.bias,5f70bf18a086007016e948b04aed3b82103a36bea41755b6cddfaf10ace3c6ef
S1D0,51,ln_f.weight,8e50a375541f1046f8939daa8d1574a488708d072829f1a0c31054a3fbc222de
S1D0,51,ln_f.bias,5f70bf18a086007016e948b04aed3b82103a36bea41755b6cddfaf10ace3c6ef
S1D0,51,lm_head.weight,a7b313f7b057675ba6524c8326b487f6b2d2b7d0efedb92aa08f9e67077a71db
S1D0,51,lm_head.bias,5dbfd0124755ca040ec94e42eb7f52fcea148f385be350bfc59cedb74e89013a
S1D0,51,buffer:bias,a1601c9c0fd2f2a8204df6eca1df99d4c0eac9773926dd1499e6d62ecd82dd52
S1D1,51,pos_emb,fa43239bcee7b97ca62f007cc68487560a39e19f74f3dde7486db3f98df8e471
S1D1,51,blocks.0.ln1.weight,8e50a375541f1046f8939daa8d1574a488708d072829f1a0c31054a3fbc222de
S1D1,51,blocks.0.ln1.bias,5f70bf18a086007016e948b04aed3b82103a36bea41755b6cddfaf10ace3c6ef
S1D1,51,blocks.0.attn.q_proj.bias,5f70bf18a086007016e948b04aed3b82103a36bea41755b6cddfaf10ace3c6ef
S1D1,51,blocks.0.attn.k_proj.bias,5f70bf18a086007016e948b04aed3b82103a36bea41755b6cddfaf10ace3c6ef
S1D1,51,blocks.0.attn.v_proj.bias,5f70bf18a086007016e948b04aed3b82103a36bea41755b6cddfaf10ace3c6ef
S1D1,51,blocks.0.attn.out_proj.bias,5f70bf18a086007016e948b04aed3b82103a36bea41755b6cddfaf10ace3c6ef
S1D1,51,blocks.0.ln2.weight,8e50a375541f1046f8939daa8d1574a488708d072829f1a0c31054a3fbc222de
S1D1,51,blocks.0.ln2.bias,5f70bf18a086007016e948b04aed3b82103a36bea41755b6cddfaf10ace3c6ef
S1D1,51,blocks.0.mlp.0.weight,85f1069b4ba8fd45cd886d3eca83a9bde38624b1db1ea49835379c65228aaa2b
S1D1,51,blocks.0.mlp.0.bias,ad7facb2586fc6e966c004d7d1d16b024f5805ff7cb47c7a85dabd8b48892ca7
S1D1,51,blocks.0.mlp.2.weight,9c630bafe4d2b22e41f87f9fe777ff4955c8a0d6698e1531c545730f5f79fd9b
S1D1,51,blocks.0.mlp.2.bias,5f70bf18a086007016e948b04aed3b82103a36bea41755b6cddfaf10ace3c6ef
S1D1,51,blocks.1.ln1.weight,8e50a375541f1046f8939daa8d1574a488708d072829f1a0c31054a3fbc222de
S1D1,51,blocks.1.ln1.bias,5f70bf18a086007016e948b04aed3b82103a36bea41755b6cddfaf10ace3c6ef
S1D1,51,blocks.1.attn.q_proj.bias,5f70bf18a086007016e948b04aed3b82103a36bea41755b6cddfaf10ace3c6ef
S1D1,51,blocks.1.attn.k_proj.bias,5f70bf18a086007016e948b04aed3b82103a36bea41755b6cddfaf10ace3c6ef
S1D1,51,blocks.1.attn.v_proj.bias,5f70bf18a086007016e948b04aed3b82103a36bea41755b6cddfaf10ace3c6ef
S1D1,51,blocks.1.attn.out_proj.bias,5f70bf18a086007016e948b04aed3b82103a36bea41755b6cddfaf10ace3c6ef
S1D1,51,blocks.1.ln2.weight,8e50a375541f1046f8939daa8d1574a488708d072829f1a0c31054a3fbc222de
S1D1,51,blocks.1.ln2.bias,5f70bf18a086007016e948b04aed3b82103a36bea41755b6cddfaf10ace3c6ef
S1D1,51,blocks.1.mlp.0.weight,70f3f4bd4856f8d33d76f02c61e30dfad0d06b33e978976ad97bc5db3c0b110d
S1D1,51,blocks.1.mlp.0.bias,ad7facb2586fc6e966c004d7d1d16b024f5805ff7cb47c7a85dabd8b48892ca7
S1D1,51,blocks.1.mlp.2.weight,4d7275b7874bc0dbe747d6cbee2475fe4440a07496632eb83d650f67019bc93a
S1D1,51,blocks.1.mlp.2.bias,5f70bf18a086007016e948b04aed3b82103a36bea41755b6cddfaf10ace3c6ef
S1D1,51,ln_f.weight,8e50a375541f1046f8939daa8d1574a488708d072829f1a0c31054a3fbc222de
S1D1,51,ln_f.bias,5f70bf18a086007016e948b04aed3b82103a36bea41755b6cddfaf10ace3c6ef
S1D1,51,lm_head.weight,a7b313f7b057675ba6524c8326b487f6b2d2b7d0efedb92aa08f9e67077a71db
S1D1,51,lm_head.bias,5dbfd0124755ca040ec94e42eb7f52fcea148f385be350bfc59cedb74e89013a
S1D1,51,buffer:bias,a1601c9c0fd2f2a8204df6eca1df99d4c0eac9773926dd1499e6d62ecd82dd52
