dose,seed,epoch,train_loss,val_loss,val_ppl,embedding_rms_epoch_start,embedding_rms_epoch_end,embedding_grad_l2_mean,embedding_grad_l2_median,embedding_grad_l2_max,embedding_grad_rms_mean,embedding_grad_rms_median,embedding_grad_rms_max,embedding_relative_epoch_displacement
D_below,52,1,6.885490493545402,6.145728516578674,466.7195381617757,0.0031501726745495878,0.0115422430878797,0.31582137138159433,0.3362563053405862,0.9527401329287312,0.0001245197528175331,0.00013257668992183627,0.00037563944875752993,3.5375281024219567
D_below,52,2,5.672694868738819,5.717215180397034,304.05699895609325,0.0115422430878797,0.01624411311158682,0.5599390482137602,0.5557979822747859,0.7684130943986589,0.00022076869456759494,0.0002191359852139928,0.00030296432492108734,0.8806853785166159
D_below,52,3,5.130478236523951,5.529252465566,251.95549520013108,0.01624411311158682,0.019778336382193652,0.6222958951797183,0.6213713881077658,0.7732911865642409,0.0002453542985649258,0.0002449897906420643,0.00030488762361370646,0.5428269781843809
D_below,52,4,4.748397737179163,5.451352421442667,233.07316600061918,0.019778336382193652,0.0227791323340334,0.681400909976228,0.683108002633566,0.8227209176649324,0.00026865779383043633,0.0002693308539048653,0.00032437641840795875,0.41173444191311576
D_below,52,5,4.449130846746585,5.4516903559366865,233.1519427729857,0.0227791323340334,0.02544577987012278,0.7333387669918037,0.7338834550459791,0.8635853172017901,0.0002891354742646641,0.0002893502299082479,0.0003404881365830353,0.34564406273404247
D_below,52,6,4.195124712448382,5.4886391162872314,241.9277471998284,0.02544577987012278,0.02784689815880358,0.7854393411027853,0.7892824202715691,0.9507798576991587,0.0003096773096115582,0.0003111925309091599,0.0003748665657003356,0.3033487073643831
D_below,52,7,3.9728695164413845,5.575696476300558,263.93331493629313,0.02784689815880358,0.03001582917310072,0.8306830467184009,0.8334829089226663,0.9396130582848884,0.0003275156687294365,0.000328619578031309,0.000370463801261865,0.272307897513628
D_below,52,8,3.7751541730674627,5.676081911722819,291.8038738557541,0.03001582917310072,0.031985452221920466,0.8792468836594766,0.8820958691920497,1.0189221333260225,0.00034666306507351476,0.0003477863423639173,0.000401733206423104,0.24768496967939477
D_below,52,9,3.5972093488912433,5.803647152582804,331.5064122522237,0.031985452221920466,0.033794809234865886,0.9199591458908379,0.9249627026104089,1.005634236085975,0.0003627147996585263,0.0003646875656027812,0.00039649415096413594,0.22898402054241707
D_below,52,10,3.4383018376692287,5.9474241733551025,382.7661289721507,0.033794809234865886,0.03546086315368346,0.9579575132127034,0.9621634727783371,1.0602285313902275,0.00037769651950126477,0.0003793548146419076,0.0004180191925621573,0.2129671993272905
D_below,52,11,3.295854763551192,6.082997258504232,438.3410491902515,0.03546086315368346,0.03700907121092514,0.9922488702804985,0.9972991530336662,1.0882192969913558,0.00039121666630824063,0.00039320785505310635,0.00042905518800027064,0.19995874947260378
D_below,52,12,3.16780361016864,6.235613131523133,510.6135957820663,0.03700907121092514,0.03846607588281505,1.0233764972442694,1.0304736098225298,1.1400984755964705,0.0004034894406248397,0.0004062876385431668,0.00044950973313768696,0.1898436101609396
D_below,52,13,3.0530769555073864,6.379564102490743,589.6706156770068,0.03846607588281505,0.039837320835184716,1.053355567713539,1.0595965766615314,1.169168311311811,0.00041530937044213654,0.00041777003004897815,0.00046097117649057163,0.1813405749047767
D_below,52,14,2.949033733502056,6.527210148175557,683.4887168830276,0.039837320835184716,0.04113101635259294,1.07700121038236,1.0810124954914666,1.1791535810035623,0.00042463220241976024,0.0004262137427318726,0.00046490809598526584,0.173505917826817
D_below,52,15,2.85747101049276,6.683028054237366,798.7340639347894,0.04113101635259294,0.04236310581296029,1.1001868922718276,1.1048415102917304,1.2033359395669156,0.00043377368440735537,0.000435608873339513,0.00047444254040136406,0.1673727370388261
D_xavier,52,1,6.88034929255883,6.152638300259908,469.955636705085,0.0063003453490991755,0.012843668180119104,0.29061891228173553,0.31104821948738454,0.5955540811076706,0.0001145831105827787,0.0001226378292117065,0.00023481073065000963,1.7980915762526857
D_xavier,52,2,5.680468151131788,5.705916841824849,300.6409939654935,0.012843668180119104,0.017316899781207533,0.5350755041283852,0.5336567260714961,0.764070062770588,0.00021096567727926218,0.00021040629178810958,0.0003012519860048184,0.8124722435254635
D_xavier,52,3,5.122879679370704,5.51472225189209,248.3209969812831,0.017316899781207533,0.020775593529501805,0.6003972777998933,0.6013782098144326,0.7134983090915528,0.00023672027100924513,0.0002371070257479979,0.00028131292285619444,0.5225450498248138
D_xavier,52,4,4.733632530192772,5.435781645774841,229.47214412559748,0.020775593529501805,0.023718425861467298,0.6586430285802063,0.6612890412532443,0.7414260611272073,0.0002596849819092969,0.0002607282325371991,0.0002923240737641147,0.3982744590990437
D_xavier,52,5,4.431900195355685,5.433496562639872,228.9483798494755,0.023718425861467298,0.026320867579974573,0.7105264724576894,0.7137774566850185,0.7929295070996425,0.00028014120872727426,0.00028142298313864426,0.0003126304777724425,0.33470235794018505
D_xavier,52,6,4.176269453958214,5.476207009951273,238.93869433079837,0.026320867579974573,0.028667652390814046,0.7630249499880654,0.7654727480358806,0.8972852521464902,0.0003008399265397579,0.0003018050265471698,0.0003537751017777079,0.2945888321373112
D_xavier,52,7,3.952204898536512,5.572194290161133,263.0105880627515,0.028667652390814046,0.030795815255103394,0.8124852426943536,0.8164699350050214,0.9028963578871548,0.0003203407709415399,0.00032191182643853715,0.00035598740773029147,0.26552501302316894
D_xavier,52,8,3.7539127421011034,5.679997936884562,292.9488255346826,0.030795815255103394,0.03272765562383368,0.85676869083568,0.860692363044418,0.9356729563932844,0.000337800526727995,0.00033934752366310354,0.00036891032655091637,0.2422689429888234
D_xavier,52,9,3.5751107614199866,5.80134429136912,330.7438773363891,0.03272765562383368,0.034509313561979525,0.9015131287033582,0.9048289024865651,0.9899600460414318,0.0003554420381902161,0.00035674935735635605,0.00039031424533766295,0.22395951106025286
D_xavier,52,10,3.4151942623622626,5.9412829319636025,380.42267300728,0.034509313561979525,0.03615253659952255,0.938481047720656,0.9432041713175803,1.0357708166256208,0.00037001748037158316,0.0003718796791842945,0.0004083761827061496,0.2090733251543801
D_xavier,52,11,3.272333885343365,6.090545296669006,441.662182411015,0.03615253659952255,0.03768603425673216,0.9748916267132961,0.9793641172877526,1.151225022652743,0.0003843731785824834,0.0003861365596303644,0.00045389662716926814,0.19691593149963224
D_xavier,52,12,3.1445571611512384,6.239017828305562,512.3550431165265,0.03768603425673216,0.039121911995656074,1.0075065896206326,1.0143090355424151,1.094010856625852,0.00039723236889505905,0.0003999143877876676,0.0004313386420013747,0.18691104961498292
D_xavier,52,13,3.029021027566638,6.389376743634542,595.485323987583,0.039121911995656074,0.04047146441406368,1.035177847166951,1.039849079426852,1.1710183063616757,0.00040814239102163224,0.0004099841304954735,0.0004617005790807607,0.17852465231802997
D_xavier,52,14,2.9255696623034995,6.5361217578252155,689.6069225676109,0.04047146441406368,0.041753567632368156,1.0626301129157891,1.0696967996404123,1.1478626534294147,0.0004189660706553841,0.00042175227248947663,0.0004525709366919627,0.17121022170131026
D_xavier,52,15,2.8342145838827455,6.693944120407105,807.50086023852,0.041753567632368156,0.0429696502863663,1.0848681872077715,1.0919116013748016,1.1772574125181743,0.000427733936812959,0.0004305109629123435,0.00046416048846881436,0.16511684264853632
D_mid1,52,1,6.941066010738523,6.244419233004252,515.1299675521844,0.03411213466597505,0.035967072635529077,0.14825516699642372,0.16082648298981295,0.550964056696737,5.845296873849443e-05,6.340949575640971e-05,0.00021723010020220957,0.38340277465669675
D_mid1,52,2,5.824846828781311,5.828413367271423,339.81908303564234,0.035967072635529077,0.03789458655596425,0.3335675868766277,0.33369012967540035,0.5121577852603345,0.00013151660156535984,0.0001315649168486036,0.0002019298458024133,0.3156901557985876
D_mid1,52,3,5.3137575700802415,5.625285673141479,277.35150508275314,0.03789458655596425,0.03971788769341236,0.41631768992199986,0.41396773824966565,0.5761466187300338,0.00016414271021582602,0.00016321618836554044,0.00022715889756630414,0.26346261703018053
D_mid1,52,4,4.9380134652859144,5.5149685621261595,248.3821685174523,0.03971788769341236,0.041426112169623816,0.4727422620869575,0.46942693232614924,0.5858348322284122,0.00018638938005985752,0.00018508223595963875,0.00023097869590605602,0.22983183913321814
D_mid1,52,5,4.63846635000579,5.4770244042078655,239.13408129043262,0.041426112169623816,0.043033382447673886,0.5191190426740908,0.5188593598886334,0.644343937166344,0.00020467447973477888,0.00020457209389523082,0.0002540472401675637,0.20810023194774335
D_mid1,52,6,4.384586751358791,5.487228926022848,241.58682348619163,0.043033382447673886,0.044562052381216556,0.558736722066206,0.5587802315959144,0.6496552268556967,0.00022029465016064242,0.00022031180478149914,0.00025614133682849363,0.1930702466120972
D_mid1,52,7,4.161991067039006,5.547049578030904,256.47971509439304,0.044562052381216556,0.04601715156361764,0.6018939601823874,0.6033099909028157,0.6847367482825352,0.00023731037205117032,0.00023786867434248904,0.00026997302389078183,0.18161368114305437
D_mid1,52,8,3.9646128414016646,5.63300089041392,279.49960809062003,0.04601715156361764,0.0473872188210023,0.6462668511134815,0.6494814646238357,0.7021695978716619,0.0002548053926901099,0.00025607282711977543,0.00027684632100885586,0.17157386321976845
D_mid1,52,9,3.785091773518976,5.731408532460531,308.4033587321759,0.0473872188210023,0.0486765041844883,0.6878134854320913,0.6911212146103639,0.7636194351553465,0.00027118609743191456,0.00027249024482974276,0.0003010743158268404,0.16279360173747176
D_mid1,52,10,3.623887597798892,5.864642453193665,352.3561497664272,0.0486765041844883,0.049894244478091,0.7272634710904209,0.7303867170985995,0.8210266440883831,0.0002867401507923348,0.0002879715615079094,0.0003237084125474488,0.15480523498865617
D_mid1,52,11,3.478753443647617,5.980660025278727,395.7014549469986,0.049894244478091,0.05104614280738921,0.7649526869429828,0.7678146063219059,0.8837553422513369,0.0003015999806427259,0.00030272835739597804,0.0003484406273296428,0.14837284147178326
D_mid1,52,12,3.346960644779238,6.129272643725077,459.1021084077728,0.05104614280738921,0.05213464418966925,0.798529483090846,0.8023690481020679,0.8910359447006573,0.0003148383955683736,0.00031635223132949603,0.00035131117029950636,0.14279276325743928
D_mid1,52,13,3.2276417779677113,6.272615257898966,529.8612913711733,0.05213464418966925,0.053169101157512715,0.8293586272453498,0.8333853866384141,0.9355794392587704,0.00032699348625429364,0.0003285811276545148,0.0003688734552954249,0.1381449495066172
D_mid1,52,14,3.121604794703462,6.406004770596822,605.4698514546158,0.053169101157512715,0.05415950043547281,0.8619743910963731,0.8664098745957909,0.9623799522944366,0.00033985299235711946,0.0003416017825246678,0.000379440166610702,0.1341506481492219
D_mid1,52,15,3.02616399107421,6.553651181856791,701.8019079916411,0.05415950043547281,0.055108091909565456,0.8870515366920444,0.8907485289388902,0.999324994853315,0.00034974022689505507,0.00035119785010380666,0.0003940065892284618,0.13044432716543955
D_mid2,52,1,7.0215622532224575,6.38033234278361,590.1237984578365,0.1846942606047101,0.18447521046535156,0.0420861740635682,0.04697064866759049,0.11557703726211614,1.659343054748257e-05,1.851924566149996e-05,4.556887346889736e-05,0.10404417073465562
D_mid2,52,2,6.005411157068217,6.0001487016677855,403.4887884877275,0.18447521046535156,0.1843475899394052,0.10269316429558895,0.10184209359536156,0.16040168594856966,4.048911376135668e-05,4.015355979691482e-05,6.324200986923926e-05,0.08361870084654258
D_mid2,52,3,5.550494926871403,5.792700886726379,327.8974433329346,0.1843475899394052,0.18422323765797508,0.12851179845068947,0.12762605257331908,0.18948570127891007,5.066869701443224e-05,5.0319471573396317e-05,7.47090438575743e-05,0.06713398269211567
D_mid2,52,4,5.210976742144106,5.6478071769078575,283.6687479373707,0.18422323765797508,0.18412549920115692,0.14780539589717748,0.14604602246301032,0.2114853370302854,5.8275636261412176e-05,5.7581963302619506e-05,8.338290020191627e-05,0.05965400147029334
D_mid2,52,5,4.946166295334569,5.571339305241903,262.78581407923554,0.18412549920115692,0.18403974607049578,0.16151459542388646,0.15978955463816302,0.22188677649275587,6.368079972113721e-05,6.300066318921483e-05,8.748390408631913e-05,0.054759732921221764
D_mid2,52,6,4.727386405905565,5.534531927108764,253.28920207677626,0.18403974607049578,0.1839657110128573,0.17421639037629816,0.17305808511967388,0.21603966253763798,6.868877103382675e-05,6.823208286351343e-05,8.517854653181876e-05,0.0512833659023912
D_mid2,52,7,4.540218086635269,5.530295348167419,252.21839226396693,0.1839657110128573,0.18390127960897482,0.18556966173677578,0.18455223340429383,0.2541200717824276,7.316505627472935e-05,7.276391203323617e-05,0.00010019261326710129,0.048866597526631736
D_mid2,52,8,4.378250970235206,5.538473065694173,254.289419627678,0.18390127960897482,0.18384289508540164,0.19639783898859628,0.19468272168488276,0.3099913520024124,7.743431123034792e-05,7.675808725672254e-05,0.00012222113518807565,0.04703181786840254
D_mid2,52,9,4.234344330700961,5.5783726612726845,264.64059529177194,0.18384289508540164,0.18378925255996287,0.20805243251779487,0.20554138337192399,0.32270614012410004,8.20293995839197e-05,8.103936139369625e-05,0.0001272342293530265,0.045600980387190536
D_mid2,52,10,4.107936046953676,5.618760355313619,275.5475903214809,0.18378925255996287,0.1837383100936515,0.21676767959467486,0.2146905665590077,0.28192037818995846,8.546558380099599e-05,8.464663478356915e-05,0.00011115351583988762,0.04443167568108754
D_mid2,52,11,3.995152703689261,5.672303811709086,290.7034896256801,0.1837383100936515,0.18368983080359844,0.22699931094611955,0.2243153804814866,0.37055261938786016,8.949963697867864e-05,8.844143639974525e-05,0.00014609879113062078,0.0434944489967237
D_mid2,52,12,3.8926556662466267,5.733562175432841,309.06826518690673,0.18368983080359844,0.18363891512004035,0.23589038303100646,0.23318448558635468,0.32156854650435257,9.300514420084603e-05,9.193828264083297e-05,0.000126785707216231,0.042814249573066385
D_mid2,52,13,3.799648282049451,5.798734370867411,329.8817875923197,0.18363891512004035,0.18358800932448366,0.24404438663556813,0.24077570068783247,0.36679702232060357,9.622004542450801e-05,9.493129170758994e-05,0.00014461806163960732,0.04226964857566923
D_mid2,52,14,3.714277817904438,5.865414881706238,352.6284248460671,0.18358800932448366,0.1835341919076389,0.25506931636483265,0.25196894594192437,0.4367562477834656,0.00010056687451562727,9.934448301940114e-05,0.00017220107612603397,0.04181138540027625
D_mid2,52,15,3.6355181885419947,5.947794739405314,382.90799538853395,0.1835341919076389,0.18347663351786703,0.26358939451694047,0.26088460580224554,0.3622265332357317,0.00010392610894883053,0.00010285968453079922,0.00014281604245194494,0.04145360816041275
D_ctor,52,1,7.027660071338634,6.4039395173390705,604.2206932294755,0.9999952412429428,0.9968095595056522,0.00646658426839239,0.006478090378393655,0.01936812699036819,2.5495978031868414e-06,2.5541343485351854e-06,7.63632421336446e-06,0.0233534685766843
D_ctor,52,2,6.012422858544116,6.084388812383016,438.9514489810813,0.9968095595056522,0.9940222515272356,0.01702779388888976,0.016800298835302437,0.02815594179417235,6.713594703224132e-06,6.623899608443237e-06,1.1101119905907398e-05,0.02418702156425868
D_ctor,52,3,5.609058466824618,5.932932408650716,377.2591714372733,0.9940222515272356,0.9911806151967489,0.024619360708988517,0.023913045020508904,0.046147745489017386,9.70674244304037e-06,9.42826143158798e-06,1.819479738258701e-05,0.0189695472522757
D_ctor,52,4,5.330085423961921,5.832955439885457,341.3660766053947,0.9911806151967489,0.9883282651316266,0.03385955765104345,0.03219978528290349,0.08952238925068488,1.3349900074129864e-05,1.2695497099087231e-05,3.5296236389466563e-05,0.01631687841073486
D_ctor,52,5,5.117147018733605,5.776357165972391,322.58193499656414,0.9883282651316266,0.985484332519156,0.03952827987237506,0.0379983450816841,0.0754287390316274,1.55849226335709e-05,1.4981711074041575e-05,2.9739494507507643e-05,0.014697692488746254
D_ctor,52,6,4.946438979938959,5.746488189697265,313.0892174490211,0.985484332519156,0.9826585371433129,0.04274187290154579,0.041355319211042615,0.09122345288566369,1.685195471533903e-05,1.630527441294403e-05,3.5966919384818786e-05,0.013540708635179767
D_ctor,52,7,4.806034357224688,5.734915828704834,309.48691974797663,0.9826585371433129,0.9798509570072655,0.04591726388901184,0.04500998234229086,0.06785704304595207,1.8103924774010427e-05,1.774620840592746e-05,2.675418129573445e-05,0.012739289147345486
D_ctor,52,8,4.6877525388478825,5.7391786257425945,310.80901558377894,0.9798509570072655,0.9770609691074078,0.049665611717571834,0.04830685165904691,0.07484291582454426,1.958179608792629e-05,1.9046074056558656e-05,2.9508520395079292e-05,0.01211991068711829
D_ctor,52,9,4.584244999632009,5.752500096956889,314.9771501401415,0.9770609691074078,0.9742840118404138,0.05312881666248967,0.051860294469872004,0.08772407213076892,2.0947243339995186e-05,2.0447099637948323e-05,3.4587208997558645e-05,0.011616056702002697
D_ctor,52,10,4.493686476457181,5.7735913356145225,321.6909607975768,0.9742840118404138,0.9715200116924869,0.053417370580849985,0.05237957264300814,0.08924876974452085,2.1061012279796738e-05,2.065183685848406e-05,3.5188355681063096e-05,0.011205625381708797
D_ctor,52,11,4.414164462997411,5.793368093172709,328.11629162123694,0.9715200116924869,0.9687715199650475,0.05696292856106169,0.05607433864440517,0.07730214287769194,2.2458929087531567e-05,2.21085823193753e-05,3.047812654757156e-05,0.010882150094324746
D_ctor,52,12,4.343088128758949,5.821938665707906,337.6259634464292,0.9687715199650475,0.9660355596394471,0.058315352235260264,0.05722342715895443,0.08205087875048697,2.2992152855382004e-05,2.256163657967188e-05,3.23504235820928e-05,0.010624961860946825
D_ctor,52,13,4.277625521501178,5.84833304087321,346.65603713034454,0.9660355596394471,0.9633090920743722,0.0592888033055457,0.05833242312406411,0.08301995563434798,2.3375958061855658e-05,2.2998883441234795e-05,3.273250416616372e-05,0.010394505455286697
D_ctor,52,14,4.21865204308904,5.873437905311585,355.4689505882854,0.9633090920743722,0.9605960777718581,0.06171076301849773,0.06059470973241836,0.09067489996041997,2.4330870718562544e-05,2.3890841347827257e-05,3.575063992798573e-05,0.010204897917227049
D_ctor,52,15,4.165062993918234,5.912411292394002,369.5962865093998,0.9605960777718581,0.9578969055571234,0.06335266653090317,0.06214402176352682,0.08665748760038842,2.497822849115589e-05,2.45016928247457e-05,3.416668380795229e-05,0.010048277854182452
D_below,53,1,6.8752369856139195,6.145533180236816,466.6283797780799,0.003150172745132236,0.011472474718277482,0.33325473426034596,0.3531273335434398,1.008851306430302,0.0001313932523117064,0.000139228476190786,0.00039776255405642765,3.5137103483350964
D_below,53,2,5.660637271547399,5.704156343142191,300.112181515057,0.011472474718277482,0.016137669131978335,0.5566718304345784,0.5570559243831127,0.737110994744502,0.00021948051970949387,0.00021963195747737188,0.0002906227607813511,0.8829078336676829
D_below,53,3,5.115393552731077,5.51158439318339,247.54302200446887,0.016137669131978335,0.019690537959909233,0.6300328771762389,0.6310998105756043,0.7958865077491192,0.00024840477954265675,0.00024882544228178855,0.0003137963424773653,0.5454468008723884
D_below,53,4,4.73330361315562,5.436614425977071,229.66332357837126,0.019690537959909233,0.02271160419939137,0.6833391511260771,0.6848884556359621,0.8136458843163569,0.00026942198945096755,0.0002700328379624727,0.00032079838027699854,0.41435642379094545
D_below,53,5,4.431325808601969,5.437261247634888,229.8119228434986,0.02271160419939137,0.025390860097763732,0.7390098758546767,0.7403688096465901,0.8536543308632876,0.0002913714378117701,0.0002919072283414743,0.0003365726195339674,0.34751915415988827
D_below,53,6,4.176610769988333,5.482087087631226,240.34781121251973,0.025390860097763732,0.027781736610784164,0.7895998977660118,0.7923468224138337,0.9085254416191985,0.00031131770362613026,0.00031240074109335054,0.00035820680191453225,0.3039837231341159
D_below,53,7,3.955681250393902,5.554257527987162,258.3350867256143,0.027781736610784164,0.029938479386657047,0.8377572499460562,0.8410436231500147,0.9451107612473403,0.0003303048341156645,0.00033160056143529754,0.0003726313955920206,0.2722281240023421
D_below,53,8,3.758939772077531,5.666656851768494,289.0665249521212,0.029938479386657047,0.031900107454589204,0.8800642693544682,0.8849390263253369,0.9631330069081782,0.000346985337959139,0.00034890732167544894,0.0003797370755055972,0.24771444621643018
D_below,53,9,3.584337420978841,5.789298009872437,326.78354501682054,0.031900107454589204,0.03369724791620272,0.92146732685112,0.9262353709352831,1.0429332837068415,0.0003633094342760535,0.0003651893440116924,0.0004112001481224726,0.22810528551737594
D_below,53,10,3.4264746137589572,5.929885570208231,376.11147300467246,0.03369724791620272,0.0353523576242335,0.9561450491199223,0.9600202564459177,1.0316174441843544,0.00037698191434380984,0.0003785098028975158,0.0004067386212343493,0.21209080088183296
D_below,53,11,3.285611479400975,6.066249044736226,431.0607557283983,0.0353523576242335,0.03690100360210666,0.9894722390527366,0.9969406553210773,1.0787442023954126,0.00039012191634678665,0.00039306650918293325,0.00042531941663100494,0.19985619335346275
D_below,53,12,3.159607485677938,6.222075120608012,503.7474849573896,0.03690100360210666,0.0383464632560675,1.02020260854346,1.026571710540028,1.1118352258234971,0.0004022380628768227,0.00040474922607902435,0.0004383663046225262,0.18978358764923098
D_below,53,13,3.0468215848324025,6.371900486946106,585.1688786041993,0.0383464632560675,0.039715722596551324,1.0499400705940514,1.055059377272602,1.158104851645714,0.0004139627330844203,0.00041598113608046103,0.00045660915609625,0.18148444662914137
D_below,53,14,2.9460450858644514,6.518551786740621,677.5963703794422,0.039715722596551324,0.041012480052026845,1.0731155672890844,1.0799491285992233,1.1849318755478777,0.00042310019932764763,0.0004257944861692238,0.0004671863199231124,0.1742914300319042
D_below,53,15,2.854512306674676,6.662935884793599,782.8459119962091,0.041012480052026845,0.04224186408592767,1.0949096545108226,1.102587603214631,1.2030687850685904,0.0004316930134930184,0.00043472021925354553,0.00047433720866922065,0.1679297086489161
D_xavier,53,1,6.866567246091918,6.151109329859415,469.2376374866697,0.006300345490264472,0.012794002304295936,0.3151801119080287,0.33121201554070717,0.7563575556820235,0.00012426692169723562,0.00013058786403499656,0.00029821115481574995,1.787639854620746
D_xavier,53,2,5.673764570704046,5.717890477180481,304.2623970139912,0.012794002304295936,0.01725316637691213,0.5417718164676106,0.5400850992970263,0.6818006527718526,0.00021360585059502512,0.0002129408240192888,0.0002688154015119052,0.8088890029299323
D_xavier,53,3,5.13182077440553,5.527508203188578,251.51640176747296,0.01725316637691213,0.020709639211610335,0.6102651236736325,0.6107386904138561,0.732161490708084,0.00024061089349519107,0.00024079760794449288,0.0002886713063357952,0.5211391179008026
D_xavier,53,4,4.748649383695416,5.447531692186991,232.18435556981092,0.020709639211610335,0.023664847465779335,0.6630896534447468,0.6635234222107157,0.7493273802833853,0.00026143816481323626,0.0002616091880067653,0.00029543934840165956,0.4001983511690969
D_xavier,53,5,4.446970102921972,5.452044057846069,233.23442364628207,0.023664847465779335,0.026287331065978643,0.7204530956348026,0.7230280340494929,0.8234198218906217,0.0002840550055008101,0.00028507023348717134,0.000324651977281778,0.3378774746697531
D_xavier,53,6,4.19160650034098,5.494860609372457,243.43759087703452,0.026287331065978643,0.028642454080441616,0.7744721944775658,0.7779551346858844,0.916063326847828,0.0003053532628223498,0.00030672649115050514,0.00036117878446697893,0.29719213617409646
D_xavier,53,7,3.9689566692398097,5.572621154785156,263.12288194397655,0.028642454080441616,0.030767636711985364,0.8223793249009842,0.8259549950147516,0.9084947308611954,0.000324241737697958,0.0003256515268986559,0.00035819469350027695,0.26648957196307743
D_xavier,53,8,3.7706327916827456,5.684638913472494,294.31155392478337,0.030767636711985364,0.032699597736003824,0.8671720827890903,0.8719451750804248,0.9772569642659783,0.00034190230042632194,0.00034378420053236044,0.00038530576666574566,0.2431989808438435
D_xavier,53,9,3.593907705915526,5.807483863830567,332.7807497020064,0.032699597736003824,0.03447223836131449,0.9122271004419866,0.9162870476036111,1.008256693548513,0.0003596662650268987,0.0003612669914590783,0.0003975281144149982,0.2242597019909131
D_xavier,53,10,3.434328621901942,5.948877922693888,383.3229796416296,0.03447223836131449,0.036106393469056676,0.948796023579422,0.9544383107577584,1.0355177876009771,0.0003740843940153102,0.00037630899395830477,0.00040827642026301146,0.20886794668824438
D_xavier,53,11,3.2923064522227947,6.08901325861613,440.9860571980689,0.036106393469056676,0.037628186975967086,0.9833934954931717,0.9883941353297659,1.0935466835064138,0.0003877252335568698,0.00038969684945372397,0.0004311556312005409,0.1965302521836234
D_xavier,53,12,3.1651118590942176,6.243748744328816,514.7846945063317,0.037628186975967086,0.039054219884258064,1.0157886944653343,1.0191482733087587,1.121609761506578,0.0004004977769437914,0.00040182236725040736,0.00044222013744529864,0.18693196241659743
D_xavier,53,13,3.0516406238385785,6.394259889920552,598.4002772150186,0.039054219884258064,0.04039782973674763,1.0438946976361563,1.0508905097061803,1.1405031296090313,0.0004115792074125703,0.00041433746530343605,0.00044966927717804205,0.17857451924304013
D_xavier,53,14,2.9502024756901055,6.549877818425497,699.1587442808301,0.04039782973674763,0.04167240895722622,1.067196927916466,1.0730574566052766,1.1728798738131985,0.00042076664125185776,0.000423077287869971,0.0004624345443532904,0.1713038111911491
D_xavier,53,15,2.8585335140980743,6.705624548594157,816.9881157872396,0.04167240895722622,0.042886391572134606,1.0931531032724182,1.0993427473506305,1.2078769319183402,0.00043100045324904064,0.00043344086108868695,0.0004762329298315414,0.16517984783657558
D_mid1,53,1,6.948334603939417,6.2638638337453205,525.244481763103,0.03411407566180256,0.03597798966748585,0.15515241157304863,0.1667845644048811,0.46809068206700605,6.1172364155107e-05,6.575860475376953e-05,0.00018455538892822034,0.3825623447243531
D_mid1,53,2,5.850809501333875,5.847266618410746,346.28655239402775,0.03597798966748585,0.037899257602483506,0.3441243936057671,0.3432002207654023,0.5078316345519585,0.000135678862525422,0.00013531448638095945,0.00020022416257235888,0.31618742784790543
D_mid1,53,3,5.338358796481203,5.627197535832723,277.882270291109,0.037899257602483506,0.0397227545974696,0.42201139134591953,0.4216032756664985,0.5790501771099186,0.00016638758139354848,0.0001662266725123662,0.00022830369144194625,0.26596940506298333
D_mid1,53,4,4.956238553618076,5.519730957349141,249.56788375151567,0.0397227545974696,0.04144411072625571,0.4724917795395151,0.4702394503184499,0.5924761299995208,0.00018629062162322548,0.0001854025896428568,0.00023359717847811374,0.2323129822385169
D_mid1,53,5,4.653788453718811,5.482997894287109,240.56682132149132,0.04144411072625571,0.04308257134404446,0.5190904155187884,0.5184973832807332,0.6232563700024764,0.00020466319282823887,0.0002044293763915221,0.00024573298759092204,0.21034113446798475
D_mid1,53,6,4.398076628330028,5.493022664388021,242.990576897246,0.04308257134404446,0.04463614103818908,0.5619821709375364,0.5630157334992778,0.6636025353383613,0.00022157424213211713,0.00022198174766015178,0.0002616403801552129,0.1949812119768324
D_mid1,53,7,4.172948964055161,5.541351238886516,255.0223628811907,0.04463614103818908,0.04611223561406344,0.6077508247992499,0.6083570332535965,0.7249339645689268,0.00023961957402565069,0.00023985858548507448,0.0002858216899073911,0.18305502274756938
D_mid1,53,8,3.9713489232300487,5.633019463221232,279.5047992311916,0.04611223561406344,0.047490895757049616,0.6493721856263173,0.6501017783233538,0.7812840240431582,0.00025602974139160063,0.0002563173998926546,0.00030803898142977703,0.17253039684242094
D_mid1,53,9,3.7906686302728145,5.737242674827575,310.2078866514645,0.047490895757049616,0.04879484577050983,0.6948440623820639,0.6967774556893462,0.8675364453245632,0.00027395806216674396,0.0002747203464151743,0.0003420459586361973,0.1635232526052943
D_mid1,53,10,3.6262949703079146,5.858836730321248,350.31639446489623,0.04879484577050983,0.05001069042510514,0.7325217372460212,0.7360908598589817,0.8641367302301669,0.00028881334172010465,0.0002902205494198152,0.0003407055437005255,0.15568695981380812
D_mid1,53,11,3.4788147049539084,5.998406887054443,402.7865975403791,0.05001069042510514,0.05116478100680465,0.7712598690400666,0.7734110487334945,0.8725510317618322,0.00030408673051740467,0.00030493488199784415,0.0003440230732973088,0.14887840616439635
D_mid1,53,12,3.3463106609331397,6.137139105796814,462.72785995197603,0.05116478100680465,0.05225447926538994,0.807127538489389,0.8093111370385383,0.9841346596527736,0.00031822837430304395,0.0003190893076540814,0.00038801745437000575,0.14349352780427313
D_mid1,53,13,3.2267785374950586,6.280023225148519,533.8010612905224,0.05225447926538994,0.053293074506528613,0.8360750688595852,0.8409160269824046,1.033953210069966,0.00032964159599417397,0.00033155025374655004,0.0004076595500158425,0.13876238235447758
D_mid1,53,14,3.1203892905757113,6.429935971895854,620.1342407217859,0.053293074506528613,0.054285724323188664,0.8706017405600662,0.8733414916549774,0.9585599798634172,0.0003432545209426931,0.0003443347300736569,0.00037793405566957254,0.1346496396597456
D_mid1,53,15,3.0235236521241595,6.560536591211955,706.6507754765773,0.054285724323188664,0.05522913573074922,0.8967015656983391,0.901443169864095,1.015548254208125,0.00035354497013104707,0.0003554144553279976,0.0004004029779082983,0.13095805442180797
D_mid2,53,1,7.040376322960567,6.397540847460429,600.3668274361925,0.18471530874030856,0.18450923936568506,0.04153833394089024,0.04654919701990552,0.10677113963362,1.637743212925975e-05,1.835307877176511e-05,4.209694821178114e-05,0.10359887878133191
D_mid2,53,2,6.021548713664452,6.009278996785482,407.1896293788839,0.18450923936568506,0.18438958114073964,0.1009068095032855,0.09966950398284873,0.15597824813788444,3.978480278895805e-05,3.929696696932822e-05,6.149796898821624e-05,0.08510660348233932
D_mid2,53,3,5.564655512520216,5.786551761627197,325.8873474335163,0.18438958114073964,0.18427951534102682,0.125629874067628,0.12472569375430868,0.17256268947173684,4.953243283367785e-05,4.91759391973401e-05,6.80367618712761e-05,0.0682986048269295
D_mid2,53,4,5.224005482413552,5.663251829147339,288.08392073979985,0.18427951534102682,0.1841891898855602,0.13948216879615805,0.13864742834333468,0.17167554003713204,5.499401482860899e-05,5.4664899435316716e-05,6.768698304590419e-05,0.06066719435822829
D_mid2,53,5,4.958112207939449,5.57568256855011,263.92964424313965,0.1841891898855602,0.1841153298007509,0.15259568272394164,0.1523100662311306,0.1882322577490594,6.016431570379561e-05,6.0051704910770866e-05,7.42148452609912e-05,0.05559631154391875
D_mid2,53,6,4.740113538902374,5.5281170527140295,251.6695840370764,0.1841153298007509,0.18404872173891682,0.16500771029160013,0.1634600077418099,0.20187370035459104,6.505803963998174e-05,6.444782273764905e-05,7.959329401474249e-05,0.0518585383664386
D_mid2,53,7,4.553323542069816,5.520855204264323,249.8486174523813,0.18404872173891682,0.18399052625140408,0.1747417716040357,0.17373119405617632,0.21223808585749654,6.889591452233313e-05,6.849747135836384e-05,8.367968853352277e-05,0.04921825070590984
D_mid2,53,8,4.390709914637675,5.539088344573974,254.44592667973617,0.18399052625140408,0.18393348186481942,0.18511366066930934,0.18408756946042043,0.24167911042500734,7.29852674910981e-05,7.25807077137146e-05,9.528748152677115e-05,0.04735640749343159
D_mid2,53,9,4.24755121995,5.574916648864746,263.7275727282168,0.18393348186481942,0.1838813733429294,0.19627902793920013,0.19503726461486487,0.28161585741372613,7.738746727410114e-05,7.689787386397919e-05,0.00011103345160351764,0.04584760976691915
D_mid2,53,10,4.119980567519906,5.616718538602194,274.9855466371271,0.1838813733429294,0.1838304235247838,0.2067717249683091,0.2053677944768406,0.2685616839768863,8.152445152801111e-05,8.09709200269417e-05,0.00010588654706541887,0.04469257178171452
D_mid2,53,11,4.006157776912735,5.671000909805298,290.3249781308279,0.1838304235247838,0.18378058990467303,0.2153805721023022,0.21412161507118518,0.2731885983080652,8.49186851496286e-05,8.4422312729875e-05,0.00010771081318872111,0.04377578732581633
D_mid2,53,12,3.9028742096640845,5.737172802289327,310.18621239626583,0.18378058990467303,0.18372707383739484,0.2242722748819693,0.22293512540043944,0.3649942287741743,8.842444103754583e-05,8.789723946726637e-05,0.0001439072693148182,0.043115779035853695
D_mid2,53,13,3.8089812353994588,5.803151305516561,331.342076516331,0.18372707383739484,0.18367563270336096,0.2337347639430266,0.23204717532886734,0.31723863690897286,9.215524238821763e-05,9.148987222604802e-05,0.00012507854195955336,0.0426285848344416
D_mid2,53,14,3.7228222801182325,5.873681863149007,355.55568060354494,0.18367563270336096,0.18362095995146718,0.2424070801156802,0.24061192787038516,0.31461205658252056,9.557450012068295e-05,9.48667205525172e-05,0.0001240429529758995,0.04206433415795263
D_mid2,53,15,3.6427551837155585,5.951782655715943,384.43804926445387,0.18362095995146718,0.1835631580128655,0.25160273381871723,0.2499141122950599,0.32685506504995093,9.920009556752905e-05,9.853431815731663e-05,0.00012887003729080294,0.04169859071608614
D_ctor,53,1,7.034189333024197,6.41864333152771,613.1706802548013,1.0001661721437833,0.9970293848630377,0.006518545714754628,0.006643007582720354,0.022365748762587515,2.5700847842570665e-06,2.6191567041417255e-06,8.818204719057683e-06,0.023649812562964178
D_ctor,53,2,6.016822099276718,6.084110037485758,438.829097391059,0.9970293848630377,0.9942589537306156,0.016857709213602322,0.016737826931076963,0.02562356566914042,6.6465349547587494e-06,6.599268640506625e-06,1.0102673069486705e-05,0.02424278547713624
D_ctor,53,3,5.60604688192927,5.924158239364624,373.96351506906285,0.9942589537306156,0.9914360528763687,0.02387706294653965,0.02341949620246671,0.03942840184428487,9.414074681220475e-06,9.23366859400656e-06,1.5545543451233472e-05,0.018965712423876485
D_ctor,53,4,5.331800126293307,5.8353213707605995,342.17468132000266,0.9914360528763687,0.9885940055421039,0.03213009234223494,0.030407311528139407,0.06494604981649713,1.266801907343238e-05,1.1988773586682947e-05,2.5606456061689802e-05,0.016288371712245817
D_ctor,53,5,5.121033551558009,5.775124748547872,322.1846242756548,0.9885940055421039,0.9857596650580068,0.03860560854504536,0.0370705489295758,0.08128080788502401,1.5221138494744841e-05,1.4615906356583127e-05,3.2046805643256187e-05,0.01466518566124517
D_ctor,53,6,4.950435178766528,5.747695064544677,313.4673050568764,0.9857596650580068,0.9829390828713223,0.043889923211956096,0.04272164857214295,0.06977320135716769,1.730459964006028e-05,1.6843980813867052e-05,2.7509670255294256e-05,0.013552300223948254
D_ctor,53,7,4.808518134913763,5.73711454073588,310.1681409921131,0.9829390828713223,0.9801372972684557,0.048382041962377116,0.047308407844595494,0.078363002669845,1.9075719542372343e-05,1.865241489272877e-05,3.089639462903508e-05,0.012710433203075473
D_ctor,53,8,4.686677591673915,5.744370174407959,312.4267914613684,0.9801372972684557,0.9773513225958943,0.052543839089149676,0.051294769329125106,0.11384903732008357,2.0716602637887393e-05,2.0224128499453646e-05,4.488757022235226e-05,0.012089718129931714
D_ctor,53,9,4.582060080245265,5.755418276786804,315.8976525491136,0.9773513225958943,0.9745820111554967,0.056015387632572015,0.05471737046021714,0.09280325916104917,2.208533954327786e-05,2.157356677518595e-05,3.658979391053574e-05,0.011598597491968376
D_ctor,53,10,4.4906000264921895,5.770071196556091,320.5605546424323,0.9745820111554967,0.9718228695608445,0.0584935565836482,0.05700173053800635,0.09010138532398797,2.306241396948965e-05,2.2474227648730394e-05,3.5524518749253135e-05,0.011218177714573807
D_ctor,53,11,4.409117225103885,5.791205334663391,327.40742215253783,0.9718228695608445,0.9690784602023056,0.0607616147886588,0.059294526196715804,0.0980010091785481,2.3956647459225413e-05,2.3378214441754158e-05,3.8639124975608855e-05,0.010898665563172611
D_ctor,53,12,4.336779596057192,5.817232243220011,336.0406864374605,0.9690784602023056,0.9663437578473136,0.06206879474488926,0.06087648968688508,0.10838148077841483,2.4472032863087718e-05,2.400193949842308e-05,4.273186180367824e-05,0.010634228497347048
D_ctor,53,13,4.272049997519465,5.848310883839925,346.6483563460835,0.9663437578473136,0.9636226528494223,0.06489430955602099,0.06385311898226034,0.09291843536948391,2.5586056288181698e-05,2.5175543243059202e-05,3.663520474813047e-05,0.010415730931931861
D_ctor,53,14,4.212662853875659,5.872019052505493,354.9649501060661,0.9636226528494223,0.9609118940712046,0.06598032713989052,0.06475493145260329,0.09810371734482573,2.6014243400748994e-05,2.553110330349347e-05,3.8679620004242554e-05,0.01021787886609185
D_ctor,53,15,4.158938380907166,5.896226716041565,363.6626732200513,0.9609118940712046,0.9582129372246035,0.06889159892447785,0.06725577668011486,0.11919374128513319,2.7162078461484846e-05,2.6517118367016164e-05,4.699484122082672e-05,0.010051510637664029
D_below,54,1,6.857093734152321,6.125086776415507,457.18438436972724,0.003150172693827007,0.011459357214440871,0.3286701532007006,0.34327084026027216,0.7753644529209688,0.00012958567704274455,0.00013534232972166443,0.0003057050559905444,3.5102973176677708
D_below,54,2,5.638307865038131,5.68920005162557,295.6570156681472,0.011459357214440871,0.016212336456573773,0.5686277505392476,0.5646642715105015,0.7652680120522597,0.00022419441291319603,0.00022263172123467552,0.0003017243047329309,0.8879706733018954
D_below,54,3,5.095896717614621,5.503043262163798,245.43772821416937,0.016212336456573773,0.019783252977737344,0.6321645040708228,0.6300952612182521,0.7377755753523534,0.00024924522188780787,0.0002484293758689194,0.0002908847867888216,0.5458173045694243
D_below,54,4,4.713405332679814,5.436537114779155,229.64556871804155,0.019783252977737344,0.02280190050395139,0.6836277458580698,0.684779069844093,0.8520121931471039,0.0002695357744824712,0.0002699897101281982,0.00033592516942121213,0.41307319546496735
D_below,54,5,4.41397410764089,5.426779667536418,227.41571074911585,0.02280190050395139,0.025457297750963413,0.7387793551024625,0.7410377694700215,0.8562061940195158,0.0002912805497665455,0.00029217098095420644,0.0003375787495752868,0.34507219172139236
D_below,54,6,4.162097556717809,5.475179266929627,238.69325290206044,0.025457297750963413,0.02783203233400275,0.787487043900495,0.790658733222762,0.8556072074076354,0.0003104846629743124,0.0003117351735673574,0.0003373425854913742,0.3022927607110315
D_below,54,7,3.9434752382504183,5.559618655840556,259.72377329158354,0.02783203233400275,0.02997934847690075,0.8373528292066215,0.838533712245688,0.9556312538413563,0.00033014538204854065,0.0003306109720226698,0.0003767793388790591,0.27095649778794456
D_below,54,8,3.7489789092520294,5.673060019810994,290.9234051002399,0.02997934847690075,0.031930680469118844,0.879850148437068,0.883548734405997,0.9905128376378008,0.0003469009159214817,0.00034835916749138254,0.00039053219598691243,0.24705669713637674
D_below,54,9,3.5752054688043087,5.785353724161784,325.4971559604584,0.031930680469118844,0.03372113611942133,0.9207958271996961,0.9250420064655753,1.0861210414055218,0.00036304468027841685,0.00036471883294988814,0.0004282279030519688,0.22802309153246378
D_below,54,10,3.418393781213777,5.917040061950684,371.3110280587983,0.03372113611942133,0.03537895555377451,0.9585106357511658,0.9632590491200521,1.1314924982923058,0.00037791460063195533,0.00037978677051198154,0.0004461166310116972,0.21309072116079764
D_below,54,11,3.2783278752354774,6.062471111615499,429.4353093694064,0.03537895555377451,0.03692223119405156,0.9908167273104068,0.9961394005781635,1.1202960418265604,0.00039065201139633566,0.00039275059629174713,0.00044170217360671573,0.2006475397900573
D_below,54,12,3.1530956633095064,6.215980712572733,500.6867783082547,0.03692223119405156,0.03836525545244412,1.0219931244743254,1.0281519669982548,1.1101223165417318,0.0004029440144726627,0.000405372278099557,0.00043769095121173196,0.1900205095255245
D_below,54,13,3.0401228255309536,6.364029900232951,580.5813332218726,0.03836525545244412,0.03972984168548285,1.0460455095717989,1.051866648506019,1.214014179828653,0.00041242721389614563,0.0004147223302083657,0.0004786526792912722,0.18184867540568744
D_below,54,14,2.9398904051216346,6.503496368726094,667.4712837342164,0.03972984168548285,0.04102468706414424,1.0727602380887358,1.079917474341991,1.1891443360156548,0.0004229601027154307,0.0004257820057589559,0.00046884717819216045,0.17473489182461246
D_below,54,15,2.8492752184794248,6.65400002002716,775.8816689018835,0.04102468706414424,0.04225339869044717,1.0962946904163893,1.1023490910328066,1.2228951354747843,0.00043223909537421006,0.00043462618040558914,0.00048215419787756063,0.16849363608604268
D_xavier,54,1,6.851987464963674,6.127511151631674,458.2941155192137,0.006300345387654014,0.012847718707191523,0.3090592887016419,0.3271499320146614,0.6588443175207368,0.0001218536480502847,0.00012898629529259424,0.00025976434464846217,1.7992973282377647
D_xavier,54,2,5.649741096725594,5.7014174064000445,299.29131789426623,0.012847718707191523,0.017316679281548272,0.54470517064168,0.543351257998346,0.7159143058882504,0.00021476239213964426,0.00021422858131187484,0.0002822654844976587,0.8077580534946283
D_xavier,54,3,5.113027363248795,5.513781603177389,248.08752397989375,0.017316679281548272,0.020759411407539955,0.610240193434071,0.6102714356292476,0.6991109084583493,0.00024060106418169558,0.0002406133821271337,0.0002756403631978783,0.5158096471823941
D_xavier,54,4,4.730956825956472,5.449968393643697,232.75080938639505,0.020759411407539955,0.023710466916252785,0.6675294488166235,0.6687635523954117,0.769076378564355,0.0002631886550344903,0.0002636752284158599,0.00030322583977677596,0.3979430366537102
D_xavier,54,5,4.429271093568098,5.436248954137167,229.57940343710283,0.023710466916252785,0.026319364394364997,0.7244059028426093,0.7263517136066453,0.8088835021570642,0.00028561348957140435,0.0002863806696843508,0.000318920702883909,0.33551518999797286
D_xavier,54,6,4.173872193995717,5.487978267669678,241.7679223983596,0.026319364394364997,0.028651164240759967,0.777245462842427,0.7805680397312644,0.8681478951124365,0.000306446686898683,0.00030775668834382076,0.0003422870366104751,0.29498485315784484
D_xavier,54,7,3.950853703156957,5.571091183026632,262.7206191693917,0.028651164240759967,0.030763528325781445,0.8256242187235313,0.8289445135935023,0.9412729391834952,0.0003255211108288362,0.0003268302125361762,0.0003711182470275105,0.2651199198809291
D_xavier,54,8,3.7527653393982616,5.688030894597372,295.3115481825644,0.030763528325781445,0.032682488931673956,0.8695857510723809,0.8736215366890833,0.9359208072132195,0.0003428539439984592,0.0003444451441924738,0.0003690080473691717,0.24215193914664054
D_xavier,54,9,3.5757494991066934,5.813669101397196,334.84545646495036,0.032682488931673956,0.03445401216942546,0.9125043602345636,0.9182392447996868,1.0401317829527332,0.0003597755810009473,0.00036203668956799037,0.0004100955927850879,0.2239557470306684
D_xavier,54,10,3.416371488244006,5.962867148717245,388.7230548146132,0.03445401216942546,0.03608599796441563,0.9508942708944171,0.9558459512386088,1.05149869509184,0.00037491167570264587,0.00037686398820699883,0.00041457725621295646,0.20874295139667812
D_xavier,54,11,3.2744393589975087,6.084927932421366,439.1881603052658,0.03608599796441563,0.03760409318915341,0.9874116249469391,0.9943811593501687,1.0940734655581548,0.0003893094724074048,0.0003920573697309677,0.00043136332699574475,0.19694013936232665
D_xavier,54,12,3.147797479842171,6.245869390169779,515.8775288755054,0.03760409318915341,0.03902762695339642,1.0178920251079555,1.023990124924908,1.1292860321950615,0.00040132706284856407,0.0004037313772828336,0.0004452466816101504,0.18660257192692262
D_xavier,54,13,3.0337384017008655,6.388019776344299,594.6778178847054,0.03902762695339642,0.04037293208243846,1.049191378262222,1.05629302011345,1.2193003730678296,0.00041366754411830336,0.0004164675278054273,0.00048073688110639466,0.17870894401557857
D_xavier,54,14,2.931719205800706,6.550846099853516,699.8360545687219,0.04037293208243846,0.04164628401563437,1.0731769430624047,1.0797078940352636,1.194895820643427,0.00042312439812106496,0.0004256993739602434,0.0004711148317111452,0.17186611206835917
D_xavier,54,15,2.8388217391117156,6.700707658131917,812.9809342224394,0.04164628401563437,0.042856900418045636,1.093473101136611,1.1012649388177855,1.1970977479388862,0.0004311266196790612,0.00043419872875708143,0.0004719829915869424,0.165660974258169
D_mid1,54,1,6.9415525155042905,6.257201067606608,521.7565332114242,0.03411284098579391,0.035962173047192104,0.15051827427337233,0.16523822907250538,0.3229049881201719,5.934525021233019e-05,6.514892690797299e-05,0.0001273126296943676,0.38397228672284517
D_mid1,54,2,5.831614133628728,5.83674742380778,342.6629886602994,0.035962173047192104,0.03788304074797463,0.3433749553153652,0.3433581442984934,0.5249732463423012,0.00013538337944818567,0.00013537675132274774,0.00020698263256978218,0.3158752694461002
D_mid1,54,3,5.3262764479242914,5.627211991945902,277.88628741769486,0.03788304074797463,0.03968699761374659,0.42287203154915726,0.42001421915430487,0.5928291864891113,0.00016672690835202244,0.00016560015087057278,0.00023373637902246612,0.26319026839811205
D_mid1,54,4,4.950794144723673,5.51995259920756,249.62320457155016,0.03968699761374659,0.04139309203539623,0.4719888289444581,0.47121644211748603,0.6004186402227635,0.00018609232192139731,0.00018578779086210473,0.0002367286936299302,0.23045319691327856
D_mid1,54,5,4.649450572031848,5.480332525571187,239.9264757994078,0.04139309203539623,0.043016039815419835,0.5165612937555903,0.5180147640596842,0.5972919248349942,0.00020366602909792768,0.00020423909279593404,0.00023549591503260915,0.20917027139051927
D_mid1,54,6,4.39398681565378,5.501374300320943,245.02844364614936,0.043016039815419835,0.04455573765742585,0.5605953119781265,0.5617801238266775,0.6969218873357444,0.0002210274414705183,0.00022149458046707022,0.0002747772918740261,0.1938719785687818
D_mid1,54,7,4.169653497879133,5.554710221290589,258.452059763873,0.04455573765742585,0.04602398334537731,0.6029437922937186,0.6045431559770241,0.6660906112055445,0.00023772429221886196,0.00023835487769710025,0.000262621360608238,0.18171144500638198
D_mid1,54,8,3.9679757706296996,5.645904405911764,283.1295044624151,0.04602398334537731,0.04740253588574467,0.6463880994886178,0.648683871915664,0.7190628655266879,0.0002548531976174188,0.0002557583580690074,0.0002835068756872238,0.17133323361916877
D_mid1,54,9,3.78542336918682,5.746183244387309,312.9937569164227,0.04740253588574467,0.048708056356942656,0.6879331391130634,0.6904739897904578,0.7645507849071295,0.00027123327361480926,0.000272235061736086,0.00030144152163172734,0.16262226285584075
D_mid1,54,10,3.619637321648835,5.863003142674764,351.77900181531885,0.048708056356942656,0.04993352499900285,0.7270379657891795,0.7317092570304549,0.8492965153200666,0.0002866512402026341,0.00028849300293122256,0.000334854451723181,0.15473342946043053
D_mid1,54,11,3.471005677767929,6.0064038594563804,406.0205846628023,0.04993352499900285,0.0510899847348491,0.765863227288271,0.7700073364783029,0.8510559487768945,0.0003019589818662013,0.00030359289109069184,0.0003355481483472717,0.14801367469803534
D_mid1,54,12,3.3373029935421297,6.1537991205851235,470.5014875161852,0.0510899847348491,0.052186834184929975,0.8020546946880315,0.8068206607489585,0.8832961590090568,0.0003162282903522217,0.000318107380779976,0.0003482595839012752,0.14212536719413082
D_mid1,54,13,3.2163045590369617,6.283447154362997,535.6318908658169,0.052186834184929975,0.05323197709980854,0.835007111062282,0.8393719380985956,0.94499703064256,0.0003292205293628754,0.0003309414616141522,0.00037258655471651854,0.13749015917160448
D_mid1,54,14,3.108418890787848,6.430941581726074,620.7581674711693,0.05323197709980854,0.054229746019364304,0.865200369031202,0.8704861967374699,0.9613334506545407,0.00034112490746939465,0.00034320896516486097,0.0003790275595570598,0.13387488174296835
D_mid1,54,15,3.0096485831520776,6.585340062777202,724.3973463595586,0.054229746019364304,0.055180682644987586,0.8915377910213074,0.8958343151888614,0.9790913859863638,0.0003515090346160546,0.0003532030369091165,0.00038602902911687826,0.1298894460796265
D_mid2,54,1,7.040247123809867,6.400834059715271,602.3472219696572,0.18470194022600872,0.1844995874704031,0.04073380756124848,0.04560971996613916,0.08201271618829807,1.606022932094462e-05,1.7982668593375425e-05,3.233537712469234e-05,0.10402614495530883
D_mid2,54,2,6.022665649499125,6.022179524103801,412.4766194733693,0.1844995874704031,0.18437786888219873,0.09791686946184558,0.09786737808992697,0.14614838027717433,3.860595098019461e-05,3.8586437882107086e-05,5.762232019697054e-05,0.083045697878531
D_mid2,54,3,5.574644808499318,5.80781462987264,332.8908404796052,0.18437786888219873,0.1842749435067959,0.12465612272353128,0.12412142587237088,0.1676286640130674,4.914850923743027e-05,4.8937692852688656e-05,6.60914102067537e-05,0.06746584753431098
D_mid2,54,4,5.236200174786418,5.677946130434672,292.34836746748664,0.1842749435067959,0.1841925498546057,0.1442684762362408,0.1438395171342838,0.18069285674605406,5.688112530736034e-05,5.671199843316924e-05,7.124226508005035e-05,0.05986320559306401
D_mid2,54,5,4.970992434290629,5.599001399676005,270.15649431816837,0.1841925498546057,0.1841213616874388,0.15810460813172328,0.1564483404000047,0.21792120701005402,6.233633473805648e-05,6.168331354556705e-05,8.592038819882032e-05,0.05497736691818384
D_mid2,54,6,4.753177102188713,5.555750290552775,258.72100764495,0.1841213616874388,0.18405263819236747,0.17042787935452144,0.16949323848449355,0.20470654190146115,6.719506446826269e-05,6.682656106521584e-05,8.071020617190395e-05,0.051300802005102654
D_mid2,54,7,4.568200667562861,5.552526672681172,257.88833281475485,0.18405263819236747,0.18399199331399466,0.1824879439139067,0.1815440418807423,0.22803689477729902,7.195001898995552e-05,7.157786416287896e-05,8.990872798357404e-05,0.048792903831263924
D_mid2,54,8,4.407577193212754,5.577485537528991,264.40593043991436,0.18399199331399466,0.18393631886765321,0.19377083054056327,0.1926296525053563,0.23798733974125072,7.639855345003165e-05,7.594861807598415e-05,9.383191703792927e-05,0.046973772025387696
D_mid2,54,9,4.265346519738487,5.603028106689453,271.2465285198994,0.18393631886765321,0.18388492835772569,0.2031614539125463,0.20270978164842546,0.25372121887234644,8.010102011961315e-05,7.992293806507447e-05,0.0001000353564432309,0.04554679270031588
D_mid2,54,10,4.138329977032251,5.64845396677653,283.85228135697554,0.18388492835772569,0.18383391037370683,0.2128721379961506,0.21205606870157961,0.31836913690901525,8.392967799824217e-05,8.360792413339944e-05,0.00012552426727557517,0.044496350957728456
D_mid2,54,11,4.025397940728922,5.698470727602641,298.4107005989303,0.18383391037370683,0.1837852723954277,0.22205577556359465,0.22106825069222685,0.3283171456718097,8.755053581055989e-05,8.716118168817751e-05,0.00012944649580226065,0.043656549760052885
D_mid2,54,12,3.922741141572825,5.766321698824565,319.3608640939891,0.1837852723954277,0.18373681964718097,0.23201301527586932,0.2310019685837826,0.2721189845502606,9.147640384885448e-05,9.107777571411212e-05,0.00010728909365736257,0.04294498165178254
D_mid2,54,13,3.828341837812656,5.826786883672079,339.26682211375476,0.18373681964718097,0.18368619051014923,0.24072032987861142,0.2398517200412279,0.2918752630803957,9.490946050773368e-05,9.456699133988503e-05,0.00011507845543615866,0.0424507732847019
D_mid2,54,14,3.743050792818413,5.902520926793416,365.95886149365356,0.18368619051014923,0.18363034877637457,0.25134979553001263,0.24982775346558928,0.35230174293955885,9.910036889909681e-05,9.850026922626344e-05,0.00013890296833337276,0.04200772951825509
D_mid2,54,15,3.6618155795141516,5.979432511329651,395.21602388903244,0.18363034877637457,0.1835729091168857,0.25805445959934065,0.256343386729351,0.320385240194768,0.00010174383507424867,0.00010106920571053008,0.0001263191618126305,0.04154354216565709
D_ctor,54,1,7.03002936885042,6.416296283404033,611.7332267064095,1.000057557122347,0.9969055672256157,0.006378870550157933,0.006616106329573525,0.014097407459753434,2.5150146764482e-06,2.6085502737482683e-06,5.558223259487903e-06,0.02363777606118951
D_ctor,54,2,6.02042472751022,6.090634314219157,441.70149984643234,0.9969055672256157,0.994117819687624,0.017458975086966963,0.017217795442558165,0.033348499689103014,6.883597689308533e-06,6.788507133609191e-06,1.3148403858665187e-05,0.024253375758319044
D_ctor,54,3,5.612317899079102,5.924152954419454,373.9615386976125,0.994117819687624,0.9912755401004832,0.027046876595283778,0.025784557094101726,0.05496892544364305,1.0663845747353792e-05,1.016614759736374e-05,2.1672748044075964e-05,0.019027763832090476
D_ctor,54,4,5.330839697738045,5.826231948534647,339.07860326265626,0.9912755401004832,0.9884258472923442,0.035645904123575996,0.03373140669595938,0.09075803922237718,1.4054207766269753e-05,1.3299373647813015e-05,3.578341947138096e-05,0.01632991292878838
D_ctor,54,5,5.120829602661918,5.775569558143616,322.32796696587246,0.9884258472923442,0.9855911817075217,0.040425956425106054,0.03907731830876762,0.07402579793705401,1.5938852014496494e-05,1.5407120788860532e-05,2.9186353098648507e-05,0.014684370459226045
D_ctor,54,6,4.95312547765506,5.738941589991252,310.73535146610567,0.9855911817075217,0.9827691338921803,0.045204039507836705,0.04350328868093073,0.08332524716641693,1.7822719853460386e-05,1.7152160189799547e-05,3.285287229053798e-05,0.013574039235780998
D_ctor,54,7,4.812611435944179,5.735863661766052,309.78040074605315,0.9827691338921803,0.9799625102903511,0.048248173847102165,0.0467325992281935,0.07505101271149968,1.9022938995725784e-05,1.8425389260261517e-05,2.959056732183549e-05,0.012748417790198436
D_ctor,54,8,4.694341888558599,5.745985325177511,312.9318155692755,0.9799625102903511,0.9771738531099856,0.051876828505407896,0.05061517881088791,0.08331656693259026,2.0453618557200048e-05,1.9956184493708105e-05,3.284944991109049e-05,0.01211939598130994
D_ctor,54,9,4.591202713817512,5.74672973950704,313.16485322447414,0.9771738531099856,0.9743973553637918,0.054474332916102895,0.05319061476964199,0.09277719615759633,2.1477743700306316e-05,2.0971608648123434e-05,3.657951797913365e-05,0.011639805578037487
D_ctor,54,10,4.500648420016516,5.771927404403686,321.15613424835203,0.9743973553637918,0.9716375291208302,0.057402432806702944,0.056169591118063626,0.0881541246067501,2.2632213624262237e-05,2.2146137771760686e-05,3.4756766959306086e-05,0.011237865342632087
D_ctor,54,11,4.42178017565562,5.790074261029561,327.03730960155286,0.9716375291208302,0.9688904614554414,0.05983422776190774,0.05840376799196257,0.09282495137132125,2.359100404873657e-05,2.3027012776740662e-05,3.659834655739852e-05,0.010930247970527038
D_ctor,54,12,4.348838708004044,5.81698366800944,335.95716543412453,0.9688904614554414,0.9661528997322079,0.06128950776615967,0.060006806187722,0.10056810924485313,2.4164781262156366e-05,2.36590470150185e-05,3.965126251499009e-05,0.010660235794566214
D_ctor,54,13,4.284098892637223,5.841709057490031,344.3673816768629,0.9661528997322079,0.9634307487863668,0.06269368403472113,0.061833437527122545,0.08847089356793365,2.471840966643005e-05,2.4379237931408687e-05,3.488166032093735e-05,0.010441972607376332
D_ctor,54,14,4.224729163773473,5.874962210655212,356.0112069863287,0.9634307487863668,0.9607185810632485,0.06479318596222265,0.06365693838838389,0.09330815265795692,2.5546186013257917e-05,2.509819458565129e-05,3.678885964557167e-05,0.01025579348941842
D_ctor,54,15,4.1709284115819125,5.902478837966919,365.94345903876507,0.9607185810632485,0.9580191044852823,0.06607287241141967,0.06479359570262912,0.1030091644290684,2.6050731477172795e-05,2.554634756272466e-05,4.061370399519373e-05,0.010097327386346869
D_below,55,1,6.851414541437532,6.122514152526856,456.00973251754647,0.003150172780013383,0.011500472386160143,0.3304138596084986,0.3455613713918727,0.8277609088309249,0.0001302731729203526,0.00013624542367341336,0.00032636354946070077,3.5233018379047727
D_below,55,2,5.62907796617642,5.681390531857809,293.35706878931666,0.011500472386160143,0.016270989258278214,0.5803392220161148,0.5786025894616527,0.7633534683002738,0.00022881192669020722,0.00022812721984003266,0.0003009694523500388,0.8920103632642996
D_below,55,3,5.086884032391766,5.50451770623525,245.7998793376245,0.016270989258278214,0.019825301790310605,0.6486680811529376,0.6455104768120182,0.828443271120331,0.00025575213220195195,0.00025450717493288936,0.00032663258630021913,0.542056005154438
D_below,55,4,4.705421285809211,5.4363412698109945,229.60059819271714,0.019825301790310605,0.022833898988845133,0.7020211940476092,0.7004013318551957,0.8620451026577656,0.00027678780942869466,0.0002761491419474048,0.00033988087199714325,0.41198673895399085
D_below,55,5,4.406943106937572,5.432453219095866,228.7096326048046,0.022833898988845133,0.025492564853783487,0.7555020013702717,0.7544875456398485,0.968397960813131,0.00029787383308557295,0.00029747386085999486,0.0003818129032305307,0.34571526735947256
D_below,55,6,4.153765846893677,5.491686948140463,242.6662271035492,0.025492564853783487,0.02786596083729823,0.8031793951789249,0.8060641934683402,0.9668668543685242,0.00031667172907996565,0.0003178091263636106,0.00038120922971981877,0.3032774357737144
D_below,55,7,3.933125816528425,5.571413310368856,262.80526229639287,0.02786596083729823,0.03000364295570631,0.8504533260027671,0.8538744650380038,0.9612012761089601,0.0003353105506237602,0.00033665941243497485,0.00037897544673875226,0.27120217418624415
D_below,55,8,3.736003454921585,5.682323090235392,293.63076898230764,0.03000364295570631,0.031952277189910984,0.8954141665108576,0.8982374992142479,1.002139107537521,0.00035303738374478893,0.0003541505468243167,0.00039511611710589805,0.24732640611687215
D_below,55,9,3.5614572892262637,5.811706248919169,334.18884885372455,0.031952277189910984,0.03373862122095138,0.9372507984219679,0.9409087528814984,1.0815901407186264,0.00036953242662773287,0.00037097465830168816,0.0004264414924898687,0.22815533905586197
D_below,55,10,3.4028886501416946,5.9444715023040775,381.63761339135624,0.03373862122095138,0.03538584857794092,0.9720597843924227,0.9775118226553661,1.074264874447434,0.0003832566603928789,0.00038540625037750717,0.0004235533397932312,0.21272858606433928
D_below,55,11,3.2628503966290587,6.091673684120178,442.1608297560993,0.03538584857794092,0.03692120286460117,1.006051681165381,1.0100677721174127,1.1230343227532593,0.00039665873817327623,0.00039824217329817625,0.0004427818030904518,0.20034254654507003
D_below,55,12,3.136377905081721,6.252408528327942,519.2619769362428,0.03692120286460117,0.03836029203861286,1.0332852690976349,1.0377784023954506,1.1911519685490408,0.00040739619910831043,0.0004091677190189888,0.00046963873294259445,0.18995329282911577
D_below,55,13,3.022760488565749,6.390797479947408,596.3319528869521,0.03836029203861286,0.03972065059978326,1.0626773812551404,1.069422197418688,1.2027139222356111,0.00041898470727236276,0.00042164400432313093,0.0004741972959329374,0.18174090085893804
D_below,55,14,2.9225935048549907,6.547537048657735,697.5240885520906,0.03972065059978326,0.041006719111264425,1.0873431494678854,1.0931898377278717,1.212792865346595,0.00042870974692838567,0.0004310149366429065,0.0004781711483019251,0.17418182010503347
D_below,55,15,2.831831487946813,6.699560825030009,812.0491151984328,0.041006719111264425,0.04223560284969971,1.1110779044496284,1.1139548065617482,1.2495536579579767,0.0004380677134604872,0.00043920199749679,0.0004926649261907404,0.16826319020916833
D_xavier,55,1,6.871045368613347,6.155814178784689,471.45053126457634,0.006300345560026766,0.012843191973024252,0.29543121499513914,0.30424480538232196,0.6718689050315088,0.0001164804702887884,0.00011995542859083745,0.0002648995842628582,1.7969939230253815
D_xavier,55,2,5.677297143134613,5.705470275878906,300.50676790825787,0.012843191973024252,0.01736169025689282,0.541412939788522,0.5379471760627288,0.7324598208418522,0.00021346435530869727,0.00021209789919911907,0.00028878892977068926,0.8161750119976245
D_xavier,55,3,5.13500273166349,5.5159741878509525,248.63207365014802,0.01736169025689282,0.020839914580438112,0.6060447555361598,0.6058891727578456,0.737720772938523,0.00023894691744766092,0.00023888557540163792,0.0002908631796917651,0.5243154509422101
D_xavier,55,4,4.747656298746989,5.446654907862345,231.9808691862908,0.020839914580438112,0.023805406168102075,0.6633792365651118,0.6641188106875007,0.7473694126668634,0.0002615523395393171,0.0002618439334441477,0.0002946673751733518,0.4031261711086094
D_xavier,55,5,4.442465353584617,5.4353747526804606,229.37879248815634,0.023805406168102075,0.02644297805124907,0.7184011606753749,0.7196453092893306,0.8063369519996023,0.00028324598351212114,0.0002837365173768825,0.000317916667613093,0.33983991278847364
D_xavier,55,6,4.182384663544225,5.4970315059026085,243.96664274903867,0.02644297805124907,0.02879972142198788,0.7699041697940646,0.7730251029814142,0.8762914414130185,0.0003035522152809322,0.00030478271411433523,0.00034549781480439724,0.2977832043824652
D_xavier,55,7,3.9565944405812545,5.571086072921753,262.7192766429041,0.02879972142198788,0.030923394063103453,0.8211720962042025,0.8258674009485736,0.9153725824141673,0.00032376576034956044,0.0003256169909474596,0.00036090644277660106,0.26723389729541436
D_xavier,55,8,3.755730518959399,5.688756505648295,295.525907266646,0.030923394063103453,0.03286129316028856,0.8683324311731104,0.870824480961471,1.048669685404564,0.0003423597941460419,0.0003433423414077999,0.00041346185485352044,0.2436325638555164
D_xavier,55,9,3.5755940722764867,5.816791462898254,335.892598954991,0.03286129316028856,0.03463591963537881,0.9085497989532961,0.9123234691468676,1.0532156008472688,0.0003582164053470291,0.0003597042605788103,0.0004152541853243138,0.2247281445363619
D_xavier,55,10,3.41335911284589,5.96190865834554,388.35064601295016,0.03463591963537881,0.03627104432598878,0.9503617071241379,0.953915920994319,1.0601096220908397,0.00037470170033351667,0.00037610302992258,0.00041797230986861846,0.20947604602503042
D_xavier,55,11,3.2691742858592274,6.107506672541301,449.2172719269619,0.03627104432598878,0.03780148995762437,0.9827691200112771,0.9871803369969474,1.1325792419336216,0.00038747905933398324,0.00038921828187702166,0.00044654510438891257,0.19699387182290115
D_xavier,55,12,3.139952257198903,6.271167127291362,529.0945383306223,0.03780148995762437,0.03922559835768991,1.0147461038599899,1.0212065427601615,1.1012911698051806,0.0004000867119044008,0.000402633886756511,0.0004342090709199702,0.1868331815119528
D_xavier,55,13,3.0234660758775873,6.413578009605407,610.0726263102946,0.03922559835768991,0.040573086132186215,1.042793657878406,1.0466510103342217,1.1590921528423739,0.00041114509746656647,0.0004126659463319459,0.00045699842202979573,0.17879370276096931
D_xavier,55,14,2.920995236669969,6.576224684715271,717.8241945758152,0.040573086132186215,0.041847516459824485,1.0713426970331044,1.0782085442166698,1.1733509825938646,0.0004224012049401353,0.00042510822122101747,0.0004626202896961787,0.17150411884941466
D_xavier,55,15,2.827918377380633,6.734751454989115,841.1343983464034,0.041847516459824485,0.04306102213853527,1.0924426950064525,1.0982087734836978,1.2125061143451432,0.00043072035864590914,0.00043299376612169886,0.00047805809020308665,0.16544477920407066
D_mid1,55,1,6.959929445799996,6.284260702133179,536.0678303010027,0.03411210728254399,0.035966264520279456,0.14119369764564363,0.15741881782500006,0.3721511104163612,5.566882397260615e-05,6.206594632480797e-05,0.00014672903254487102,0.3829059860492006
D_mid1,55,2,5.846737840367836,5.832065868377685,341.0625420977681,0.035966264520279456,0.03793628891152227,0.3405313277302317,0.3442069756607449,0.48393744677554823,0.0001342622146503224,0.0001357114223773029,0.0001908033360377942,0.32107438821065354
D_mid1,55,3,5.332865117140127,5.624736984570821,277.1993672238284,0.03793628891152227,0.03977297199072775,0.4185966111837222,0.4165391921015125,0.5508510657839176,0.00016504122671253714,0.00016423004248381287,0.00021718555096707278,0.26580299189138057
D_mid1,55,4,4.95527800564905,5.516151968638102,248.6762795852787,0.03977297199072775,0.041491214367733883,0.4679924122260879,0.4680973347557634,0.5806452789820361,0.00018451664381022211,0.00018455801190194758,0.00022893259660427255,0.23127651652402778
D_mid1,55,5,4.655381409627087,5.478018514315287,239.37192509955216,0.041491214367733883,0.043123086268580774,0.512312483370824,0.513122445030366,0.6618855521203222,0.00020199083904804207,0.0002023101848389765,0.0002609634205024611,0.20932925687897616
D_mid1,55,6,4.398968787381416,5.496176036198934,243.75802592286954,0.043123086268580774,0.04466767721050235,0.5554157079925718,0.5572684948594441,0.6999178927338742,0.00021898526489091407,0.00021971576821840343,0.0002759585350875019,0.19381388054472362
D_mid1,55,7,4.174122213703895,5.536499047279358,253.78794275577425,0.04466767721050235,0.04612663868763712,0.5995278012129257,0.600790608194617,0.6794864347241258,0.0002363774601056758,0.0002368753504559348,0.0002679029684551801,0.1816188073086018
D_mid1,55,8,3.9724561840960337,5.627611462275187,277.99731691945266,0.04612663868763712,0.04751113044259705,0.6440338469412831,0.6446011432866576,0.739776690849895,0.0002539249800494254,0.0002541486495255958,0.00029167377204977193,0.17177934573655781
D_mid1,55,9,3.7915535418901394,5.729926149050395,307.94652539429785,0.04751113044259705,0.04881228450202484,0.6852949077508926,0.6884291285540824,0.7665477829815035,0.00027019309094554955,0.0002714288287234633,0.0003022288835050241,0.1624913346082732
D_mid1,55,10,3.6265846071684953,5.853756904602051,348.5413604830798,0.04881228450202484,0.050034859568666955,0.7259585472796041,0.7282135311249087,0.8372838791366732,0.0002862256549250735,0.0002871147335513759,0.0003301181969165493,0.1546748610739771
D_mid1,55,11,3.479465453947797,5.976913976669311,394.2219110138854,0.050034859568666955,0.0511961727475608,0.7645425227481137,0.7676558125679817,0.8452700757869046,0.000301438264087775,0.00030266574934985027,0.0003332669364349953,0.14847014205198975
D_mid1,55,12,3.3460061942733583,6.135898462931315,462.15413590077355,0.0511961727475608,0.052293303164676286,0.7984036229924742,0.801200345343567,0.8855762840267523,0.00031478877236437605,0.000315891443707781,0.0003491585750061345,0.1427651253707953
D_mid1,55,13,3.2260476279217833,6.26999212106069,528.4732140529036,0.052293303164676286,0.053341564323695696,0.8307299184645023,0.8360540399422476,0.9141597323431588,0.0003275341489805136,0.0003296333048656242,0.00036042824907366695,0.1381589299738663
D_mid1,55,14,3.1187819972455397,6.405386567115784,605.0956635588296,0.053341564323695696,0.054337114526276695,0.8606221393470874,0.8645646145169393,0.9510229751674276,0.00033931983637457304,0.00034087424680440446,0.00037496242028712954,0.13365606666215207
D_mid1,55,15,3.0213977480834386,6.5552819728851315,702.9473339682158,0.054337114526276695,0.055289796191135984,0.8897306446519471,0.8942836187405959,0.9989454198833,0.00035079652609190545,0.00035259163959427254,0.00039385693317056035,0.13041023650865707
D_mid2,55,1,7.050774378801087,6.415756185849507,611.4029202935158,0.18469397897049722,0.18447261768485348,0.042320403944749944,0.046718613376267995,0.08695861086800223,1.6685781001093862e-05,1.8419875020306546e-05,3.428540849933986e-05,0.10354144510956245
D_mid2,55,2,6.033782147625094,6.013227128982544,408.80044563028156,0.18447261768485348,0.18436447716418464,0.10022178226690133,0.09879328626850017,0.1517769457924643,3.951471523353175e-05,3.895149822309446e-05,5.9841510062479576e-05,0.0836473092814257
D_mid2,55,3,5.572848271751076,5.7995486179987585,330.1505022767846,0.18436447716418464,0.18425986912054892,0.13023738377614505,0.1294802297813872,0.18773840678465056,5.134904824351887e-05,5.1050523074498125e-05,7.402013329533834e-05,0.06753410577542167
D_mid2,55,4,5.227194072860796,5.657374056180318,286.39559551514037,0.18425986912054892,0.18417725053335357,0.14633283538226804,0.14445488923607164,0.21686211353948043,5.769504581396005e-05,5.695462286884381e-05,8.550281652977977e-05,0.06050877871367169
D_mid2,55,5,4.961916644618197,5.578103383382161,264.5693430242856,0.18417725053335357,0.18411363524710328,0.15945087771099126,0.15873000808194218,0.2165446700716851,6.286713211412658e-05,6.258291288086134e-05,8.537765722858843e-05,0.05546855516442303
D_mid2,55,6,4.742551357832004,5.542687098185222,255.36326452364253,0.18411363524710328,0.18405755407045074,0.1699947311297848,0.16896403753576633,0.2457432782862094,6.702428593721644e-05,6.661791156490481e-05,9.688987206567606e-05,0.05187083887585951
D_mid2,55,7,4.5556751368998665,5.528956317901612,251.88089021628898,0.18405755407045074,0.18401193164074806,0.18075961879743196,0.17879542901647164,0.2845034631217196,7.126858753599689e-05,7.04941610779584e-05,0.00011217195577573654,0.04934361242352253
D_mid2,55,8,4.392279071218971,5.5507303953170775,257.42550964389415,0.18401193164074806,0.18397573250963306,0.19082202753756453,0.1893539887062062,0.25107734148077415,7.523592085352713e-05,7.465711318257186e-05,9.899294769857167e-05,0.047537569111998475
D_mid2,55,9,4.248662236624271,5.583872350056966,266.1000457887151,0.18397573250963306,0.18394296194284826,0.20038008956303835,0.19911997507155332,0.2786132141702157,7.900440401734893e-05,7.850757524254153e-05,0.00010984959126865322,0.046164484059126765
D_mid2,55,10,4.119784142917875,5.630449589093526,278.78742924916395,0.18394296194284826,0.18391376438423265,0.21215056539774083,0.20924813192365588,0.3084619244170876,8.364518160333124e-05,8.250083124736463e-05,0.00012161812360578834,0.04503145930904099
D_mid2,55,11,4.005030691725926,5.684210697809855,294.18555208760284,0.18391376438423265,0.18388514676783208,0.22157077514138016,0.2188206589310327,0.30101982590304127,8.735931337229882e-05,8.627501755902342e-05,0.00011868390714235243,0.04414317037638407
D_mid2,55,12,3.8998826331176235,5.7508538087209065,314.45903356489316,0.18388514676783208,0.18385125115588163,0.2299947807840226,0.2269999043097601,0.34986985769818757,9.068066903536422e-05,8.949987092577833e-05,0.0001379441423115255,0.043311553875135744
D_mid2,55,13,3.805111090887472,5.813998929659525,334.9559161753707,0.18385125115588163,0.1838131134217452,0.23903170385054634,0.2360558135845023,0.38051640954681126,9.424368132155614e-05,9.307036895602855e-05,0.00015002724183137874,0.042847258975480286
D_mid2,55,14,3.7169770409271607,5.893294858932495,362.5980276831826,0.1838131134217452,0.18376987015787846,0.2466965241800224,0.24497368933162247,0.338730623227887,9.72657109221558e-05,9.658644413115392e-05,0.00013355224597863785,0.042264270912477725
D_mid2,55,15,3.635007232580954,5.964392773310343,389.31655287944903,0.18376987015787846,0.18372366267808415,0.2567771350033843,0.2533526260070915,0.36304003731687456,0.00010124022082464787,9.989003032970329e-05,0.00014313678492309829,0.04191291602814158
D_ctor,55,1,7.030379345241173,6.415375868479411,611.1704373542528,0.9999929095952973,0.9968327397878526,0.006538322985527021,0.006850717886088919,0.014558674454185015,2.577882422704429e-06,2.701051211533558e-06,5.740088254495186e-06,0.023542492951055347
D_ctor,55,2,6.017587007421163,6.0849741776784265,439.2084711442733,0.9968327397878526,0.9940540324795352,0.017324400835059317,0.017193931423787483,0.03151500751055514,6.830538732247336e-06,6.779098201890735e-06,1.2425507900526216e-05,0.02410363497184212
D_ctor,55,3,5.607285871718392,5.919435930252075,372.2017069294629,0.9940540324795352,0.9912230776096532,0.026187483619424946,0.025064309071161646,0.047442125847154445,1.0325010536617631e-05,9.882173446433171e-06,1.8705136254025682e-05,0.018834448446190682
D_ctor,55,4,5.328699647664615,5.824800491333008,338.59357398624104,0.9912230776096532,0.9883711636472794,0.03324958029796854,0.03210184965109773,0.056307376347732536,1.3109402640732907e-05,1.265688375062657e-05,2.2200462729774844e-05,0.016212540279586123
D_ctor,55,5,5.121310297866219,5.773167212804158,321.5545532520351,0.9883711636472794,0.9855306090518989,0.038397006950167505,0.03724527752671497,0.06846584198516481,1.5138892575420562e-05,1.468479707677329e-05,2.6994214112686385e-05,0.01459821677684778
D_ctor,55,6,4.952682481212845,5.748907240231832,313.8475128955777,0.9855306090518989,0.9826962071734013,0.04193894424823437,0.04117656159353702,0.06581197109805964,1.6535381846938526e-05,1.6234795159913514e-05,2.5947865205307658e-05,0.013493591039048581
D_ctor,55,7,4.811864075897898,5.73236653804779,308.69895244057557,0.9826962071734013,0.9798818878015195,0.045995453167343346,0.045226581546840824,0.07573233316387203,1.8134752673871125e-05,1.7831607564613423e-05,2.9859193393427168e-05,0.012700460752040791
D_ctor,55,8,4.690890481500642,5.73229116598765,308.6756860413964,0.9798818878015195,0.977079701365469,0.04959226059113668,0.0488073290475604,0.0809453356082097,1.9552875739399412e-05,1.924339864050255e-05,3.1914538074398154e-05,0.012102670273618605
D_ctor,55,9,4.587068223217135,5.749918921788534,314.16518730156474,0.977079701365469,0.9742899729575827,0.053812966049679375,0.05284749972827673,0.09028165862317943,2.1216984783427132e-05,2.083632774565671e-05,3.55955955942327e-05,0.011611327161254594
D_ctor,55,10,4.495540940332168,5.765878041585286,319.21920876022216,0.9742899729575827,0.971514459044459,0.05709660090655475,0.0561867444040344,0.07952019767259023,2.2511632447492674e-05,2.2152900844569043e-05,3.1352645056525685e-05,0.01121144065065508
D_ctor,55,11,4.415013547213572,5.793149034182231,328.04442266969244,0.971514459044459,0.9687518712550695,0.05991490641498666,0.0591441424783808,0.08762057586336111,2.3622813441163344e-05,2.3318922243278364e-05,3.45464032421445e-05,0.010904058784579828
D_ctor,55,12,4.341753321691811,5.821115342775981,337.34810264858965,0.9687518712550695,0.9660021744290022,0.06189354750834554,0.06065732819520057,0.09471959737113649,2.440293765752605e-05,2.3915530099805452e-05,3.734535379931397e-05,0.010613727382884864
D_ctor,55,13,4.276844539118876,5.84547746181488,345.667545440064,0.9660021744290022,0.9632669789552526,0.06370262883656076,0.06290174156894827,0.09108391105846941,2.511620908317632e-05,2.480044107747882e-05,3.5911901848310964e-05,0.010407881366645073
D_ctor,55,14,4.217539958643054,5.877327418327331,356.8542440102612,0.9632669789552526,0.9605432171689774,0.0654333034385967,0.06453867442717251,0.09653076796783398,2.579856687521033e-05,2.5445839056701385e-05,3.805944896654274e-05,0.010206241383272785
D_ctor,55,15,4.1633051157406635,5.907138927777608,367.65276809704204,0.9605432171689774,0.9578317852897091,0.0676829254138981,0.0665115691380176,0.10998516271813748,2.668553146241352e-05,2.622369763116949e-05,4.336414985264288e-05,0.010057565569869854
D_below,56,1,6.8646957600300755,6.117575780550639,453.7633381643901,0.0031501728655689686,0.011574773078674019,0.32977301568307765,0.34995260424259034,1.0681703886567822,0.00013002050563935464,0.00013797676701710025,0.0004211504502709607,3.5482479194379426
D_below,56,2,5.624298993760071,5.675101653734843,291.51797092969196,0.011574773078674019,0.016277285674274864,0.5548104549803518,0.5559961349798767,0.678807171583922,0.00021874663013626144,0.00021921411142106388,0.000267635153525664,0.8794544952084132
D_below,56,3,5.081977509716158,5.497773599624634,244.14775605621887,0.016277285674274864,0.019835000282252425,0.6243262710284976,0.6240757484472828,0.7196094640698664,0.0002461548203843033,0.00024605604616344663,0.00028372238458451363,0.5395456784110115
D_below,56,4,4.7028744666490505,5.436023926734924,229.5277475925472,0.019835000282252425,0.022858984690618974,0.6827423266059531,0.6845424074005336,0.7790319045904359,0.0002691866778208642,0.0002698964005815887,0.0003071510321553446,0.4110574592058763
D_below,56,5,4.403758781851872,5.43579703172048,229.47567479869383,0.022858984690618974,0.02552866377113532,0.7385495183964386,0.7406508810349824,0.840820394287914,0.0002911899314220766,0.00029201844139651825,0.0003315125483834609,0.3445633093499601
D_below,56,6,4.148466880284697,5.490843868255615,242.46172630611366,0.02552866377113532,0.02792597105422232,0.7889848694460803,0.7928983052218724,0.8762483022972652,0.0003110752147342651,0.00031261817572305814,0.00034548080622766016,0.30228445429281153
D_below,56,7,3.925877321236743,5.578288928667704,264.6184371730361,0.02792597105422232,0.03009165587378561,0.8393420347053367,0.8425104775325761,0.9453545277799257,0.0003309296715217949,0.0003321789021103976,0.00037272750608717157,0.2709818282826312
D_below,56,8,3.7258554784961264,5.690965739885966,296.1795149394832,0.03009165587378561,0.03205810148126489,0.8855949698143215,0.8900569550600486,0.984778433521811,0.0003491659423025247,0.0003509251813858168,0.00038827127684785853,0.2459875281828352
D_below,56,9,3.5476430681107587,5.839058725039164,343.45590202577273,0.03205810148126489,0.03386093023844933,0.9277407383814048,0.9329477545232635,1.0156102712312263,0.0003657828693373239,0.00036783585378250173,0.0004004274295290144,0.22676372879497544
D_below,56,10,3.3874972242842816,5.983257102966308,396.7304579886356,0.03386093023844933,0.03552262381373097,0.9651924256604916,0.9712160649401481,1.0704594768172155,0.0003805490481497031,0.00038292400482500214,0.000422052975298535,0.21126225344580737
D_below,56,11,3.243694827650669,6.127392284075419,458.2396424552601,0.03552262381373097,0.03706986908098682,1.0003793748730707,1.006715464790698,1.096060010417251,0.0003944223025124026,0.00039692044995227085,0.00043214656745136536,0.1988953261092164
D_below,56,12,3.116021564035432,6.278247300783793,532.8539122613138,0.03706986908098682,0.03852280527756162,1.0306211215321466,1.034682179285371,1.1426284108108276,0.00040634579838693806,0.0004079469626950946,0.0004505072175896035,0.18856476748670434
D_below,56,13,3.0015748213740197,6.444919459025065,629.495974700717,0.03852280527756162,0.03988499541557437,1.0604108406957944,1.0655627256956355,1.156019166064786,0.00041809107214891926,0.00042012231988848233,0.00045578682715804005,0.180039079352127
D_below,56,14,2.898724376439639,6.590174587567647,727.9079424830082,0.03988499541557437,0.04117639736715605,1.085081033874848,1.092610883274632,1.1746719876601306,0.0004278178564484683,0.0004307866706927757,0.0004631411259638529,0.1726084590284516
D_below,56,15,2.8066682905521034,6.748455111185709,852.7403553556413,0.04117639736715605,0.04240862597793727,1.1089668042170298,1.1176753399592283,1.2115811783956285,0.0004372353642182993,0.00044066890233916,0.0004776934131854999,0.16658163777686613
D_xavier,56,1,6.875634785581821,6.150380969047546,468.8959876173626,0.006300345731137937,0.012882712600553034,0.28958844561951913,0.29443012772387,0.5813143272626516,0.00011417682568348713,0.00011608576888203464,0.00022919638409325973,1.8045200686784626
D_xavier,56,2,5.66197508113462,5.699844765663147,298.82101008508613,0.012882712600553034,0.017370665360251284,0.5244717653131231,0.5255508577809533,0.6459964483652562,0.00020678491227769816,0.00020721036900589132,0.00025469878026162574,0.8080504389486363
D_xavier,56,3,5.116419563162593,5.519721802075704,249.56559889975802,0.017370665360251284,0.0208562854514678,0.597848963706704,0.5980630115106796,0.7702493653134405,0.00023571554026668255,0.0002357999334777106,0.00030368831645913416,0.519823716543522
D_xavier,56,4,4.7298717646001744,5.445642137527466,231.74604477538986,0.0208562854514678,0.02384488555036105,0.6622472710066581,0.6645751804568356,0.7491267154425519,0.0002611060363935863,0.0002620238675968695,0.0002953602317279828,0.4007055382377186
D_xavier,56,5,4.425612831606464,5.4498193740844725,232.7161275475714,0.02384488555036105,0.026472127326285125,0.7242560973748091,0.7247512572439906,0.8492913985848057,0.0002855544253613428,0.0002857496533924476,0.0003348524343340248,0.33589499749463925
D_xavier,56,6,4.167673564488851,5.501253946622213,244.9989553412112,0.026472127326285125,0.02881931810015224,0.772822048348573,0.7759573177252399,0.8486788292248213,0.00030470265521085054,0.0003059388064126868,0.00033461091494299956,0.2948255153972252
D_xavier,56,7,3.943146263142188,5.5862851937611895,266.7428788248408,0.02881931810015224,0.030938470892173893,0.8250424997835064,0.8282756574860808,0.9187248227989706,0.0003252917549169664,0.00032656650081583794,0.00036222813972913666,0.26449101795595387
D_xavier,56,8,3.7429559349400305,5.705453411738078,300.5017001625356,0.030938470892173893,0.03285929929780278,0.8711287280120596,0.8755302099900342,0.9594573196236483,0.00034346229772161434,0.0003451976820166372,0.0003782878522624013,0.24083581424450884
D_xavier,56,9,3.5645457524582618,5.83991490205129,343.75008699299843,0.03285929929780278,0.03462027305529926,0.9148144897010951,0.919940959732961,0.993890585111342,0.00036068640204162166,0.00036270762935249653,0.0003918639496888403,0.22258644764767313
D_xavier,56,10,3.403542702234834,5.9799263159434,395.4112315783187,0.03462027305529926,0.036246193856853806,0.952637929698639,0.9578936065719375,1.042643371038565,0.00037559915281146217,0.00037767132285584215,0.00041108584346463857,0.2075363520923956
D_xavier,56,11,3.2592284977947257,6.131938568751017,460.32767311399283,0.036246193856853806,0.03775676527418582,0.9862698970204496,0.9923103496866631,1.0731911447811495,0.00038885932022622273,0.00039124090596126185,0.00042312999747141905,0.19523427989002173
D_xavier,56,12,3.1319555463349227,6.284408831596375,536.147243622523,0.03775676527418582,0.039175765514546476,1.01727579625236,1.021745622572672,1.1057232991964288,0.0004010841006182308,0.00040284643122336913,0.0004359565386541494,0.18565116270784285
D_xavier,56,13,3.017340708760414,6.4485655148824055,631.7953414489858,0.039175765514546476,0.04051338982725364,1.04524699284537,1.052921683367179,1.1189125227500636,0.00041211238053018116,0.00041513830167841164,0.00044115668976985544,0.17761551052512128
D_xavier,56,14,2.9147285728061996,6.589322471618653,727.2879447083299,0.04051338982725364,0.04178175654564278,1.070667708814351,1.0758704812349928,1.1761569496004416,0.00042213507549555005,0.00042418638675719816,0.0004637266059550963,0.17039566739352957
D_xavier,56,15,2.8225394158175225,6.752792366345724,856.4469402536772,0.04178175654564278,0.042991454384457596,1.0914066821874489,1.0992588151456497,1.1985042977487037,0.0004303118870482658,0.00043340776890948477,0.00047253755581379585,0.16435699411049234
D_mid1,56,1,6.976704720976422,6.28135670820872,534.5133507707002,0.034114277282088816,0.03600951560812927,0.14312604621631944,0.1626659220094873,0.31695575548847077,5.643069630988741e-05,6.413473639180682e-05,0.0001249670095309419,0.38538735121287804
D_mid1,56,2,5.8444616054384415,5.839794365564982,343.70865506242416,0.03600951560812927,0.03798512914143132,0.32819666598900665,0.3291774302229209,0.508212178168256,0.00012939899394937292,0.00012978568253680143,0.00020037420054106999,0.32275400203758886
D_mid1,56,3,5.329917084087025,5.631648667653402,279.1219177772738,0.03798512914143132,0.039825686100593956,0.407228417807491,0.4062072474906519,0.5568246678107339,0.0001605590581278157,0.0001601564385239518,0.00021954077931832564,0.26542599097108416
D_mid1,56,4,4.951033499801138,5.52785472869873,251.60357371968738,0.039825686100593956,0.041566801926218186,0.46314771823481915,0.46334124284358663,0.5701325340714251,0.00018260651310681106,0.00018268281458173156,0.0002247877080174853,0.2326621901409657
D_mid1,56,5,4.647206021827449,5.491199151674906,242.5478842416197,0.041566801926218186,0.04321833735826509,0.5101613329391645,0.510197878721591,0.5710143350944099,0.00020114269910471972,0.00020115710810995695,0.00022513537811003157,0.21051520119233946
D_mid1,56,6,4.38742407312933,5.5139588991800945,248.1315128056228,0.04321833735826509,0.04478341014804378,0.5568234133906705,0.5567557495799204,0.6302568489402735,0.00021954028473470852,0.00021951360673963668,0.00024849308550046345,0.19489810731638893
D_mid1,56,7,4.158746606080856,5.567237663269043,261.7101682194465,0.04478341014804378,0.046261543787047374,0.6040055547600499,0.6056396023064673,0.6704067929215702,0.00023814291620013385,0.00023878717657960686,0.0002643231133365095,0.182113056051044
D_mid1,56,8,3.952786217831829,5.664200838406881,288.3574448160192,0.046261543787047374,0.047651459585929236,0.6500480425392337,0.6526844267614635,0.7822237105285124,0.0002562962133386009,0.000257335667730962,0.0003084094741813296,0.17101038813882008
D_mid1,56,9,3.768073034940821,5.784974503517151,325.3737441207865,0.047651459585929236,0.0489458613504293,0.692870199204449,0.6965177275573964,0.7854827793738247,0.0002731798217522431,0.0002746179426967411,0.00030969443613706527,0.16189279837000317
D_mid1,56,10,3.600830861675596,5.903662006060283,366.37668790422083,0.0489458613504293,0.05016627302023777,0.7340968712089336,0.7375471196239233,0.8135337367094705,0.00028943437408044916,0.0002907947129261523,0.0003207541635343903,0.15354247069065938
D_mid1,56,11,3.4503675484534604,6.048945474624634,423.6660278215752,0.05016627302023777,0.051312815517691075,0.7718681190018172,0.7747494221072491,0.9181262064697834,0.0003043265468875164,0.00030546256611544656,0.0003619921216375907,0.14670963702211512
D_mid1,56,12,3.3153526529439725,6.196310941378275,490.9346098242618,0.051312815517691075,0.05240517185964551,0.8075228877784185,0.8113489682887375,0.9210423923029841,0.00031838424974469374,0.00031989276893489526,0.0003631418941736658,0.1410059586874556
D_mid1,56,13,3.1941344578515602,6.342900395393372,568.4426311270997,0.05240517185964551,0.053436432204391864,0.8407381207913166,0.8457772016779154,0.9207255610693005,0.0003314801101877336,0.0003334668823421382,0.0003630169762596862,0.13611346156490733
D_mid1,56,14,3.084824030436128,6.492930189768473,660.4557914444731,0.053436432204391864,0.05442201666513328,0.8707048942150913,0.8748183954045322,0.9606856803995851,0.0003432951916153894,0.0003449170329400695,0.0003787721614132396,0.13212980499254626
D_mid1,56,15,2.98771900705367,6.651162870724996,773.6834965125271,0.05442201666513328,0.05536709399964674,0.8999801135419632,0.9055998993063467,1.0011453006043147,0.00035483761212453416,0.0003570533403737254,0.0003947242861378737,0.12865463063605734
D_mid2,56,1,7.036052465029892,6.393962486584981,598.2223374378215,0.1847174913444238,0.18451017934904115,0.04089806958170761,0.04495329143164459,0.09016084102692194,1.612499335542209e-05,1.7723856726084535e-05,3.5547960511286356e-05,0.10425239040880624
D_mid2,56,2,6.007634224245519,5.9966919898986815,402.096451883426,0.18451017934904115,0.18439411411175552,0.10131127093452906,0.1007968107276035,0.14984114866946333,3.9944270899752306e-05,3.974143327188505e-05,5.907827805507457e-05,0.08581131932073902
D_mid2,56,3,5.548710245619916,5.780180207888285,323.8175396345974,0.18439411411175552,0.1842973534592161,0.12976547674024172,0.1290611400160899,0.1800267433290983,5.116298817036271e-05,5.0885287410569206e-05,7.09796347277568e-05,0.06846855109313599
D_mid2,56,4,5.211330929914838,5.654345496495565,285.52954147082045,0.1842973534592161,0.18422551140762414,0.14735651931832408,0.14612480606047143,0.20852733888159017,5.8098656469323093e-05,5.7613025526303157e-05,8.221664221025804e-05,0.06102573086680774
D_mid2,56,5,4.947018968506907,5.5758100589116415,263.96329487392313,0.18422551140762414,0.18417112132065203,0.15880935894609866,0.15788044930550252,0.2077464903143621,6.261419876233097e-05,6.224795502673177e-05,8.19087749175735e-05,0.05580390850460016
D_mid2,56,6,4.730058758377416,5.5386807759602865,254.34224363655315,0.18417112132065203,0.18412522209688573,0.16880596039629456,0.16762474347488612,0.20106899199446426,6.655558606031017e-05,6.608986444548015e-05,7.927601945648558e-05,0.0520796358547303
D_mid2,56,7,4.546193854886508,5.529663904507955,252.05918083118655,0.18412522209688573,0.18409056511093064,0.17970268266174738,0.17954332213430682,0.22239311814353974,7.085186644526252e-05,7.078903493579574e-05,8.768354078893053e-05,0.04951392993713998
D_mid2,56,8,4.383698814320114,5.554059640566508,258.2839705194316,0.18409056511093064,0.18406140136238847,0.18787815414278794,0.1870075672191663,0.22765926116644206,7.407523186709125e-05,7.373198318806325e-05,8.975983735063873e-05,0.04768452722082135
D_mid2,56,9,4.241579152707579,5.59442974726359,268.9242515681158,0.18406140136238847,0.18403794684192024,0.19931485742733818,0.19885182892276926,0.2532211656710704,7.858441204007893e-05,7.840185252966908e-05,9.983819910474516e-05,0.04628177490342965
D_mid2,56,10,4.113177903111557,5.64169770081838,281.9409638066582,0.18403794684192024,0.18401751947489728,0.20831081620271438,0.2064717099612678,0.25425597345532946,8.213127322355819e-05,8.140616379353986e-05,0.00010024619559005556,0.04514721271144124
D_mid2,56,11,3.99803672482996,5.701241405804952,299.2386470793942,0.18401751947489728,0.1839940559747775,0.21705822531310198,0.21582023822992735,0.27733275060563306,8.558013805323822e-05,8.509203351201024e-05,0.00010934473940933732,0.0441924099019377
D_mid2,56,12,3.893756850505979,5.759393771489461,317.15600161612565,0.1839940559747775,0.18397169925470466,0.2263246943228432,0.2251982692673947,0.268439015082292,8.92336540440549e-05,8.878953536754377e-05,0.00010583818206603183,0.043497105826262414
D_mid2,56,13,3.798243906240316,5.830445710817973,340.5104144295351,0.18397169925470466,0.18394294714312623,0.23727222428531114,0.23591161165023672,0.28841320568831075,9.354996651817803e-05,9.30135140664053e-05,0.00011371346063287268,0.04289645581604066
D_mid2,56,14,3.71043989261673,5.90520928700765,366.9440143665022,0.18394294714312623,0.18391155199166861,0.24574717793779863,0.24424955189911887,0.31247336822623667,9.689140959193604e-05,9.630093649211475e-05,0.00012319972648899897,0.04231726289514461
D_mid2,56,15,3.6285256088086713,5.978755958875021,394.94872994734294,0.18391155199166861,0.18387508183504508,0.2523438572157297,0.2508835702210615,0.32607345501373086,9.949230030908781e-05,9.891654897591078e-05,0.0001285618697716637,0.0418373845075936
D_ctor,56,1,7.021383967653147,6.419970870018005,613.985228486398,1.0001838811553543,0.9969456379929137,0.0065107496223138295,0.006716179051778817,0.016570150665354073,2.567010997643374e-06,2.6480062186650693e-06,6.533158462244009e-06,0.023734211659351166
D_ctor,56,2,6.017259027700277,6.086511421203613,439.8841607394133,0.9969456379929137,0.9941395387764055,0.016971899690685147,0.016825545399586462,0.02796764316600504,6.691557145366899e-06,6.633853640149154e-06,1.1026878892600722e-05,0.024144641825949706
D_ctor,56,3,5.60489716456235,5.924336838722229,374.0303106772705,0.9941395387764055,0.9913058050381266,0.025417938731178747,0.024913579129386163,0.04530480776573306,1.0021599976251741e-05,9.822744741497918e-06,1.7862450029129677e-05,0.01902169800407629
D_ctor,56,4,5.32277279080085,5.826401511828105,339.136103422187,0.9913058050381266,0.98845962338741,0.03363128155269655,0.032366144164707615,0.061820471132746656,1.325989703470299e-05,1.276108786880187e-05,2.4374125635760175e-05,0.016365358776985483
D_ctor,56,5,5.110053994847816,5.770619146029154,320.7362537621573,0.98845962338741,0.9856253974716797,0.03953208697890615,0.03790943997924423,0.06912394765486471,1.5586423671838602e-05,1.4946658217005329e-05,2.7253687228645456e-05,0.01468023553497685
D_ctor,56,6,4.938656689985743,5.742536926269532,311.8545603086375,0.9856253974716797,0.982803211241192,0.04273034827828105,0.04152022631110827,0.07348414423041501,1.6847410870715844e-05,1.637029278471603e-05,2.8972793815537497e-05,0.013522267797789974
D_ctor,56,7,4.79816856596932,5.734482288360596,309.3527737632013,0.982803211241192,0.98000215436044,0.04782335717887663,0.04664446828071063,0.07882503976935971,1.8855445370171557e-05,1.839064163141001e-05,3.10785632554723e-05,0.012702834207587348
D_ctor,56,8,4.677818719559632,5.739713939030965,310.9754403206787,0.98000215436044,0.9772117487685751,0.05122942685364205,0.05002526080935751,0.07951033557495872,2.0198365743564004e-05,1.9723595915513296e-05,3.134875670041487e-05,0.012077075698251692
D_ctor,56,9,4.574734862018409,5.757852292060852,316.66748877695255,0.9772117487685751,0.9744360892214395,0.054447753544949545,0.05366269023061417,0.08538249548627287,2.146726417920367e-05,2.1157735126690503e-05,3.366398919232368e-05,0.011596232045019323
D_ctor,56,10,4.484738837384442,5.774793004989624,322.07775932884374,0.9744360892214395,0.9716721803422349,0.057762798560243196,0.05636195393107662,0.08957738250812892,2.2774296012032376e-05,2.2221981182302784e-05,3.531791873095475e-05,0.0112144695761221
D_ctor,56,11,4.404178615295253,5.801552613576253,330.81278580824477,0.9716721803422349,0.9689208576976996,0.0596516053208014,0.059140998564917814,0.08794149331443887,2.3519001001172005e-05,2.3317682683949055e-05,3.467293224019243e-05,0.010885914448676762
D_ctor,56,12,4.332802094480799,5.824857060114542,338.6127283539214,0.9689208576976996,0.966184585948917,0.061928656224796576,0.06080546615051598,0.09291729178485857,2.4416780066844644e-05,2.397393685517503e-05,3.663475386390357e-05,0.01063271116706318
D_ctor,56,13,4.2674411418711955,5.846683478355407,346.08467770103215,0.966184585948917,0.9634595614318588,0.06478765012507932,0.06328730836081528,0.09366164882362009,2.554400338366034e-05,2.4952459547311623e-05,3.6928233542207494e-05,0.0104040819070533
D_ctor,56,14,4.208436452299612,5.878241912523905,357.18073440946546,0.9634595614318588,0.9607436822594562,0.06585516166038548,0.06464036866093527,0.10618373866718737,2.5964894066025144e-05,2.5485934319399125e-05,4.1865352031874124e-05,0.01020967620018524
D_ctor,56,15,4.154885618396321,5.904607566197713,366.7232829329846,0.9607436822594562,0.9580385667054616,0.06797646965465988,0.06700196110129596,0.10567770432967906,2.6801267950228662e-05,2.6417045807019644e-05,4.1665836494505426e-05,0.010040257528183685
