dose,seed,base_direction_hash
D_xavier,57,af9cf36f7b2fea1e4e5a86e8f53e0bb0f26781cf8f649afc7515829cd095abbf
D_mid1,57,af9cf36f7b2fea1e4e5a86e8f53e0bb0f26781cf8f649afc7515829cd095abbf
D_ctor,57,af9cf36f7b2fea1e4e5a86e8f53e0bb0f26781cf8f649afc7515829cd095abbf
D_xavier,58,f4405a70c1f4b80709e341c1da9d587854a4706555a5b77ba53366e224762f2a
D_mid1,58,f4405a70c1f4b80709e341c1da9d587854a4706555a5b77ba53366e224762f2a
D_ctor,58,f4405a70c1f4b80709e341c1da9d587854a4706555a5b77ba53366e224762f2a
D_xavier,59,3c35217825151ac2c9c2d2dbc9c33414322e5e957a04260ae847a49560cdf0ab
D_mid1,59,3c35217825151ac2c9c2d2dbc9c33414322e5e957a04260ae847a49560cdf0ab
D_ctor,59,3c35217825151ac2c9c2d2dbc9c33414322e5e957a04260ae847a49560cdf0ab
D_xavier,60,63d3e7c5d042808facac5968dcf48a56caf46b42d48f15a2d2235e3c46a8c0af
D_mid1,60,63d3e7c5d042808facac5968dcf48a56caf46b42d48f15a2d2235e3c46a8c0af
D_ctor,60,63d3e7c5d042808facac5968dcf48a56caf46b42d48f15a2d2235e3c46a8c0af
D_xavier,61,71f65ecfbe6fe1321d9a03946efd62225d1ed804e508cc4587826f29881db184
D_mid1,61,71f65ecfbe6fe1321d9a03946efd62225d1ed804e508cc4587826f29881db184
D_ctor,61,71f65ecfbe6fe1321d9a03946efd62225d1ed804e508cc4587826f29881db184
