dose,seed,cosine_similarity,normalized_max_abs_diff,base_direction_hash,cosine_min,max_abs_diff_max,pass
D_xavier,57,0.9999999999995645,4.24523595530385e-11,af9cf36f7b2fea1e4e5a86e8f53e0bb0f26781cf8f649afc7515829cd095abbf,0.999999,0.0001,true
D_mid1,57,0.9999999999996004,6.093080640728887e-11,af9cf36f7b2fea1e4e5a86e8f53e0bb0f26781cf8f649afc7515829cd095abbf,0.999999,0.0001,true
D_ctor,57,0.9999999999997363,0.0,af9cf36f7b2fea1e4e5a86e8f53e0bb0f26781cf8f649afc7515829cd095abbf,0.999999,0.0001,true
D_xavier,58,0.9999999999995499,7.578324252854873e-11,f4405a70c1f4b80709e341c1da9d587854a4706555a5b77ba53366e224762f2a,0.999999,0.0001,true
D_mid1,58,0.9999999999995969,6.093260293028868e-11,f4405a70c1f4b80709e341c1da9d587854a4706555a5b77ba53366e224762f2a,0.999999,0.0001,true
D_ctor,58,0.999999999999717,0.0,f4405a70c1f4b80709e341c1da9d587854a4706555a5b77ba53366e224762f2a,0.999999,0.0001,true
D_xavier,59,0.9999999999995504,6.572510482909244e-11,3c35217825151ac2c9c2d2dbc9c33414322e5e957a04260ae847a49560cdf0ab,0.999999,0.0001,true
D_mid1,59,0.9999999999995728,6.094210444444748e-11,3c35217825151ac2c9c2d2dbc9c33414322e5e957a04260ae847a49560cdf0ab,0.999999,0.0001,true
D_ctor,59,0.9999999999997227,0.0,3c35217825151ac2c9c2d2dbc9c33414322e5e957a04260ae847a49560cdf0ab,0.999999,0.0001,true
D_xavier,60,0.9999999999995359,7.329574620851265e-11,63d3e7c5d042808facac5968dcf48a56caf46b42d48f15a2d2235e3c46a8c0af,0.999999,0.0001,true
D_mid1,60,0.9999999999995839,6.0953556655155e-11,63d3e7c5d042808facac5968dcf48a56caf46b42d48f15a2d2235e3c46a8c0af,0.999999,0.0001,true
D_ctor,60,0.9999999999997097,0.0,63d3e7c5d042808facac5968dcf48a56caf46b42d48f15a2d2235e3c46a8c0af,0.999999,0.0001,true
D_xavier,61,0.9999999999995718,7.804171740267984e-11,71f65ecfbe6fe1321d9a03946efd62225d1ed804e508cc4587826f29881db184,0.999999,0.0001,true
D_mid1,61,0.9999999999995866,6.091987526414544e-11,71f65ecfbe6fe1321d9a03946efd62225d1ed804e508cc4587826f29881db184,0.999999,0.0001,true
D_ctor,61,0.9999999999997046,0.0,71f65ecfbe6fe1321d9a03946efd62225d1ed804e508cc4587826f29881db184,0.999999,0.0001,true
