dose,seed,selected_epoch,selected_val_ppl,local_path,local_sha256,size_bytes,persistent_uri,persistent_sha256,persistent_size_bytes,persistent_verified
D_xavier,57,4,191.278059,/content/r014_seed_57/checkpoints/D_xavier_seed57_best.pt,f260fb6b07efa282dddd487d6fe198ae80497fcd55583158ef85929c7e3d48b5,115987959,gdrive:exchange/r014_ckpt_D_xavier_seed57.pt,f260fb6b07efa282dddd487d6fe198ae80497fcd55583158ef85929c7e3d48b5,115987959,true
D_mid1,57,4,196.880339,/content/r014_seed_57/checkpoints/D_mid1_seed57_best.pt,b055f7a90bb5c2cd5f4d94e723daaef4f13e3028fc415d5e35eda21a52c2b1d8,115987805,gdrive:exchange/r014_ckpt_D_mid1_seed57.pt,b055f7a90bb5c2cd5f4d94e723daaef4f13e3028fc415d5e35eda21a52c2b1d8,115987805,true
D_ctor,57,4,229.451395,/content/r014_seed_57/checkpoints/D_ctor_seed57_best.pt,21a5d2cd6236192de85b9fe5d3fad613f41ef901a3364b72fafd61ed562be199,115987805,gdrive:exchange/r014_ckpt_D_ctor_seed57.pt,21a5d2cd6236192de85b9fe5d3fad613f41ef901a3364b72fafd61ed562be199,115987805,true
D_xavier,58,4,193.483557,/content/r014_seed_58/checkpoints/D_xavier_seed58_best.pt,5cf969107ac50ad7b50313ddc89b3c48f247e736ac5b56269fc6d588e83eabd7,115987959,gdrive:exchange/r014_ckpt_D_xavier_seed58.pt,5cf969107ac50ad7b50313ddc89b3c48f247e736ac5b56269fc6d588e83eabd7,115987959,true
D_mid1,58,4,197.413797,/content/r014_seed_58/checkpoints/D_mid1_seed58_best.pt,a3b62a6496834e479d9f88a412c54bf34e193cc0a1cf9e2fcd109776f360855e,115987805,gdrive:exchange/r014_ckpt_D_mid1_seed58.pt,a3b62a6496834e479d9f88a412c54bf34e193cc0a1cf9e2fcd109776f360855e,115987805,true
D_ctor,58,4,227.787828,/content/r014_seed_58/checkpoints/D_ctor_seed58_best.pt,1e2f56b47c51cfdf0c5ec78aaf0f6ea60aed9f4f2638bb026586359c34fe4f0a,115987805,gdrive:exchange/r014_ckpt_D_ctor_seed58.pt,1e2f56b47c51cfdf0c5ec78aaf0f6ea60aed9f4f2638bb026586359c34fe4f0a,115987805,true
D_xavier,59,4,189.584759,/content/r014_seed_59/checkpoints/D_xavier_seed59_best.pt,230fb4d495fa0a786ea3d1ddde0edf22f5a857fe7ac2337f0cd501888e164cbb,115987959,gdrive:exchange/r014_ckpt_D_xavier_seed59.pt,230fb4d495fa0a786ea3d1ddde0edf22f5a857fe7ac2337f0cd501888e164cbb,115987959,true
D_mid1,59,4,197.495003,/content/r014_seed_59/checkpoints/D_mid1_seed59_best.pt,947c0215ddad139e3d6ca5745b68f74c0e226608b1f1b678fea5ce116b5cc5cb,115987805,gdrive:exchange/r014_ckpt_D_mid1_seed59.pt,947c0215ddad139e3d6ca5745b68f74c0e226608b1f1b678fea5ce116b5cc5cb,115987805,true
D_ctor,59,4,227.84363,/content/r014_seed_59/checkpoints/D_ctor_seed59_best.pt,70e0b60ba6591d739cb8d5370b81530e6f4181d72bd246576eae0ef4d23af710,115987805,gdrive:exchange/r014_ckpt_D_ctor_seed59.pt,70e0b60ba6591d739cb8d5370b81530e6f4181d72bd246576eae0ef4d23af710,115987805,true
D_xavier,60,4,190.733077,/content/r014_seed_60/checkpoints/D_xavier_seed60_best.pt,1abad9fb92484580e15649d627f4a4531a7a702670d3c172a04b5548a5df895e,115987959,gdrive:exchange/r014_ckpt_D_xavier_seed60.pt,1abad9fb92484580e15649d627f4a4531a7a702670d3c172a04b5548a5df895e,115987959,true
D_mid1,60,4,197.154841,/content/r014_seed_60/checkpoints/D_mid1_seed60_best.pt,a5e3320a6bb84330b0a394534e5b418e25e152618b725bffc1df0df3091bf326,115987805,gdrive:exchange/r014_ckpt_D_mid1_seed60.pt,a5e3320a6bb84330b0a394534e5b418e25e152618b725bffc1df0df3091bf326,115987805,true
D_ctor,60,5,232.305198,/content/r014_seed_60/checkpoints/D_ctor_seed60_best.pt,b1274ab5d326857b45c3db5a3a7e00f5fb5f4ec4d2614d521afd82b2ac454f32,115987805,gdrive:exchange/r014_ckpt_D_ctor_seed60.pt,b1274ab5d326857b45c3db5a3a7e00f5fb5f4ec4d2614d521afd82b2ac454f32,115987805,true
D_xavier,61,4,191.47156,/content/r014_seed_61/checkpoints/D_xavier_seed61_best.pt,219702ff5a02176ed2c879f636e5378d8a549a22e60b3a654d517c933dbe5bde,115987959,gdrive:exchange/r014_ckpt_D_xavier_seed61.pt,219702ff5a02176ed2c879f636e5378d8a549a22e60b3a654d517c933dbe5bde,115987959,true
D_mid1,61,4,198.907946,/content/r014_seed_61/checkpoints/D_mid1_seed61_best.pt,24384d13a9289eb25923bfac3a169d141d3f58b40bcf4e00fb2d847ae21e0037,115987805,gdrive:exchange/r014_ckpt_D_mid1_seed61.pt,24384d13a9289eb25923bfac3a169d141d3f58b40bcf4e00fb2d847ae21e0037,115987805,true
D_ctor,61,4,229.248103,/content/r014_seed_61/checkpoints/D_ctor_seed61_best.pt,e9666df6fb83503987575d80c71af13e8e802ff27f7a3a3df415278575a024a0,115987805,gdrive:exchange/r014_ckpt_D_ctor_seed61.pt,e9666df6fb83503987575d80c71af13e8e802ff27f7a3a3df415278575a024a0,115987805,true
