dose,seed,factor_rel_ctor,s_xav,r,rms_constructor,target_rms,realized_rms,base_direction_hash,emb_hash
D_xavier,57,0.006292873153967275,0.006292357899939108,0.006292873153967275,0.9999181210211043,0.006292357899939108,0.0062923578080506595,af9cf36f7b2fea1e4e5a86e8f53e0bb0f26781cf8f649afc7515829cd095abbf,ef2801e06ecc6208478115e4d589ccadfed810cf7f47a09f025948a133bcad5b
D_mid1,57,0.03408521087144424,0.006292357899939108,0.006292873153967275,0.9999181210211043,0.03408242000918264,0.034082419550600554,af9cf36f7b2fea1e4e5a86e8f53e0bb0f26781cf8f649afc7515829cd095abbf,782c67ebf1ea4f61c53325179f9da23f52ab202fdfb19a1ce1500e3a0855eee9
D_ctor,57,1.0,0.006292357899939108,0.006292873153967275,0.9999181210211043,0.9999181210211043,0.9999181210211043,af9cf36f7b2fea1e4e5a86e8f53e0bb0f26781cf8f649afc7515829cd095abbf,7a276d8669954f93d01e250aaa7de07fa2b70822165a7cfdda787965859ccea9
D_xavier,58,0.006292217691323692,0.006292357899939108,0.006292217691323692,1.0000222828615115,0.006292357899939108,0.006292358085340346,f4405a70c1f4b80709e341c1da9d587854a4706555a5b77ba53366e224762f2a,59b7ec3a2509d3fc55948380777c61f7197f5a2d288f558b27e1037b9bdd27a2
D_mid1,58,0.034082843964230926,0.006292357899939108,0.006292217691323692,1.0000222828615115,0.034083603427522896,0.03408360431610895,f4405a70c1f4b80709e341c1da9d587854a4706555a5b77ba53366e224762f2a,3534345dc9d454b6c73133ba4f66c240477d6676ea08267aab523fbd4ddac163
D_ctor,58,1.0,0.006292357899939108,0.006292217691323692,1.0000222828615115,1.0000222828615115,1.0000222828615115,f4405a70c1f4b80709e341c1da9d587854a4706555a5b77ba53366e224762f2a,0f3a406879b1025325a42edc906caa328c318ea53e254c2a65a9da5fb4a8a2ea
D_xavier,59,0.006293042227119017,0.006292357899939108,0.006293042227119017,0.9998912565409207,0.006292357899939108,0.006292357770093156,3c35217825151ac2c9c2d2dbc9c33414322e5e957a04260ae847a49560cdf0ab,d947c25a01e79de77ddd48c360d2d88cf90f7e6333f8cc8258f75de3c13e3d7d
D_mid1,59,0.034085821389415225,0.006292357899939108,0.006293042227119017,0.9998912565409207,0.03408211477929178,0.03408211475015715,3c35217825151ac2c9c2d2dbc9c33414322e5e957a04260ae847a49560cdf0ab,ebfe5c4c181dfaa9d982dd3a07120c2f20ac318b9e5cb2e7c9585967127b635a
D_ctor,59,1.0,0.006292357899939108,0.006293042227119017,0.9998912565409207,0.9998912565409207,0.9998912565409207,3c35217825151ac2c9c2d2dbc9c33414322e5e957a04260ae847a49560cdf0ab,abc9011289f687d6f67f9d0e0a8d5bffe16fa3b5162a361120507b386bb8142b
D_xavier,60,0.006293489281984895,0.006292357899939108,0.006293489281984895,0.9998202297652233,0.006292357899939108,0.006292357750053655,63d3e7c5d042808facac5968dcf48a56caf46b42d48f15a2d2235e3c46a8c0af,f9544fbe25ee09a0cf70bef4a59f05901e634b7cb07b20cb576c6190c64ad8b3
D_mid1,60,0.03408743566449828,0.006292357899939108,0.006293489281984895,0.9998202297652233,0.03408130775818594,0.03408130650469009,63d3e7c5d042808facac5968dcf48a56caf46b42d48f15a2d2235e3c46a8c0af,0cca762636b32d85f06e454407f2ae1dd426c8257f160cd64c68c6c943e1f5e7
D_ctor,60,1.0,0.006292357899939108,0.006293489281984895,0.9998202297652233,0.9998202297652233,0.9998202297652233,63d3e7c5d042808facac5968dcf48a56caf46b42d48f15a2d2235e3c46a8c0af,6da8ee1ddf7e1b0d21842f6ddbbe10f45023bddf88782a814fc36961a63267ac
D_xavier,61,0.006289967083145993,0.006292357899939108,0.006289967083145993,1.0003801000484598,0.006292357899939108,0.00629235768689206,71f65ecfbe6fe1321d9a03946efd62225d1ed804e508cc4587826f29881db184,d6fe779c04652e0a84ed6d8e54330514b797fb88729015046fef2f87bf642321
D_mid1,61,0.034074716283910164,0.006292357899939108,0.006289967083145993,1.0003801000484598,0.03408766808522093,0.03408766807095112,71f65ecfbe6fe1321d9a03946efd62225d1ed804e508cc4587826f29881db184,abc88c3a89511d53ef9bdb39fbf630249fdbf7d727e0f5fbc8044cfa33f468a9
D_ctor,61,1.0,0.006292357899939108,0.006289967083145993,1.0003801000484598,1.0003801000484598,1.0003801000484598,71f65ecfbe6fe1321d9a03946efd62225d1ed804e508cc4587826f29881db184,10b5a44e2db615fce9a44c9c7306274d6e27ee56861f9b3e8d824ffdf95469cf
