condition,seed,epoch,actual_batch_order_sha256,train_loss,validation_loss,validation_ppl,stored_embedding_rms,effective_embedding_rms,embedding_gradient_l2_mean,embedding_gradient_rms_mean,epoch_displacement_l2,epoch_displacement_rms,relative_epoch_displacement,best_epoch,is_best,is_final,status
B00,71,1,6d5e8651b3fd09c05e5f9bab95c3a99aa92b450c40ca58a7f04ac62b9c81af97,6.874269129686045,6.138643590609233,463.42455093864896,0.012920580915873952,0.012920580915873952,0.2878848779811736,0.00011350515542790323,28.963448230325252,0.011419497669224865,1.8125192515907276,1,True,False,CANONICAL
B00,71,2,0352b7a3b0f3b4678324f1d052acc1e90ad50308ec76c9d573a2c5a94fb56d0d,5.6569905174739565,5.700203545888265,298.9282403892607,0.01740622758560374,0.01740622758560374,0.5344437416645247,0.00021071659057086378,26.510134105125854,0.010452222822949548,0.8089592016801789,2,True,False,CANONICAL
B00,71,3,ad4f21905e70e043f94ffae512d19d99d9e6cc23671b6cbd9cd07dc7122df30d,5.114975952161524,5.524888404210409,250.85834172401894,0.020859692882533223,0.020859692882533223,0.603683710109208,0.0002380160216325079,22.792416258032425,0.00898642807530384,0.5162766045145988,3,True,False,CANONICAL
B00,71,4,fadb353221b18c0de57fcbc7ed7f173892be620dbfc1ee3ee79e63651a9c6f47,4.731319393956232,5.456680464744568,234.31830405072046,0.023791967542810842,0.023791967542810842,0.6599252396495352,0.0002601905227620717,20.923930379295815,0.00824973505562147,0.3954868895758936,4,True,False,CANONICAL
B00,71,5,35f8874e03408fc52eeecb20bd3f15eec484dc99910392522c6cea5feb6968e5,4.43181375696565,5.447550225257873,232.18865869880545,0.026398913088867323,0.026398913088867323,0.717571020265889,0.0002829186817904523,20.153251249698645,0.007945877294826934,0.3339731058614326,5,True,False,CANONICAL
B00,71,6,0be5a59258c698a7c9e274fcb00f5a236ef8e2faa0524d1ebd3dedb8b93919df,4.178649706456101,5.495361773173014,243.55962356190497,0.02874186809832715,0.02874186809832715,0.7706253173057284,0.00030383654407573323,19.69550262796474,0.007765399498211951,0.2941560310483652,5,False,False,CANONICAL
B00,71,7,d4d5c80effdb76369edef96bb5f5050e892319d107da39b5bf416620da283551,3.955569940815659,5.58382933139801,266.0885987678166,0.030859653635332888,0.030859653635332888,0.8174785771000148,0.0003223095065062302,19.304694359901994,0.007611314457274607,0.2648162753804303,5,False,False,CANONICAL
B00,71,8,4162ee3c70262f2f371eba79d4bbe52d735f0431ce645f8948cd1ca36914f26e,3.756512789947091,5.691976308822632,296.47897604451765,0.03279412055759973,0.03279412055759973,0.8635609464714524,0.0003404785278687664,18.948506628374275,0.0074708793496299115,0.2420921322680076,5,False,False,CANONICAL
B00,71,9,76343688fdc87da779e7a5677ceed3385329e0044164bbe4594f327dbaef3899,3.5781670311916343,5.825377345085144,338.7889493059196,0.03457001243766989,0.03457001243766989,0.9084536847517581,0.0003581785101388442,18.607839577242768,0.007336563622944274,0.2237158215619261,5,False,False,CANONICAL
B00,71,10,c8807fd55da40cfc46ee76615b205b834297a6b65bcf05f1440d8862244eaf00,3.4169023830322214,5.965740362803142,389.8415454332578,0.03621128290300627,0.03621128290300627,0.9446006435028809,0.0003724302700786646,18.276948717630507,0.007206102381932446,0.20844951661284847,5,False,False,CANONICAL
B00,71,11,966c6261557cd1fa55eece3837f3af8f9a54317d29b17ea0fee470e863cc62ac,3.2720177574386726,6.124969736735026,457.13087878665914,0.03773488184640356,0.03773488184640356,0.9799326464934457,0.00038636071518973245,17.98023695015482,0.007089117024727204,0.19577094365078854,5,False,False,CANONICAL
B00,71,12,d22c447763e1dc6cf8e839ec5b27964406962242b108456e94856dacbe2576c0,3.1428069565349337,6.277706344922383,532.5657397655287,0.039166294383699715,0.039166294383699715,1.0112539087180206,0.000398709834608332,17.804385770412317,0.007019783700834594,0.18602903619542235,5,False,False,CANONICAL
B00,71,13,2d9ac0a6e0351e582ef0544d8cdf6419405e177953f089cb48c94040aa8046a1,3.0270677299892106,6.436522698402404,624.2323771983979,0.0405163043352419,0.0405163043352419,1.0400719235446132,0.0004100719918531108,17.64861319277148,0.006958366822113774,0.17766211819644895,5,False,False,CANONICAL
B00,71,14,4d35cfbd06686ec2c038eb95d88eaa3b92f191d5dab717a33fdf9f2995322f9d,2.9233484971584627,6.588022526105245,726.343124248261,0.04179543830677088,0.04179543830677088,1.0654721678352337,0.00042008661539406005,17.523853148422063,0.006909177339413682,0.17052832070381946,5,False,False,CANONICAL
B00,71,15,a0c620d1fdd8f83377f85da8f6d0632c76149d4115dab659166a1a37eca58b4a,2.8296388230233824,6.749194677670797,853.3712468072748,0.04301243589608648,0.04301243589608648,1.086801338392339,0.0004284961255990067,17.45920828691912,0.006883689633689221,0.1646995440785714,5,False,True,CANONICAL
B01,71,1,6d5e8651b3fd09c05e5f9bab95c3a99aa92b450c40ca58a7f04ac62b9c81af97,6.665378565649226,6.010170070330302,407.552626990114,0.012398831948355529,1.9686120625855934,0.31873475640680543,0.000125668421071409,28.285001696214962,0.011152004705218793,1.7700623799340445,1,True,False,CANONICAL
B01,71,2,0352b7a3b0f3b4678324f1d052acc1e90ad50308ec76c9d573a2c5a94fb56d0d,5.460116985118205,5.690127356847127,295.9313071188584,0.01673046061439497,2.656362044045563,0.5932222872168159,0.00023389136791771424,22.819143454330842,0.00899696587982931,0.7256301172000793,2,True,False,CANONICAL
B01,71,3,ad4f21905e70e043f94ffae512d19d99d9e6cc23671b6cbd9cd07dc7122df30d,5.002741147887032,5.582160401344299,265.6448858742653,0.019967777821402726,3.1703638250743498,0.748469681353651,0.00029510118110710575,19.707400702376354,0.007770090584436603,0.46442777419715375,3,True,False,CANONICAL
B01,71,4,fadb353221b18c0de57fcbc7ed7f173892be620dbfc1ee3ee79e63651a9c6f47,4.686800901108704,5.562010375658671,260.34570323201274,0.022773778852032283,3.615883814338951,0.8839637249815403,0.00034852278695659536,19.297987290862388,0.007608670042885269,0.3810474110308767,4,True,False,CANONICAL
B01,71,5,35f8874e03408fc52eeecb20bd3f15eec484dc99910392522c6cea5feb6968e5,4.428533214647611,5.596110502878825,269.3766275742734,0.025281564318989723,4.014054927649672,1.002849300527725,0.00039539612683166833,19.534194213393214,0.007701799989977389,0.3381871774560636,4,False,False,CANONICAL
B01,71,6,0be5a59258c698a7c9e274fcb00f5a236ef8e2faa0524d1ebd3dedb8b93919df,4.2027822976251406,5.688110280036926,295.3349925501808,0.027518335352428668,4.369195997067423,1.1213020171958825,0.0004420988022572106,19.528186251468494,0.007699431214455547,0.30454726287139905,4,False,False,CANONICAL
B01,71,7,d4d5c80effdb76369edef96bb5f5050e892319d107da39b5bf416620da283551,4.001163868307045,5.815293828646342,335.38993119401346,0.029505689474151015,4.6847361473773645,1.2321941417283675,0.00048582054241618215,19.20659358318691,0.007572635996680466,0.27518510475642316,4,False,False,CANONICAL
B01,71,8,4162ee3c70262f2f371eba79d4bbe52d735f0431ce645f8948cd1ca36914f26e,3.819525684746011,5.951414386431376,384.29649860507106,0.03129552837198477,4.96891601682287,1.3284332726549457,0.0005237650068516568,18.855592428927046,0.007434245814990393,0.2519597388667462,4,False,False,CANONICAL
B01,71,9,76343688fdc87da779e7a5677ceed3385329e0044164bbe4594f327dbaef3899,3.654764320183782,6.110037899017334,450.3557828858158,0.03291623279483961,5.226241730245498,1.4054173320901124,0.000554117721773456,18.498810163622554,0.007293576298893219,0.23305490203585458,4,False,False,CANONICAL
B01,71,10,c8807fd55da40cfc46ee76615b205b834297a6b65bcf05f1440d8862244eaf00,3.5068746005691347,6.27986679871877,533.717567226818,0.03440802093771979,5.463098891075521,1.4871784152504448,0.000586353886858425,18.221343125631428,0.007184178613630424,0.21825640432208604,4,False,False,CANONICAL
B01,71,11,966c6261557cd1fa55eece3837f3af8f9a54317d29b17ea0fee470e863cc62ac,3.373976052727544,6.447587712605794,631.1778724562548,0.03579425133026311,5.683196226344711,1.555161141428321,0.0006131576215851134,17.971035300135014,0.007085489065096204,0.20592550434450407,4,False,False,CANONICAL
B01,71,12,d22c447763e1dc6cf8e839ec5b27964406962242b108456e94856dacbe2576c0,3.252242458418753,6.615222748120626,746.3709645504676,0.037092746224935406,5.889363446249384,1.6073184425756744,0.0006337218228552385,17.827779308118004,0.00702900713470133,0.19637251439754205,4,False,False,CANONICAL
B01,71,13,2d9ac0a6e0351e582ef0544d8cdf6419405e177953f089cb48c94040aa8046a1,3.142861505724349,6.786473711331685,885.7845162118937,0.03831578873128377,6.083550789144344,1.6552213820119577,0.0006526086453389272,17.65506793024271,0.006960911749047956,0.1876623452692354,4,False,False,CANONICAL
B01,71,14,4d35cfbd06686ec2c038eb95d88eaa3b92f191d5dab717a33fdf9f2995322f9d,3.044237063229595,6.94550142288208,1038.467578085316,0.03947530867292619,6.267652400766603,1.7134966559180225,0.0006755849964022299,17.579675921227693,0.006931186736184199,0.18089636063070466,4,False,False,CANONICAL
B01,71,15,a0c620d1fdd8f83377f85da8f6d0632c76149d4115dab659166a1a37eca58b4a,2.9556264889587873,7.1068827390670775,1220.3375003088927,0.040580235813505304,6.4430860953502895,1.7602017769863891,0.000693999551773529,17.53550279312443,0.006913770476579811,0.1751416444609479,4,False,True,CANONICAL
B10,71,1,6d5e8651b3fd09c05e5f9bab95c3a99aa92b450c40ca58a7f04ac62b9c81af97,7.223900697652512,6.673815433184306,791.4094210660569,0.9972433280766504,0.006280898441819623,0.004379513542423107,1.7267227400664297e-06,55.859673210821924,0.022023945593838575,0.022016657729925247,1,True,False,CANONICAL
B10,71,2,0352b7a3b0f3b4678324f1d052acc1e90ad50308ec76c9d573a2c5a94fb56d0d,6.365705955498828,6.28449649810791,536.1942478413586,0.9942251588051052,0.006261889224970454,0.010520168611983403,4.14781554975949e-06,74.11498122044539,0.029221515634846644,0.029302292441710485,2,True,False,CANONICAL
B10,71,3,ad4f21905e70e043f94ffae512d19d99d9e6cc23671b6cbd9cd07dc7122df30d,5.973732095230914,6.0753903468449915,435.01927778114526,0.9913621477252323,0.006243857234859106,0.014096661796452902,5.55792926478621e-06,62.71612954981323,0.024727259320837237,0.0248708847305326,3,True,False,CANONICAL
B10,71,4,fadb353221b18c0de57fcbc7ed7f173892be620dbfc1ee3ee79e63651a9c6f47,5.669750808238165,5.935754426320394,378.3253071044236,0.9886286541342588,0.006226640979655492,0.01691753816457283,6.6701238783125606e-06,53.25812482024599,0.0209982260197634,0.02118118597522175,4,True,False,CANONICAL
B10,71,5,35f8874e03408fc52eeecb20bd3f15eec484dc99910392522c6cea5feb6968e5,5.421475568316609,5.831059217453003,340.7193839236156,0.9859680014382454,0.006209883495396515,0.01864579756920705,7.351529423884743e-06,46.169453840841946,0.018203356393623676,0.01841273395981461,5,True,False,CANONICAL
B10,71,6,0be5a59258c698a7c9e274fcb00f5a236ef8e2faa0524d1ebd3dedb8b93919df,5.218789388548653,5.766655111312867,319.46736074702335,0.9833670632283736,0.006193502108537643,0.020029588446655377,7.897120424446982e-06,41.30157433247164,0.016284084273196393,0.016515834438280523,6,True,False,CANONICAL
B10,71,7,d4d5c80effdb76369edef96bb5f5050e892319d107da39b5bf416620da283551,5.046310189248767,5.729581173261007,307.8403096205992,0.9808100925243062,0.006177397640491785,0.021223109015198367,8.367693031764449e-06,37.811229456152276,0.014907936486408084,0.015160093360729042,7,True,False,CANONICAL
B10,71,8,4162ee3c70262f2f371eba79d4bbe52d735f0431ce645f8948cd1ca36914f26e,4.898125619871948,5.703999201456706,300.0650250862364,0.9782879708333923,0.006161512660615215,0.022352779516621485,8.813091299104956e-06,35.288733245213855,0.013913385030643233,0.014185605487433783,8,True,False,CANONICAL
B10,71,9,76343688fdc87da779e7a5677ceed3385329e0044164bbe4594f327dbaef3899,4.768499106117628,5.706248315175374,300.7406649612953,0.9757955978233294,0.006145815045685538,0.02314431810011851,9.125173373637846e-06,33.23082602090472,0.013102008340803039,0.013392793054218574,8,False,False,CANONICAL
B10,71,10,c8807fd55da40cfc46ee76615b205b834297a6b65bcf05f1440d8862244eaf00,4.65534087846864,5.704435070355733,300.1958426059303,0.9733313122297399,0.006130294332626644,0.02414611927223813,9.520156252025535e-06,31.67503734047592,0.012488603297705942,0.01279838044521189,8,False,False,CANONICAL
B10,71,11,966c6261557cd1fa55eece3837f3af8f9a54317d29b17ea0fee470e863cc62ac,4.555429893742295,5.733157936731974,308.943353081763,0.9708910831935371,0.006114925134037239,0.024845027284705955,9.79571661886827e-06,30.406127415536876,0.011988306723380028,0.012316779058424428,8,False,False,CANONICAL
B10,71,12,d22c447763e1dc6cf8e839ec5b27964406962242b108456e94856dacbe2576c0,4.468385309543249,5.731571102142334,308.4534998436739,0.968469822570853,0.006099675403460864,0.0255432436611649,1.0071004292496831e-05,29.329770080977795,0.011563928383635898,0.011910634038989057,8,False,False,CANONICAL
B10,71,13,2d9ac0a6e0351e582ef0544d8cdf6419405e177953f089cb48c94040aa8046a1,4.39006024895565,5.753086058298747,315.16176865806693,0.9660741289542978,0.006084586700553902,0.026203006228791223,1.0331130678116973e-05,28.44894929480694,0.01121664477172979,0.01158182166374026,8,False,False,CANONICAL
B10,71,14,4d35cfbd06686ec2c038eb95d88eaa3b92f191d5dab717a33fdf9f2995322f9d,4.321683932741142,5.77096954981486,320.8486606524386,0.963695711304759,0.006069606806190711,0.026699297480594398,1.0526804782531419e-05,27.674949343322226,0.010911477701439258,0.011294658840776647,8,False,False,CANONICAL
B10,71,15,a0c620d1fdd8f83377f85da8f6d0632c76149d4115dab659166a1a37eca58b4a,4.260975815624152,5.791092054049174,327.37033533930537,0.9613381652626406,0.00605475836665187,0.02718187666957573,1.0717072594566964e-05,27.06773441898025,0.010672069418347412,0.011074106995763604,8,False,True,CANONICAL
B11,71,1,6d5e8651b3fd09c05e5f9bab95c3a99aa92b450c40ca58a7f04ac62b9c81af97,7.031015555609152,6.412907679875691,609.6638135265824,0.9971723094203057,0.9971723094203057,0.006441149595053308,2.539569605211124e-06,59.86423084187861,0.023602833444845497,0.02359502311688305,1,True,False,CANONICAL
B11,71,2,0352b7a3b0f3b4678324f1d052acc1e90ad50308ec76c9d573a2c5a94fb56d0d,6.016786253063797,6.082464464505514,438.1075659146184,0.9943836929269091,0.9943836929269091,0.017201083937881105,6.781918243115514e-06,60.78683062909967,0.023966589377357954,0.024034551652653342,2,True,False,CANONICAL
B11,71,3,ad4f21905e70e043f94ffae512d19d99d9e6cc23671b6cbd9cd07dc7122df30d,5.608624474671038,5.924280897776286,374.0093876531122,0.9915524243263848,0.9915524243263848,0.025871647371800116,1.0200484918503132e-05,47.767518201286244,0.01883342958429639,0.018939801324437767,3,True,False,CANONICAL
B11,71,4,fadb353221b18c0de57fcbc7ed7f173892be620dbfc1ee3ee79e63651a9c6f47,5.32801767074428,5.830147035916647,340.40872770149764,0.988703919098162,0.988703919098162,0.03399949327138081,1.3405072872533436e-05,41.05842565953733,0.01618821738325401,0.016326133632572723,4,True,False,CANONICAL
B11,71,5,35f8874e03408fc52eeecb20bd3f15eec484dc99910392522c6cea5feb6968e5,5.113610495833958,5.766077637672424,319.28293002427597,0.9858653115396252,0.9858653115396252,0.04001651828887283,1.577742172466271e-05,36.8985791880704,0.014548103377922525,0.01471431749880435,5,True,False,CANONICAL
B11,71,6,0be5a59258c698a7c9e274fcb00f5a236ef8e2faa0524d1ebd3dedb8b93919df,4.941888455870221,5.7372446457544966,310.20849804914195,0.9830426573395235,0.9830426573395235,0.044671555532134546,1.7612775945156547e-05,33.97365567233434,0.013394885811940954,0.013586932875264848,6,True,False,CANONICAL
B11,71,7,d4d5c80effdb76369edef96bb5f5050e892319d107da39b5bf416620da283551,4.798750481515561,5.730450208981832,308.10795012370414,0.9802324782132599,0.9802324782132599,0.049231845940840374,1.9410774072972003e-05,31.779464876175016,0.012529776226807326,0.012745913041777381,7,True,False,CANONICAL
B11,71,8,4162ee3c70262f2f371eba79d4bbe52d735f0431ce645f8948cd1ca36914f26e,4.676899604077609,5.729149905840556,307.7075767480973,0.9774398354054913,0.9774398354054913,0.052509244747028574,2.070296303233771e-05,30.140718129411464,0.01188366308080689,0.012123310893011927,8,True,False,CANONICAL
B11,71,9,76343688fdc87da779e7a5677ceed3385329e0044164bbe4594f327dbaef3899,4.571860651209261,5.741220545768738,311.44431112761674,0.9746607559819341,0.9746607559819341,0.05511662670582565,2.1730982623253934e-05,28.818223496835987,0.01136223951776422,0.011624489923771719,8,False,False,CANONICAL
B11,71,10,c8807fd55da40cfc46ee76615b205b834297a6b65bcf05f1440d8862244eaf00,4.479814399372447,5.763403836886088,318.43037136884163,0.9718940627077275,0.9718940627077275,0.058112379036566617,2.2912126059160608e-05,27.76339116258913,0.010946347898556292,0.011230931204907554,8,False,False,CANONICAL
B11,71,11,966c6261557cd1fa55eece3837f3af8f9a54317d29b17ea0fee470e863cc62ac,4.398239599492905,5.78702929019928,326.0430051157336,0.9691385108479894,0.9691385108479894,0.06062818923987919,2.3904041404477117e-05,26.852272222659014,0.01058711855099453,0.010893284522696316,8,False,False,CANONICAL
B11,71,12,d22c447763e1dc6cf8e839ec5b27964406962242b108456e94856dacbe2576c0,4.32588527296665,5.81510755221049,335.32746177148124,0.9663960889957511,0.9663960889957511,0.06329451352667308,2.4955300347690953e-05,26.101193313372534,0.010290988622479296,0.010618697438279232,8,False,False,CANONICAL
B11,71,13,2d9ac0a6e0351e582ef0544d8cdf6419405e177953f089cb48c94040aa8046a1,4.259916179993958,5.841266409556071,344.21498189905213,0.9636663451543361,0.9636663451543361,0.0646821538446424,2.5502409077658474e-05,25.465184385804914,0.010040227649262016,0.010389350457425289,8,False,False,CANONICAL
B11,71,14,4d35cfbd06686ec2c038eb95d88eaa3b92f191d5dab717a33fdf9f2995322f9d,4.200043659062983,5.872063485781352,354.980722712026,0.9609457043544144,0.9609457043544144,0.06582654064760288,2.595360958131315e-05,24.888010655009293,0.009812663789422376,0.010182636177722724,8,False,False,CANONICAL
B11,71,15,a0c620d1fdd8f83377f85da8f6d0632c76149d4115dab659166a1a37eca58b4a,4.146306125418399,5.893302321434021,362.6007335816139,0.9582384731231663,0.9582384731231663,0.06785078289814778,2.6751713090198572e-05,24.447949072857792,0.009639159510106873,0.010030909620000522,8,False,True,CANONICAL
C_002,71,1,6d5e8651b3fd09c05e5f9bab95c3a99aa92b450c40ca58a7f04ac62b9c81af97,6.937606964471205,6.224555023511251,504.99828009205396,0.02308691743635524,0.02308691743635524,0.18928732923403951,7.463083117081048e-05,31.16243784453779,0.01228649929743078,0.6143249740369994,1,True,False,CANONICAL
C_002,71,2,0352b7a3b0f3b4678324f1d052acc1e90ad50308ec76c9d573a2c5a94fb56d0d,5.773321240884771,5.77944929599762,323.5809440202795,0.026073801383120182,0.026073801383120182,0.41550574317666206,0.00016382258175970488,28.25925261626262,0.011141852545290798,0.48260459959654867,2,True,False,CANONICAL
C_002,71,3,ad4f21905e70e043f94ffae512d19d99d9e6cc23671b6cbd9cd07dc7122df30d,5.233689866793912,5.568108781178792,261.9382479618971,0.028668122391769316,0.028668122391769316,0.49654559118227865,0.00019577438349460775,24.70057382388222,0.00973876255918345,0.3735075839569826,3,True,False,CANONICAL
C_002,71,4,fadb353221b18c0de57fcbc7ed7f173892be620dbfc1ee3ee79e63651a9c6f47,4.840981329693802,5.4813470363616945,240.1700073098197,0.030995739551877257,0.030995739551877257,0.54865569027752,0.00021631997428300478,22.47412173748868,0.008860933227225956,0.30908662611856125,4,True,False,CANONICAL
C_002,71,5,35f8874e03408fc52eeecb20bd3f15eec484dc99910392522c6cea5feb6968e5,4.5344317077976966,5.449876276652018,232.72937006950139,0.03313702255919959,0.03313702255919959,0.6063850499033843,0.00023908108623524685,21.267027813026097,0.008385009015877963,0.2705213405811485,5,True,False,CANONICAL
C_002,71,6,0be5a59258c698a7c9e274fcb00f5a236ef8e2faa0524d1ebd3dedb8b93919df,4.276258092392779,5.489551035563151,242.1484663996304,0.03511991278498988,0.03511991278498988,0.6596651081189144,0.00026008795999454506,20.611735949456587,0.008126645306930523,0.24524367849924347,5,False,False,CANONICAL
C_002,71,7,d4d5c80effdb76369edef96bb5f5050e892319d107da39b5bf416620da283551,4.0493605991579456,5.563160236676534,260.64523678530253,0.03695456829734604,0.03695456829734604,0.7075847834941174,0.0002789813810024827,20.072725571778612,0.007914128216332967,0.22534589606712904,5,False,False,CANONICAL
C_002,71,8,4162ee3c70262f2f371eba79d4bbe52d735f0431ce645f8948cd1ca36914f26e,3.8478254433561556,5.65969394048055,287.06077142808647,0.03864878580977975,0.03864878580977975,0.7559675396007995,0.00029805738211247654,19.578723614119287,0.007719356718159738,0.20888775255193873,5,False,False,CANONICAL
C_002,71,9,76343688fdc87da779e7a5677ceed3385329e0044164bbe4594f327dbaef3899,3.666690079262081,5.783473483721415,324.8857180498745,0.040217418121135155,0.040217418121135155,0.8028577749740882,0.000316544923005278,19.15613442534465,0.0075527413269992705,0.19541988625909468,5,False,False,CANONICAL
C_002,71,10,c8807fd55da40cfc46ee76615b205b834297a6b65bcf05f1440d8862244eaf00,3.5032919667801767,5.925314339001973,374.3961041630813,0.041680648136136,0.041680648136136,0.8439041312734483,0.00033272838176900163,18.77176124317388,0.0074011934649144,0.184029552633686,5,False,False,CANONICAL
C_002,71,11,966c6261557cd1fa55eece3837f3af8f9a54317d29b17ea0fee470e863cc62ac,3.357674074418344,6.06728503704071,431.5075627584579,0.04304524465719589,0.04304524465719589,0.8832973020800344,0.0003482600345829849,18.413982918223894,0.0072601312296661875,0.1741847009181186,5,False,False,CANONICAL
C_002,71,12,d22c447763e1dc6cf8e839ec5b27964406962242b108456e94856dacbe2576c0,3.2262648092534896,6.219464619954427,502.43416677347915,0.04433252490300772,0.04433252490300772,0.9172415716585735,0.0003616433342596378,18.19390224976541,0.007173359424716814,0.16664696604338244,5,False,False,CANONICAL
C_002,71,13,2d9ac0a6e0351e582ef0544d8cdf6419405e177953f089cb48c94040aa8046a1,3.109226193272638,6.366173926989237,581.8274505115547,0.04554926394848011,0.04554926394848011,0.9490439348274079,0.0003741821386586978,18.006251973351453,0.007099374038822913,0.16013917669600763,5,False,False,CANONICAL
C_002,71,14,4d35cfbd06686ec2c038eb95d88eaa3b92f191d5dab717a33fdf9f2995322f9d,3.0040384205904873,6.531150770187378,686.187401321048,0.04670336910378507,0.04670336910378507,0.976976448961644,0.00038519516713220414,17.846621431718592,0.007036436070124664,0.1544796877087507,5,False,False,CANONICAL
C_002,71,15,a0c620d1fdd8f83377f85da8f6d0632c76149d4115dab659166a1a37eca58b4a,2.9087345358846934,6.6599067846934,780.4781812229178,0.04780668967390844,0.04780668967390844,1.004568893096227,0.0003960741152801385,17.743320818577523,0.006995707455851491,0.1497902097877672,5,False,True,CANONICAL
