path,base_commit,sha256,byte_identity
README.md,3b14595b99312ee14261235338fee9a5861e2cd2,dec99f34d8242e7466965e2a0ee75d0b8e73f00dceca77abb0df807e7a18d34c,PASS
configs/README.md,3b14595b99312ee14261235338fee9a5861e2cd2,5b0b6b20b65d4370702cabd45857db0d6eda8becaba12a698c75942bf42d05b3,PASS
configs/ce_u_ablation.json,3b14595b99312ee14261235338fee9a5861e2cd2,0daf6e58dc092ae8a4572ba50960916bc72ee3f07b51881008111c00ce4c0d84,PASS
configs/mlp4_extended.json,3b14595b99312ee14261235338fee9a5861e2cd2,c4b46aa37757f703c0f9547472b6241857e448d8d67492654967e7fc6d2d5a1d,PASS
configs/mnist_cnn_val.json,3b14595b99312ee14261235338fee9a5861e2cd2,6fcb7bb78deba92cdcdc1e5d3bc1fe0bf699dd6d935e6f6f4dc3b6a11757ac98,PASS
configs/mnist_deep_mlp.json,3b14595b99312ee14261235338fee9a5861e2cd2,cd08b3dee9eaa6c02265a96b1eb003fdef18b86064654a1d14665b0d240da9f5,PASS
configs/mnist_deep_mlp_val.json,3b14595b99312ee14261235338fee9a5861e2cd2,67f186e8bd9cbd2370807a7eb38f5e753f9c4686c0913ecd206623e4617e2b01,PASS
configs/mnist_final_screening.json,3b14595b99312ee14261235338fee9a5861e2cd2,a7773d89445eeda12b24b31ffce1fe9b7eade3318365e35a5023ec23d9dca990,PASS
configs/mnist_m_ablation.json,3b14595b99312ee14261235338fee9a5861e2cd2,dbd62d3c336f39a7e17ad331b55a038f45df3b77078f853b1584cadf5b13baf3,PASS
configs/mnist_offset_sobol.json,3b14595b99312ee14261235338fee9a5861e2cd2,5967865a3deb0641b6d415dfe30c5305db97974643e364c2ee15323fd7b8617c,PASS
configs/mnist_screening.json,3b14595b99312ee14261235338fee9a5861e2cd2,f837035da01a0d304c0eaaed441dc0d3a132dfd7497c7d2aa1ff2e4b29d943f5,PASS
configs/r004_deep_mlp.json,3b14595b99312ee14261235338fee9a5861e2cd2,31cec4b7181a79ecea50e7a91a0efb4657a0b178198f2733bec47e0fe2b7008e,PASS
configs/r004_laptop.json,3b14595b99312ee14261235338fee9a5861e2cd2,9bfc9112ed05fb0a852530ab9eab7b5089ad7cfb0b16df5e76e360c213530a1b,PASS
configs/r005_diagnostics.json,3b14595b99312ee14261235338fee9a5861e2cd2,58bea7c7c797cf2eab652f0ecf1ad8771a001dacbce08d0b4b53f4b275459375,PASS
configs/r005_screening_final.json,3b14595b99312ee14261235338fee9a5861e2cd2,e540c0c603e3dd267e0a26befcdfca7ee8c1b2f1549eacdddb8dce1f7c5c2a16,PASS
configs/r005b_confirmation.json,3b14595b99312ee14261235338fee9a5861e2cd2,6e04f276439c87bf65ee268bbe1beb2e3da15c76438e8730865082b2de9d17cc,PASS
configs/r005b_confirmation_test.json,3b14595b99312ee14261235338fee9a5861e2cd2,6d009f9a228c1a80d2864e69de447912b64c772bf5d8f8ce5b48259ec40513cd,PASS
configs/r006a_mixer_screening_test.json,3b14595b99312ee14261235338fee9a5861e2cd2,efb368875dc10db58bd505a1dea5967b47ec11686c2901d29e625f0d1a0100f2,PASS
configs/r006b_mixer_screening.json,3b14595b99312ee14261235338fee9a5861e2cd2,89cf17caa9f80853f64dad2e009ef50adacdae37a48c94b8d712c96568a7833f,PASS
configs/r007_transformer_screening.json,3b14595b99312ee14261235338fee9a5861e2cd2,6d557dd14da4a22edf2b99efa01c23e8725d72baed23cd8d86d6964d1adb1b4d,PASS
configs/r008_long_phase1.json,3b14595b99312ee14261235338fee9a5861e2cd2,e65de0f93ebbd95663d232a5c3e3f66e09a4625fc27bed2e32566eb002508cec,PASS
configs/r008_long_phase2.json,3b14595b99312ee14261235338fee9a5861e2cd2,7d4cba84076481ae6f7810a89f91dab52c1e2a52539e6dc8aef8db61f0ef7642,PASS
configs/r008_selective_transformer.json,3b14595b99312ee14261235338fee9a5861e2cd2,161680d9be5d52e42adc2149c7ef4658de1e16768985d16941443987ab5253bb,PASS
configs/r008b_controls.json,3b14595b99312ee14261235338fee9a5861e2cd2,75bbb679faf56fc02e7e9f33eaa87f69d41ea45487dd58603c63c957b7c05849,PASS
configs/r009_scaleup.json,3b14595b99312ee14261235338fee9a5861e2cd2,83e1ea3475691aac0836c2bd5708d7d0dad1d7d4ac8e4f19535b1caa8edf66e5,PASS
configs/r010_paired_attention_phase1.json,3b14595b99312ee14261235338fee9a5861e2cd2,931bce2831271625b6c0810fe8a5109262cb6d11fad8bd3a270f31a475b3d99e,PASS
configs/r010_paired_attention_smoke.json,3b14595b99312ee14261235338fee9a5861e2cd2,a54b090213c607a4766c9a8847b6d5ad97d83a8d5e7238b18b0b34463f848553,PASS
configs/r011_embedding_smoke.json,3b14595b99312ee14261235338fee9a5861e2cd2,288b3121379562382b9bbf00c85d52c11f33e6839a634905a0aa3a76cf19de7c,PASS
configs/r011_factorial_confirmation.json,3b14595b99312ee14261235338fee9a5861e2cd2,18312170df3f7d0874627582b5fe4be288fe64e29e55dc2d022ba48c83bb50ed,PASS
configs/r011_factorial_smoke.json,3b14595b99312ee14261235338fee9a5861e2cd2,eeaaea067f89aff32830ecbf2a178890d9b37b5059f0dcf725ed0bbbc6e9ff2e,PASS
configs/r011_seed_atomic.json,3b14595b99312ee14261235338fee9a5861e2cd2,95b9ae43ef986a6daed8345443808e5cc6c8cda70e04b00f4d2c06919372c186,PASS
configs/r012_canonical.json,3b14595b99312ee14261235338fee9a5861e2cd2,43240d97619ca16e7fa740a5896077c80fd911fc78257e8eb365953b78af782c,PASS
configs/r012_smoke.json,3b14595b99312ee14261235338fee9a5861e2cd2,80abafd8a41258d1d099dff1df4285103dfb7d009c22d5eb393e9dee7be3b2de,PASS
configs/r013_canonical.json,3b14595b99312ee14261235338fee9a5861e2cd2,347e76f1255e9b37dba221b78b8b7c79320df95ea3d31ed98daceb934e7cd14c,PASS
configs/r013_smoke.json,3b14595b99312ee14261235338fee9a5861e2cd2,f9808fa02d63b3474cd95c8c852ec15b6b487e429623c913dbead68572011243,PASS
configs/r014_canonical.json,3b14595b99312ee14261235338fee9a5861e2cd2,511b0e45e833e9affd6281c70edd8d33c0c9f063e94f5ba066986a3c6a220027,PASS
configs/r014_smoke.json,3b14595b99312ee14261235338fee9a5861e2cd2,5efb3e92727433a304bb58474fffd32254837f328e2f65ea8303281ddf382e8e,PASS
configs/sobol_u_ablation.json,3b14595b99312ee14261235338fee9a5861e2cd2,da3f456939f2a7a86feb40e4607da2a81b237c407d8bc4f18043f062995caa6d,PASS
pyproject.toml,3b14595b99312ee14261235338fee9a5861e2cd2,2c7efe8436df6fde10c6d580d91f9364fdfd7a9d2eb594c62b0b5154fb7ae225,PASS
scripts/README.md,3b14595b99312ee14261235338fee9a5861e2cd2,1e441a27cc1758eacb9cc552b17d4f49d109a6919d48dd6c395596f3ce192992,PASS
scripts/collect_init_diagnostics.py,3b14595b99312ee14261235338fee9a5861e2cd2,1af06b90af2e90c42185ed79d40b9fdbde66a712ca87fb43cb9ca76ce25729ca,PASS
scripts/make_r011_report.py,3b14595b99312ee14261235338fee9a5861e2cd2,53b69351b6a4b5dc96e6bb80e333aec5aa974eb10397af954e4e7d59a64e1a04,PASS
scripts/plot_mnist_results.py,3b14595b99312ee14261235338fee9a5861e2cd2,56ab34e08a89ad5753d6ce33ffe112d13039e19e2f80f4b11576ec0f62245d67,PASS
scripts/run_mixer_screening.py,3b14595b99312ee14261235338fee9a5861e2cd2,e6556b1bd8bdadd9eac097814608f95f907a168b01ed3216bcb18ab8437db33f,PASS
scripts/run_mnist_screening.py,3b14595b99312ee14261235338fee9a5861e2cd2,de25c2e5383634585c4d2f4b225b9f43117a57f976010377a1f069df7caadfae,PASS
scripts/run_r011_embedding_smoke.py,3b14595b99312ee14261235338fee9a5861e2cd2,36828f10f6a2ef6c6e8c0f5bc786970c7e589bc4735d958d2459f38d28e793e1,PASS
scripts/run_r011_factorial_confirmation.py,3b14595b99312ee14261235338fee9a5861e2cd2,29c872d24dcfaf3968139adb1bd6648aed1ba517974e8ae421bd68a6e021eee1,PASS
scripts/run_r011_factorial_smoke.py,3b14595b99312ee14261235338fee9a5861e2cd2,4b5ee0fd5780ea0da51c9bbe778bc76e8187129732ae6428572c87be0803749e,PASS
scripts/run_r011_seed_atomic.py,3b14595b99312ee14261235338fee9a5861e2cd2,2119bb1191479110c0b322625b2589df2ea1090bff2351ca2589646d2dcc8c7f,PASS
scripts/run_r012_seed_atomic.py,3b14595b99312ee14261235338fee9a5861e2cd2,194dfffcf9e2fe408cccf4986744d3c87cedafc23750be391ab0114e0dd54540,PASS
scripts/run_r013_seed_atomic.py,3b14595b99312ee14261235338fee9a5861e2cd2,fc0e7446cc00bfcb60ca08b00154eb3a5b463d7385f2cdc1d45c97180ad067e1,PASS
scripts/run_r014_seed_atomic.py,3b14595b99312ee14261235338fee9a5861e2cd2,eb69c56070719d071d99d82547ebeb1dcd2a8db0b251af727c19a64d3f1ef016,PASS
scripts/run_transformer_paired_confirmation.py,3b14595b99312ee14261235338fee9a5861e2cd2,29576d1127a75ecf40937a5b04dbbb17206c7bfcc77a46ff1a6240b3db0d6131,PASS
scripts/run_transformer_screening.py,3b14595b99312ee14261235338fee9a5861e2cd2,f23ddaf3aba091635be75e9ea387926e093c253774952e394c23c8f044bcb41c,PASS
scripts/summarize_results.py,3b14595b99312ee14261235338fee9a5861e2cd2,82439fde518e8c1776121d82632d4adaf2e52233dafce30d8a82225a258488e7,PASS
src/copeland_erdos_nets/__init__.py,3b14595b99312ee14261235338fee9a5861e2cd2,419b0e1822cf61781738c6aee40a0e48080f503095ee60ba4d7a59fc38eeb27e,PASS
src/copeland_erdos_nets/assignment.py,3b14595b99312ee14261235338fee9a5861e2cd2,0eb2c5a7c24db638b7b4342d28215ce74536df540a656b742c47e8224b20e5e0,PASS
src/copeland_erdos_nets/ce_init.py,3b14595b99312ee14261235338fee9a5861e2cd2,9f9222e5f1b4bb8554789eb79ca222ddffa81cdbd70fdad0d97bf7d4f0b3375f,PASS
src/copeland_erdos_nets/ce_stream.py,3b14595b99312ee14261235338fee9a5861e2cd2,3c3aafb3913fb7e7a893b245b0d46a8048c391bfe086a5d8597fcb02f6acd93b,PASS
src/copeland_erdos_nets/prime_codebook.py,3b14595b99312ee14261235338fee9a5861e2cd2,d1d519d4dc7e160d8298004abcc3ed773e629d6fbad36c20d31f64c90a382355,PASS
src/copeland_erdos_nets/r010_protocol.py,3b14595b99312ee14261235338fee9a5861e2cd2,f8b1f306ef8cd9c306c644da80be4af522ae61a8c8295130bc655a310f11a0bf,PASS
src/copeland_erdos_nets/r012_protocol.py,3b14595b99312ee14261235338fee9a5861e2cd2,dbd7547cdef59b6837a5c2b390779c9a1e08bdc3cab02a906dce7dfb5c54252d,PASS
src/copeland_erdos_nets/r013_protocol.py,3b14595b99312ee14261235338fee9a5861e2cd2,fe9f65369af1c7b1202cbc82a173001d7d17b87e5101c3dd06a6e668832ace71,PASS
src/copeland_erdos_nets/sobol_init.py,3b14595b99312ee14261235338fee9a5861e2cd2,19301aec1fe897749699fb32b33faf1612ef4559ee0ad1ccc9569f26d80bb6ad,PASS
src/copeland_erdos_nets/utils.py,3b14595b99312ee14261235338fee9a5861e2cd2,47037461a75df55421825e595e4eb47cd1b2b35ea1738e137ab1febd914c018b,PASS
tests/__init__.py,3b14595b99312ee14261235338fee9a5861e2cd2,e3b0c44298fc1c149afbf4c8996fb92427ae41e4649b934ca495991b7852b855,PASS
tests/test_assignment.py,3b14595b99312ee14261235338fee9a5861e2cd2,b8f28d0e5d6b52679cb65b560ef37cbbf88cb54c588715bfbd5aca055444507c,PASS
tests/test_ce_init.py,3b14595b99312ee14261235338fee9a5861e2cd2,6b3e3529796d2f1d4351a3fb3c6a2ef15fbf27345f8bd42c8bd0182f404be838,PASS
tests/test_ce_init_v2.py,3b14595b99312ee14261235338fee9a5861e2cd2,a7f8d58579d818632fa22a74316d5a5549320c6e1efff391d62c5466eb750856,PASS
tests/test_ce_stream.py,3b14595b99312ee14261235338fee9a5861e2cd2,9943699670756fdfdf29b38fb5086ec1dba50983790ed2b93fe1b2ef5d2ef39d,PASS
tests/test_mnist_screening.py,3b14595b99312ee14261235338fee9a5861e2cd2,d1f834669f5c650d07c44184f03ab8fcb72feb84df25f3a3286e9b6e1478ba2b,PASS
tests/test_prime_codebook.py,3b14595b99312ee14261235338fee9a5861e2cd2,4772dd520d01f0840b30decfe2520a06dcb79261affd72e0cfe3c4b1a11e5cae,PASS
tests/test_r010_protocol.py,3b14595b99312ee14261235338fee9a5861e2cd2,2b4906874e6349e5be454a7558a0d15ec422ff72e939c1ad59affba1ca18ba63,PASS
tests/test_r011_protocol.py,3b14595b99312ee14261235338fee9a5861e2cd2,577f906b1a53692c95304fa704f0b2dc77a996bcbc6d56374319e2d6f81227e6,PASS
tests/test_r012_protocol.py,3b14595b99312ee14261235338fee9a5861e2cd2,d2f4ba2da8a4056fc7355cf15be918bfb3e9e5e1b8696132f94d9667f16b7e9e,PASS
tests/test_r013_protocol.py,3b14595b99312ee14261235338fee9a5861e2cd2,e857f5010d0876d8cffe32261f26e095a4de2fd9d42084f0fc16cd3a1cdaa458,PASS
tests/test_r014_protocol.py,3b14595b99312ee14261235338fee9a5861e2cd2,9ccb65ab1c68c583ada117cd1b72d607c61089cc3abc0d128587d681bf2423d1,PASS
tests/test_sobol_init.py,3b14595b99312ee14261235338fee9a5861e2cd2,60e46066bdbeb75ec6768bd8d97c689d5077bc976156376bc19f1c66b4492428,PASS
tests/test_sobol_init_v2.py,3b14595b99312ee14261235338fee9a5861e2cd2,d721c05f1b1410f1bde6af8833353db7b84c8ec8c58945ad339fb581e16c7020,PASS
tests/test_uniform_modes.py,3b14595b99312ee14261235338fee9a5861e2cd2,9a554477da0ffb87140ec0e803c3bea7a090b5fc57197dcdd43cd599749f5581,PASS
uv.lock,3b14595b99312ee14261235338fee9a5861e2cd2,f478be08f69b61d794f1b5b840bef719b1ddd7e480c6f0a5b3bf39198e132a4e,PASS
