series,source_package,source_relative_path,release_path,size_bytes,source_sha256,release_sha256,byte_identity
R010,R010_paired_attention_init_confirmation,checkpoints_manifest.csv,publication_evidence/r010-r014-v1/R010/checkpoints_manifest.csv,3861,45dbda08448ddab47b1805c834dee094506f0ac6e3ee66d9f848810ab92dca2b,45dbda08448ddab47b1805c834dee094506f0ac6e3ee66d9f848810ab92dca2b,PASS
R010,R010_paired_attention_init_confirmation,commit.txt,publication_evidence/r010-r014-v1/R010/commit.txt,41,bc82291b0f5c089494ed0c1a2c69943f895fb3704f24b96673b715943d7c6972,bc82291b0f5c089494ed0c1a2c69943f895fb3704f24b96673b715943d7c6972,PASS
R010,R010_paired_attention_init_confirmation,configs/resolved_config.json,publication_evidence/r010-r014-v1/R010/configs/resolved_config.json,908,7957904bab77efd65d0c6ec6a2cb4262a1d534d2d01311702bebd34fc3a9d248,7957904bab77efd65d0c6ec6a2cb4262a1d534d2d01311702bebd34fc3a9d248,PASS
R010,R010_paired_attention_init_confirmation,diagnostics/best_epoch_spectral.csv,publication_evidence/r010-r014-v1/R010/diagnostics/best_epoch_spectral.csv,33875,f7df9e3c65c8e23d9a0d587e7c913097be334e32de19578f842f58a7f047ff90,f7df9e3c65c8e23d9a0d587e7c913097be334e32de19578f842f58a7f047ff90,PASS
R010,R010_paired_attention_init_confirmation,diagnostics/final_epoch_spectral.csv,publication_evidence/r010-r014-v1/R010/diagnostics/final_epoch_spectral.csv,33223,9d9bef84a534756c31b81f2ec14d29661851231b8e350da543ca6265655d5d9f,9d9bef84a534756c31b81f2ec14d29661851231b8e350da543ca6265655d5d9f,PASS
R010,R010_paired_attention_init_confirmation,diagnostics/t0_spectral.csv,publication_evidence/r010-r014-v1/R010/diagnostics/t0_spectral.csv,30362,f4948ba8c4b7a256d72a1768ffb2a70aa22faa8d0c89f0630428651ef7b180a9,f4948ba8c4b7a256d72a1768ffb2a70aa22faa8d0c89f0630428651ef7b180a9,PASS
R010,R010_paired_attention_init_confirmation,environment.txt,publication_evidence/r010-r014-v1/R010/environment.txt,367,7a638fa6818b0749dff4095cffc4d4922dbd0d23be50b067236ff37f15f28ec1,7a638fa6818b0749dff4095cffc4d4922dbd0d23be50b067236ff37f15f28ec1,PASS
R010,R010_paired_attention_init_confirmation,logs/heartbeat.json,publication_evidence/r010-r014-v1/R010/logs/heartbeat.json,270,5bfcfda33d8790f56680abbfe1ee6bc65040dcf638ac544d20e6d635acc266a0,5bfcfda33d8790f56680abbfe1ee6bc65040dcf638ac544d20e6d635acc266a0,PASS
R010,R010_paired_attention_init_confirmation,manifests/base_state_hashes.csv,publication_evidence/r010-r014-v1/R010/manifests/base_state_hashes.csv,17708,87207bf7c5ed3506dfb027ab427b25dc82a379f09ae6a2779baf0ccd4b88cb32,87207bf7c5ed3506dfb027ab427b25dc82a379f09ae6a2779baf0ccd4b88cb32,PASS
R010,R010_paired_attention_init_confirmation,manifests/batch_order_hashes.csv,publication_evidence/r010-r014-v1/R010/manifests/batch_order_hashes.csv,5844,08e7fc7d577941aef20d70797b02e1293fe3901430e1116677f21d5e90d55451,08e7fc7d577941aef20d70797b02e1293fe3901430e1116677f21d5e90d55451,PASS
R010,R010_paired_attention_init_confirmation,manifests/changed_parameter_hashes.csv,publication_evidence/r010-r014-v1/R010/manifests/changed_parameter_hashes.csv,28543,73937bf6914d4574a35653628ec8fbb69c17beb2ca2e3311ea53e41898448b2c,73937bf6914d4574a35653628ec8fbb69c17beb2ca2e3311ea53e41898448b2c,PASS
R010,R010_paired_attention_init_confirmation,manifests/dataset_manifest.json,publication_evidence/r010-r014-v1/R010/manifests/dataset_manifest.json,273,dc591f58c5a7eea12c1ab6217cc83296b2713b53148238374a5959e765b022c2,dc591f58c5a7eea12c1ab6217cc83296b2713b53148238374a5959e765b022c2,PASS
R010,R010_paired_attention_init_confirmation,manifests/parameter_allowlist.json,publication_evidence/r010-r014-v1/R010/manifests/parameter_allowlist.json,308,f66086beb1658a32e18b63d3c291fdb3c2f56b7e012bb84ff81822aebb5b4439,f66086beb1658a32e18b63d3c291fdb3c2f56b7e012bb84ff81822aebb5b4439,PASS
R010,R010_paired_attention_init_confirmation,manifests/run_manifest.csv,publication_evidence/r010-r014-v1/R010/manifests/run_manifest.csv,1498,30ce1c03ccbb1a68e233982a7e328852ed25ec4cfe2cf79c9860cda4de4fcf80,30ce1c03ccbb1a68e233982a7e328852ed25ec4cfe2cf79c9860cda4de4fcf80,PASS
R010,R010_paired_attention_init_confirmation,manifests/unchanged_parameter_hashes.csv,publication_evidence/r010-r014-v1/R010/manifests/unchanged_parameter_hashes.csv,61695,8d5aa8cbcb412a61093ba1cff4884001c753534fb7eb71fb4024bb3d32a83f1b,8d5aa8cbcb412a61093ba1cff4884001c753534fb7eb71fb4024bb3d32a83f1b,PASS
R010,R010_paired_attention_init_confirmation,metrics/paired_differences.csv,publication_evidence/r010-r014-v1/R010/metrics/paired_differences.csv,2355,ac40565617c370f86d92211c730373fadccb204f7322ab41cfc0685a6c19d8e9,ac40565617c370f86d92211c730373fadccb204f7322ab41cfc0685a6c19d8e9,PASS
R010,R010_paired_attention_init_confirmation,metrics/per_seed.csv,publication_evidence/r010-r014-v1/R010/metrics/per_seed.csv,3129,70995563095dcc233ad5a510738d5435562c519a1bedfeca1ef3207eaa0f5521,70995563095dcc233ad5a510738d5435562c519a1bedfeca1ef3207eaa0f5521,PASS
R010,R010_paired_attention_init_confirmation,metrics/summary.csv,publication_evidence/r010-r014-v1/R010/metrics/summary.csv,325,832c074fdad6862fc810e4aca2ac7cd88e41954b99a324336a1092e9d076e1d5,832c074fdad6862fc810e4aca2ac7cd88e41954b99a324336a1092e9d076e1d5,PASS
R010,R010_paired_attention_init_confirmation,metrics/test_metrics.csv,publication_evidence/r010-r014-v1/R010/metrics/test_metrics.csv,3129,70995563095dcc233ad5a510738d5435562c519a1bedfeca1ef3207eaa0f5521,70995563095dcc233ad5a510738d5435562c519a1bedfeca1ef3207eaa0f5521,PASS
R010,R010_paired_attention_init_confirmation,metrics/validation_metrics.csv,publication_evidence/r010-r014-v1/R010/metrics/validation_metrics.csv,3129,70995563095dcc233ad5a510738d5435562c519a1bedfeca1ef3207eaa0f5521,70995563095dcc233ad5a510738d5435562c519a1bedfeca1ef3207eaa0f5521,PASS
R011,R011_embedding_init_factorial_ablation/attempt_seed_atomic_v2,STATUS.txt,publication_evidence/r010-r014-v1/R011/STATUS.txt,80,ac834a141c76e2e064fe1b7cd26877b05bddb3a5f8343fc46170152be6defb03,ac834a141c76e2e064fe1b7cd26877b05bddb3a5f8343fc46170152be6defb03,PASS
R011,R011_embedding_init_factorial_ablation/attempt_seed_atomic_v2,commit.txt,publication_evidence/r010-r014-v1/R011/commit.txt,474,29b3a6742fc081cdd6fc50e64d503d2537a8e0e82799a88e231396b4bfa7d3bc,29b3a6742fc081cdd6fc50e64d503d2537a8e0e82799a88e231396b4bfa7d3bc,PASS
R011,R011_embedding_init_factorial_ablation/attempt_seed_atomic_v2,dataset_manifest.json,publication_evidence/r010-r014-v1/R011/dataset_manifest.json,194,18213827d4609eea6681ba90d983a450a2a4ef17a68b0db2c7e808991aa3b670,18213827d4609eea6681ba90d983a450a2a4ef17a68b0db2c7e808991aa3b670,PASS
R011,R011_embedding_init_factorial_ablation/attempt_seed_atomic_v2,diagnostics/best_epoch_spectral.csv,publication_evidence/r010-r014-v1/R011/diagnostics/best_epoch_spectral.csv,33005,d50ab852433f33c9fd241657aa8b32e23cb0b4e193d626c7091606f57e6eca43,d50ab852433f33c9fd241657aa8b32e23cb0b4e193d626c7091606f57e6eca43,PASS
R011,R011_embedding_init_factorial_ablation/attempt_seed_atomic_v2,diagnostics/final_epoch_spectral.csv,publication_evidence/r010-r014-v1/R011/diagnostics/final_epoch_spectral.csv,32327,c1a4d2cd30f0d81b9447b24f438e1bfb7a9923280bdc7f4eef4882c66b9c68d2,c1a4d2cd30f0d81b9447b24f438e1bfb7a9923280bdc7f4eef4882c66b9c68d2,PASS
R011,R011_embedding_init_factorial_ablation/attempt_seed_atomic_v2,diagnostics/t0_spectral.csv,publication_evidence/r010-r014-v1/R011/diagnostics/t0_spectral.csv,28441,e8e1643b1f1c045af31d4c3b60961b84694d7d1f83a7a1924c8744a538b7dffc,e8e1643b1f1c045af31d4c3b60961b84694d7d1f83a7a1924c8744a538b7dffc,PASS
R011,R011_embedding_init_factorial_ablation/attempt_seed_atomic_v2,environment.txt,publication_evidence/r010-r014-v1/R011/environment.txt,283,249b15b9cba1dcebb95787d4d9691f04d6435ad837c56a9a96f08e75ac6ec5c6,249b15b9cba1dcebb95787d4d9691f04d6435ad837c56a9a96f08e75ac6ec5c6,PASS
R011,R011_embedding_init_factorial_ablation/attempt_seed_atomic_v2,manifests/attention_factor_parity.csv,publication_evidence/r010-r014-v1/R011/manifests/attention_factor_parity.csv,18272,2fa83f52f7ececca84a844f86086f1a38b4620c32dcd408a4387be06d96be561,2fa83f52f7ececca84a844f86086f1a38b4620c32dcd408a4387be06d96be561,PASS
R011,R011_embedding_init_factorial_ablation/attempt_seed_atomic_v2,manifests/base_state_hashes.csv,publication_evidence/r010-r014-v1/R011/manifests/base_state_hashes.csv,17708,87207bf7c5ed3506dfb027ab427b25dc82a379f09ae6a2779baf0ccd4b88cb32,87207bf7c5ed3506dfb027ab427b25dc82a379f09ae6a2779baf0ccd4b88cb32,PASS
R011,R011_embedding_init_factorial_ablation/attempt_seed_atomic_v2,manifests/batch_order_hashes.csv,publication_evidence/r010-r014-v1/R011/manifests/batch_order_hashes.csv,5844,08e7fc7d577941aef20d70797b02e1293fe3901430e1116677f21d5e90d55451,08e7fc7d577941aef20d70797b02e1293fe3901430e1116677f21d5e90d55451,PASS
R011,R011_embedding_init_factorial_ablation/attempt_seed_atomic_v2,manifests/checkpoints_manifest.csv,publication_evidence/r010-r014-v1/R011/manifests/checkpoints_manifest.csv,2094,1bc8593ab5ec5a71fb9d4004ea7b64254847b4f0ee9dc8dfd9d90aadb378dda5,1bc8593ab5ec5a71fb9d4004ea7b64254847b4f0ee9dc8dfd9d90aadb378dda5,PASS
R011,R011_embedding_init_factorial_ablation/attempt_seed_atomic_v2,manifests/embedding_hashes.csv,publication_evidence/r010-r014-v1/R011/manifests/embedding_hashes.csv,3248,ed33d414f78b63ff379f83711f5e226a1161af69465ef5c1c0ae249289e96960,ed33d414f78b63ff379f83711f5e226a1161af69465ef5c1c0ae249289e96960,PASS
R011,R011_embedding_init_factorial_ablation/attempt_seed_atomic_v2,manifests/embedding_t0_stats.csv,publication_evidence/r010-r014-v1/R011/manifests/embedding_t0_stats.csv,122,53e42872cdddedca7a57fafb6c85d98ee4de70be489795266a9ce1edb3bf26af,53e42872cdddedca7a57fafb6c85d98ee4de70be489795266a9ce1edb3bf26af,PASS
R011,R011_embedding_init_factorial_ablation/attempt_seed_atomic_v2,manifests/environment_per_run.csv,publication_evidence/r010-r014-v1/R011/manifests/environment_per_run.csv,967,150b360ee51fc14ec25bc05878051a2a0e9ac1e98554b09fc002e7902fc0a8b1,150b360ee51fc14ec25bc05878051a2a0e9ac1e98554b09fc002e7902fc0a8b1,PASS
R011,R011_embedding_init_factorial_ablation/attempt_seed_atomic_v2,manifests/factorial_contrasts.csv,publication_evidence/r010-r014-v1/R011/manifests/factorial_contrasts.csv,519,931740713b5548cd4149584342fcbdf9414c711b48da67cb9af4259be74db2ce,931740713b5548cd4149584342fcbdf9414c711b48da67cb9af4259be74db2ce,PASS
R011,R011_embedding_init_factorial_ablation/attempt_seed_atomic_v2,manifests/factorial_summary.csv,publication_evidence/r010-r014-v1/R011/manifests/factorial_summary.csv,227,62c236f581d947928a14f178c9adbaae9997a8d780be858c96d9e02c9cf86466,62c236f581d947928a14f178c9adbaae9997a8d780be858c96d9e02c9cf86466,PASS
R011,R011_embedding_init_factorial_ablation/attempt_seed_atomic_v2,manifests/parity_failures.csv,publication_evidence/r010-r014-v1/R011/manifests/parity_failures.csv,147,d9d3679b228e87ebb2ccadc7365545a221ffa97de5ed7afff22cdfc1fd9026da,d9d3679b228e87ebb2ccadc7365545a221ffa97de5ed7afff22cdfc1fd9026da,PASS
R011,R011_embedding_init_factorial_ablation/attempt_seed_atomic_v2,manifests/parity_summary.csv,publication_evidence/r010-r014-v1/R011/manifests/parity_summary.csv,1197,a69bae66c08c47514b36463ebfa085b13a618a9c93141394f35440626eafc9e8,a69bae66c08c47514b36463ebfa085b13a618a9c93141394f35440626eafc9e8,PASS
R011,R011_embedding_init_factorial_ablation/attempt_seed_atomic_v2,manifests/run_manifest.csv,publication_evidence/r010-r014-v1/R011/manifests/run_manifest.csv,1138,c4b6f8eb49a586e43ea5422017ec185e7b23909748704ee079730cbc16309734,c4b6f8eb49a586e43ea5422017ec185e7b23909748704ee079730cbc16309734,PASS
R011,R011_embedding_init_factorial_ablation/attempt_seed_atomic_v2,manifests/seed_block_manifest.csv,publication_evidence/r010-r014-v1/R011/manifests/seed_block_manifest.csv,216,d6bfc30cdd2aa6190648a158f73fa5f172d4c8f7480a80982320b49366d3369c,d6bfc30cdd2aa6190648a158f73fa5f172d4c8f7480a80982320b49366d3369c,PASS
R011,R011_embedding_init_factorial_ablation/attempt_seed_atomic_v2,manifests/test_metrics.csv,publication_evidence/r010-r014-v1/R011/manifests/test_metrics.csv,625,0a6dc1daed438acac1ec9ea8b85a41ee85534a4cc8a957e8e112fc1ed5414316,0a6dc1daed438acac1ec9ea8b85a41ee85534a4cc8a957e8e112fc1ed5414316,PASS
R011,R011_embedding_init_factorial_ablation/attempt_seed_atomic_v2,manifests/unchanged_parameter_hashes.csv,publication_evidence/r010-r014-v1/R011/manifests/unchanged_parameter_hashes.csv,56463,8b67d03659d25c90a47f6d747be646706df5ac817a5ed8521f5fc937c171cbfb,8b67d03659d25c90a47f6d747be646706df5ac817a5ed8521f5fc937c171cbfb,PASS
R011,R011_embedding_init_factorial_ablation/attempt_seed_atomic_v2,manifests/validation_metrics.csv,publication_evidence/r010-r014-v1/R011/manifests/validation_metrics.csv,1001,bec523c50abacae1aba0e626ac2a26784e9fb290cfb374f4c3a066639c47ec1a,bec523c50abacae1aba0e626ac2a26784e9fb290cfb374f4c3a066639c47ec1a,PASS
R011,R011_embedding_init_factorial_ablation/attempt_seed_atomic_v2,manifests/vm_instance_manifest.csv,publication_evidence/r010-r014-v1/R011/manifests/vm_instance_manifest.csv,414,ed0621356564899a19cd8b968d1741d54533013bb57fe9ef0387fdf94360ed3d,ed0621356564899a19cd8b968d1741d54533013bb57fe9ef0387fdf94360ed3d,PASS
R011,R011_embedding_init_factorial_ablation/attempt_seed_atomic_v2,per_seed.csv,publication_evidence/r010-r014-v1/R011/per_seed.csv,1935,d83804f2cc396bb6c1c08bb5e0a8a824b87d8cb00b9e58206b0763f29ec9f19a,d83804f2cc396bb6c1c08bb5e0a8a824b87d8cb00b9e58206b0763f29ec9f19a,PASS
R011,R011_embedding_init_factorial_ablation/attempt_seed_atomic_v2,plots/fig01_factorial_test_ppl.png,publication_evidence/r010-r014-v1/R011/plots/fig01_factorial_test_ppl.png,21037,79ffa9333ede65f15a9acad6bbf8530572e3d6e03f244abbd1932ed57187a9ee,79ffa9333ede65f15a9acad6bbf8530572e3d6e03f244abbd1932ed57187a9ee,PASS
R011,R011_embedding_init_factorial_ablation/attempt_seed_atomic_v2,plots/fig02_embedding_effect_by_seed.png,publication_evidence/r010-r014-v1/R011/plots/fig02_embedding_effect_by_seed.png,28847,fd6044614211cc8b57e49d2fa7eed30697ef07c9bd6d1bb7a3f1675140488c69,fd6044614211cc8b57e49d2fa7eed30697ef07c9bd6d1bb7a3f1675140488c69,PASS
R011,R011_embedding_init_factorial_ablation/attempt_seed_atomic_v2,plots/fig03_attention_effect_by_seed.png,publication_evidence/r010-r014-v1/R011/plots/fig03_attention_effect_by_seed.png,42806,c7e12bf026deae1648145274d4824957704bcd429b102785a87a53c9f52ae901,c7e12bf026deae1648145274d4824957704bcd429b102785a87a53c9f52ae901,PASS
R011,R011_embedding_init_factorial_ablation/attempt_seed_atomic_v2,plots/fig04_factorial_interaction.png,publication_evidence/r010-r014-v1/R011/plots/fig04_factorial_interaction.png,16909,d2dc41ab02b6ec461a4ccaba3ac363b9f064be73581c064678d694d7882afe58,d2dc41ab02b6ec461a4ccaba3ac363b9f064be73581c064678d694d7882afe58,PASS
R011,R011_embedding_init_factorial_ablation/attempt_seed_atomic_v2,plots/fig05_validation_learning_curves.png,publication_evidence/r010-r014-v1/R011/plots/fig05_validation_learning_curves.png,37825,bbed01a4e9aa79919b5416d70203df60e1e3a19fe0025f5e8734ef0642c8c029,bbed01a4e9aa79919b5416d70203df60e1e3a19fe0025f5e8734ef0642c8c029,PASS
R011,R011_embedding_init_factorial_ablation/attempt_seed_atomic_v2,plots/fig06_best_epoch_distribution.png,publication_evidence/r010-r014-v1/R011/plots/fig06_best_epoch_distribution.png,21577,bb50cf421a1b4aac9b2ca18497667753cd651f972f3b28ec3a32ed375519136d,bb50cf421a1b4aac9b2ca18497667753cd651f972f3b28ec3a32ed375519136d,PASS
R011,R011_embedding_init_factorial_ablation/attempt_seed_atomic_v2,plots/fig07_final_vs_best_validation.png,publication_evidence/r010-r014-v1/R011/plots/fig07_final_vs_best_validation.png,34058,a926b7b486cd0337ddda4b47b92f9050b83aa343fb9dc2ae67c72075dbf96cfb,a926b7b486cd0337ddda4b47b92f9050b83aa343fb9dc2ae67c72075dbf96cfb,PASS
R011,R011_embedding_init_factorial_ablation/attempt_seed_atomic_v2,plots/fig08_embedding_t0_scale_stats.png,publication_evidence/r010-r014-v1/R011/plots/fig08_embedding_t0_scale_stats.png,16191,b6c0f85403b311efaa091849df587d505391ad04d574d21c4acc1fb24dfb8fb7,b6c0f85403b311efaa091849df587d505391ad04d574d21c4acc1fb24dfb8fb7,PASS
R011,R011_embedding_init_factorial_ablation/attempt_seed_atomic_v2,resolved_config.json,publication_evidence/r010-r014-v1/R011/resolved_config.json,583,5a207a4ece228b85b333bb2046bfffea7e63b9bf7ac4293778e344f9157f2309,5a207a4ece228b85b333bb2046bfffea7e63b9bf7ac4293778e344f9157f2309,PASS
R011,R011_embedding_init_factorial_ablation/attempt_seed_atomic_v2,source_bundle_sha256.txt,publication_evidence/r010-r014-v1/R011/source_bundle_sha256.txt,894,6c9b49d88d1f033ddd1e7d6b8afb8cf5fd3119163a81c1c9555f46899203e5ea,6c9b49d88d1f033ddd1e7d6b8afb8cf5fd3119163a81c1c9555f46899203e5ea,PASS
R012,R012_embedding_scale_redraw_factorial,RUNTIME_FREEZE.json,publication_evidence/r010-r014-v1/R012/RUNTIME_FREEZE.json,188,2472e11f6a20584d07ed5d714677c915fd8128793222170f31113996b9262db2,2472e11f6a20584d07ed5d714677c915fd8128793222170f31113996b9262db2,PASS
R012,R012_embedding_scale_redraw_factorial,commit.txt,publication_evidence/r010-r014-v1/R012/commit.txt,41,10577df89cce34da6d6680443a1fa93376f4934d40aa9a9f6059c87a1bed02dc,10577df89cce34da6d6680443a1fa93376f4934d40aa9a9f6059c87a1bed02dc,PASS
R012,R012_embedding_scale_redraw_factorial,manifests/attention_parity.csv,publication_evidence/r010-r014-v1/R012/manifests/attention_parity.csv,16423,a83101bc0bb6bb110fd4f1af4b592cecc05aaf18c2ff22cce3f9756b621567d3,a83101bc0bb6bb110fd4f1af4b592cecc05aaf18c2ff22cce3f9756b621567d3,PASS
R012,R012_embedding_scale_redraw_factorial,manifests/base_state_hashes.csv,publication_evidence/r010-r014-v1/R012/manifests/base_state_hashes.csv,1280,15795de6501c5680f14fa4381e13cb7eb49322ca9775bd6593f8c0659fba878e,15795de6501c5680f14fa4381e13cb7eb49322ca9775bd6593f8c0659fba878e,PASS
R012,R012_embedding_scale_redraw_factorial,manifests/batch_order_hashes.csv,publication_evidence/r010-r014-v1/R012/manifests/batch_order_hashes.csv,5844,593f87aad81a2ed38ae220bd4b394a53e9272a1b62b0ae220d96ffe1bb55baed,593f87aad81a2ed38ae220bd4b394a53e9272a1b62b0ae220d96ffe1bb55baed,PASS
R012,R012_embedding_scale_redraw_factorial,manifests/checkpoint_manifest.csv,publication_evidence/r010-r014-v1/R012/manifests/checkpoint_manifest.csv,5525,bceea2ad16e118b354ee90ca1f303931d2abf1a423691f4da7e8cfd4b79270de,bceea2ad16e118b354ee90ca1f303931d2abf1a423691f4da7e8cfd4b79270de,PASS
R012,R012_embedding_scale_redraw_factorial,manifests/direction_hashes.csv,publication_evidence/r010-r014-v1/R012/manifests/direction_hashes.csv,1508,06fea54929406cbe019e9b4d9d06ca0f887dc8fba90aa9667033e1992c09c20a,06fea54929406cbe019e9b4d9d06ca0f887dc8fba90aa9667033e1992c09c20a,PASS
R012,R012_embedding_scale_redraw_factorial,manifests/embedding_hashes.csv,publication_evidence/r010-r014-v1/R012/manifests/embedding_hashes.csv,1502,33a0c214d1d7a7865264f515f56c5ddded31f7837e43acc2704339e66dfa2627,33a0c214d1d7a7865264f515f56c5ddded31f7837e43acc2704339e66dfa2627,PASS
R012,R012_embedding_scale_redraw_factorial,manifests/embedding_scale_stats.csv,publication_evidence/r010-r014-v1/R012/manifests/embedding_scale_stats.csv,2622,d9e6006e4493806a2d0aef0976f91b5fe8e39cd7a400557e0830d3036094cc35,d9e6006e4493806a2d0aef0976f91b5fe8e39cd7a400557e0830d3036094cc35,PASS
R012,R012_embedding_scale_redraw_factorial,manifests/environment_per_seed.csv,publication_evidence/r010-r014-v1/R012/manifests/environment_per_seed.csv,844,0878f30740bcb55df93b4474f255badff6d11e7e87bda28f210003ff64d841b3,0878f30740bcb55df93b4474f255badff6d11e7e87bda28f210003ff64d841b3,PASS
R012,R012_embedding_scale_redraw_factorial,manifests/epoch_batch_hashes.csv,publication_evidence/r010-r014-v1/R012/manifests/epoch_batch_hashes.csv,22049,daa63c1ba6edbe8ef9d04629932d02475bcdf4779e08db6c0fc0e072ce4096be,daa63c1ba6edbe8ef9d04629932d02475bcdf4779e08db6c0fc0e072ce4096be,PASS
R012,R012_embedding_scale_redraw_factorial,manifests/factor_construction.csv,publication_evidence/r010-r014-v1/R012/manifests/factor_construction.csv,8323,95edf00349bc4da659afab8b5ea5d25c4021cad5cc8d3b4f77a9d34f047c5ba0,95edf00349bc4da659afab8b5ea5d25c4021cad5cc8d3b4f77a9d34f047c5ba0,PASS
R012,R012_embedding_scale_redraw_factorial,manifests/factorial_contrasts.csv,publication_evidence/r010-r014-v1/R012/manifests/factorial_contrasts.csv,550,6d1c363e299ee7eea9e52b8ec3cdeffa1de2d83e1eb0ccf9b6fd2f26679d997d,6d1c363e299ee7eea9e52b8ec3cdeffa1de2d83e1eb0ccf9b6fd2f26679d997d,PASS
R012,R012_embedding_scale_redraw_factorial,manifests/factorial_summary.csv,publication_evidence/r010-r014-v1/R012/manifests/factorial_summary.csv,256,5584218dd4167c53da8976522a799da87d8c40764c1688f1590990fc8894d205,5584218dd4167c53da8976522a799da87d8c40764c1688f1590990fc8894d205,PASS
R012,R012_embedding_scale_redraw_factorial,manifests/parity_summary.csv,publication_evidence/r010-r014-v1/R012/manifests/parity_summary.csv,1526,e29a41166e219e8b6b2861945c2f517fcdc8903c8ef0c7fd7de814b5d1746a6b,e29a41166e219e8b6b2861945c2f517fcdc8903c8ef0c7fd7de814b5d1746a6b,PASS
R012,R012_embedding_scale_redraw_factorial,manifests/runtime_assertion_per_seed.csv,publication_evidence/r010-r014-v1/R012/manifests/runtime_assertion_per_seed.csv,2149,d09ff27835c738bdc00979adbcde03d70c8e5c5e659a1e698a92d6f3e98cc98c,d09ff27835c738bdc00979adbcde03d70c8e5c5e659a1e698a92d6f3e98cc98c,PASS
R012,R012_embedding_scale_redraw_factorial,manifests/seed_block_manifest.csv,publication_evidence/r010-r014-v1/R012/manifests/seed_block_manifest.csv,725,f8f9e6509edf70338e377e19ca4adea1d8d8b1c9688af2749c47a88270207977,f8f9e6509edf70338e377e19ca4adea1d8d8b1c9688af2749c47a88270207977,PASS
R012,R012_embedding_scale_redraw_factorial,manifests/source_provenance_per_seed.csv,publication_evidence/r010-r014-v1/R012/manifests/source_provenance_per_seed.csv,981,532c082e7a204dc14939438605e8a5e4da42dac5ba6ce6738762c7acb67db2ad,532c082e7a204dc14939438605e8a5e4da42dac5ba6ce6738762c7acb67db2ad,PASS
R012,R012_embedding_scale_redraw_factorial,manifests/source_tree_manifest_per_seed.csv,publication_evidence/r010-r014-v1/R012/manifests/source_tree_manifest_per_seed.csv,12713,1d692d0400600b1a704552fafb16cf237b7d4e423bf9297b6b5f17eaa21feeb5,1d692d0400600b1a704552fafb16cf237b7d4e423bf9297b6b5f17eaa21feeb5,PASS
R012,R012_embedding_scale_redraw_factorial,manifests/test_metrics.csv,publication_evidence/r010-r014-v1/R012/manifests/test_metrics.csv,623,f3e662c30e44609dde32d7209d2fb80a42cbf28b3cde164869959cf96b4b6a3d,f3e662c30e44609dde32d7209d2fb80a42cbf28b3cde164869959cf96b4b6a3d,PASS
R012,R012_embedding_scale_redraw_factorial,manifests/unchanged_parameter_hashes.csv,publication_evidence/r010-r014-v1/R012/manifests/unchanged_parameter_hashes.csv,56463,3928626559bc56823ea0c383fd071e377d3745f51d040d855242b26138ae6955,3928626559bc56823ea0c383fd071e377d3745f51d040d855242b26138ae6955,PASS
R012,R012_embedding_scale_redraw_factorial,manifests/validation_metrics.csv,publication_evidence/r010-r014-v1/R012/manifests/validation_metrics.csv,1001,598c5e6f3220db33d0d6e8c6b1ddc5270e02eef5909ca4c325fc331e26dd7dcf,598c5e6f3220db33d0d6e8c6b1ddc5270e02eef5909ca4c325fc331e26dd7dcf,PASS
R012,R012_embedding_scale_redraw_factorial,per_seed.csv,publication_evidence/r010-r014-v1/R012/per_seed.csv,1378,7bc7b428efa2cb251954890a18ff9e81a687f5dadbccc125b3eb1f77c56b8d2b,7bc7b428efa2cb251954890a18ff9e81a687f5dadbccc125b3eb1f77c56b8d2b,PASS
R012,R012_embedding_scale_redraw_factorial,plots/fig01_factorial_test_ppl.png,publication_evidence/r010-r014-v1/R012/plots/fig01_factorial_test_ppl.png,18761,10eb1b1b60dc80c5932c6c1d34841e08ebc74aaa6f144f21935d2a30829acb46,10eb1b1b60dc80c5932c6c1d34841e08ebc74aaa6f144f21935d2a30829acb46,PASS
R012,R012_embedding_scale_redraw_factorial,plots/fig02_scale_effect_by_seed.png,publication_evidence/r010-r014-v1/R012/plots/fig02_scale_effect_by_seed.png,29320,834dd8be1be2eb1076d4a7ea29344a572885b2c178a7b2cc0af2e4950878e8cb,834dd8be1be2eb1076d4a7ea29344a572885b2c178a7b2cc0af2e4950878e8cb,PASS
R012,R012_embedding_scale_redraw_factorial,plots/fig03_redraw_effect_by_seed.png,publication_evidence/r010-r014-v1/R012/plots/fig03_redraw_effect_by_seed.png,42928,bff73d66c8fecbae28f458b3f877d2063ec03874584b6774545171e408278b31,bff73d66c8fecbae28f458b3f877d2063ec03874584b6774545171e408278b31,PASS
R012,R012_embedding_scale_redraw_factorial,plots/fig04_scale_redraw_interaction.png,publication_evidence/r010-r014-v1/R012/plots/fig04_scale_redraw_interaction.png,15256,364603341c206d4dace5500bacb1ddb94efe6788e85c9911fc418a9a65e18b89,364603341c206d4dace5500bacb1ddb94efe6788e85c9911fc418a9a65e18b89,PASS
R012,R012_embedding_scale_redraw_factorial,plots/fig05_validation_learning_curves.png,publication_evidence/r010-r014-v1/R012/plots/fig05_validation_learning_curves.png,39443,707364543e586b18d433ed42a600a42e5084af54bb22d549180cf0ca9aa7f423,707364543e586b18d433ed42a600a42e5084af54bb22d549180cf0ca9aa7f423,PASS
R012,R012_embedding_scale_redraw_factorial,plots/fig06_best_epoch_distribution.png,publication_evidence/r010-r014-v1/R012/plots/fig06_best_epoch_distribution.png,17591,e92eba21b866381dbfb11943ab929bdc8a49ce499e19b3c8beec6e8139f5d072,e92eba21b866381dbfb11943ab929bdc8a49ce499e19b3c8beec6e8139f5d072,PASS
R012,R012_embedding_scale_redraw_factorial,plots/fig07_final_vs_best_validation.png,publication_evidence/r010-r014-v1/R012/plots/fig07_final_vs_best_validation.png,32103,7ad24ad6ef658b6a65a9b31e703db30129f7a03b16cf8a26c7d7d58273519150,7ad24ad6ef658b6a65a9b31e703db30129f7a03b16cf8a26c7d7d58273519150,PASS
R012,R012_embedding_scale_redraw_factorial,plots/fig08_embedding_t0_rms_and_scale_ratio.png,publication_evidence/r010-r014-v1/R012/plots/fig08_embedding_t0_rms_and_scale_ratio.png,19692,0fb421c4793d114aac26230c7c35c199693d07011dea17a90e0b2e771781e44d,0fb421c4793d114aac26230c7c35c199693d07011dea17a90e0b2e771781e44d,PASS
R012,R012_embedding_scale_redraw_factorial,resolved_config.json,publication_evidence/r010-r014-v1/R012/resolved_config.json,893,f84a4d4efa28b7bfc1594f9aab228d89b3b25b9b5be74ead58f8da804be87076,f84a4d4efa28b7bfc1594f9aab228d89b3b25b9b5be74ead58f8da804be87076,PASS
R013,R013_embedding_scale_response_and_dynamics,RUNTIME_FREEZE.json,publication_evidence/r010-r014-v1/R013/RUNTIME_FREEZE.json,187,386f8b235062b4eac9f47be517dbd7a5e0e58bc84688d39cad0621d142d26ddc,386f8b235062b4eac9f47be517dbd7a5e0e58bc84688d39cad0621d142d26ddc,PASS
R013,R013_embedding_scale_response_and_dynamics,commit.txt,publication_evidence/r010-r014-v1/R013/commit.txt,41,49e527c87ca5ae525727a800c67b98bf0f872427696c0ef8ee0c1e8663dc79d3,49e527c87ca5ae525727a800c67b98bf0f872427696c0ef8ee0c1e8663dc79d3,PASS
R013,R013_embedding_scale_response_and_dynamics,environment.txt,publication_evidence/r010-r014-v1/R013/environment.txt,283,6c91d5e8f30e27ff974cdcb332ef7f93966dd181e730880bae555eaaf232099e,6c91d5e8f30e27ff974cdcb332ef7f93966dd181e730880bae555eaaf232099e,PASS
R013,R013_embedding_scale_response_and_dynamics,manifests/attention_parity.csv,publication_evidence/r010-r014-v1/R013/manifests/attention_parity.csv,21043,03a0bf57f24f629c1b39eb2131733917ad4ad5365109fc5c8afda57b59174e54,03a0bf57f24f629c1b39eb2131733917ad4ad5365109fc5c8afda57b59174e54,PASS
R013,R013_embedding_scale_response_and_dynamics,manifests/base_direction_audit.csv,publication_evidence/r010-r014-v1/R013/manifests/base_direction_audit.csv,3481,8af69a43244a6f4f57aa1c10dd27c09f87c0b4644dc092681c94e8ee39e291c0,8af69a43244a6f4f57aa1c10dd27c09f87c0b4644dc092681c94e8ee39e291c0,PASS
R013,R013_embedding_scale_response_and_dynamics,manifests/checkpoint_manifest.csv,publication_evidence/r010-r014-v1/R013/manifests/checkpoint_manifest.csv,7095,a5828e84fb6548964ccc426461755e4c0ecf8ec5fae187572dc3671f0dbb3a97,a5828e84fb6548964ccc426461755e4c0ecf8ec5fae187572dc3671f0dbb3a97,PASS
R013,R013_embedding_scale_response_and_dynamics,manifests/dose_summary.csv,publication_evidence/r010-r014-v1/R013/manifests/dose_summary.csv,564,d2b5883bea6619672148cf26439d51e54caea3f30bc82ea4f3d060d5f70afd0a,d2b5883bea6619672148cf26439d51e54caea3f30bc82ea4f3d060d5f70afd0a,PASS
R013,R013_embedding_scale_response_and_dynamics,manifests/dynamics_by_epoch.csv,publication_evidence/r010-r014-v1/R013/manifests/dynamics_by_epoch.csv,95297,29ab1536a2d7ca2df99b7e1772346ed2fbd81d4ad3a80e5b4755e43d09e6d9c5,29ab1536a2d7ca2df99b7e1772346ed2fbd81d4ad3a80e5b4755e43d09e6d9c5,PASS
R013,R013_embedding_scale_response_and_dynamics,manifests/dynamics_by_epoch_summary.csv,publication_evidence/r010-r014-v1/R013/manifests/dynamics_by_epoch_summary.csv,4923,16e5525a3cc8b759ecf931df3475c2ca0fbc59ff8e46bafe8248270a78d01712,16e5525a3cc8b759ecf931df3475c2ca0fbc59ff8e46bafe8248270a78d01712,PASS
R013,R013_embedding_scale_response_and_dynamics,manifests/dynamics_summary_group.csv,publication_evidence/r010-r014-v1/R013/manifests/dynamics_summary_group.csv,1681,d7a98e073c1909c7c873c90084c4e3a9928ec3023ab151be8788206c953b1b7a,d7a98e073c1909c7c873c90084c4e3a9928ec3023ab151be8788206c953b1b7a,PASS
R013,R013_embedding_scale_response_and_dynamics,manifests/dynamics_summary_per_seed.csv,publication_evidence/r010-r014-v1/R013/manifests/dynamics_summary_per_seed.csv,1609,778a3a678b002b7376b95fb3283694c411a528f8ee1359e5d976a4c18e8848c6,778a3a678b002b7376b95fb3283694c411a528f8ee1359e5d976a4c18e8848c6,PASS
R013,R013_embedding_scale_response_and_dynamics,manifests/embedding_hashes.csv,publication_evidence/r010-r014-v1/R013/manifests/embedding_hashes.csv,1937,6960fd23fe2dc1fb39d9aa2eb9270edae7f7538afe85656c2ffdfc25618e9127,6960fd23fe2dc1fb39d9aa2eb9270edae7f7538afe85656c2ffdfc25618e9127,PASS
R013,R013_embedding_scale_response_and_dynamics,manifests/environment_per_seed.csv,publication_evidence/r010-r014-v1/R013/manifests/environment_per_seed.csv,967,8ec0b9b165ed47b2e3ad47025c11d50120a02a6942b5c0ddfc260ed726dc00fd,8ec0b9b165ed47b2e3ad47025c11d50120a02a6942b5c0ddfc260ed726dc00fd,PASS
R013,R013_embedding_scale_response_and_dynamics,manifests/epoch_batch_hashes.csv,publication_evidence/r010-r014-v1/R013/manifests/epoch_batch_hashes.csv,28529,efb15a75518c9198fa2a0094c41c196817e9f08dc9c02b30f8e1b8f8018cd6a1,efb15a75518c9198fa2a0094c41c196817e9f08dc9c02b30f8e1b8f8018cd6a1,PASS
R013,R013_embedding_scale_response_and_dynamics,manifests/factor_construction.csv,publication_evidence/r010-r014-v1/R013/manifests/factor_construction.csv,6613,6fe8f97452f00e1edf185f631de5e1b8dbbd52a14c75a2a7419e007c83279b2e,6fe8f97452f00e1edf185f631de5e1b8dbbd52a14c75a2a7419e007c83279b2e,PASS
R013,R013_embedding_scale_response_and_dynamics,manifests/paired_contrasts.csv,publication_evidence/r010-r014-v1/R013/manifests/paired_contrasts.csv,1531,4add3e154159c279e05a71352af07fff3ca78257bba40e9e20ef5db12d5f2e64,4add3e154159c279e05a71352af07fff3ca78257bba40e9e20ef5db12d5f2e64,PASS
R013,R013_embedding_scale_response_and_dynamics,manifests/paired_contrasts_summary.csv,publication_evidence/r010-r014-v1/R013/manifests/paired_contrasts_summary.csv,458,89e322b11b6e94c0cf4879a99205f97c7d2e8da51ba3ff5171f31a31a0da78db,89e322b11b6e94c0cf4879a99205f97c7d2e8da51ba3ff5171f31a31a0da78db,PASS
R013,R013_embedding_scale_response_and_dynamics,manifests/parity_summary.csv,publication_evidence/r010-r014-v1/R013/manifests/parity_summary.csv,2656,efbde21c855e76eae1ca42cbb8122e9637858f073c52c9734ac4d6651bfee8fe,efbde21c855e76eae1ca42cbb8122e9637858f073c52c9734ac4d6651bfee8fe,PASS
R013,R013_embedding_scale_response_and_dynamics,manifests/provenance_manifest_origins.csv,publication_evidence/r010-r014-v1/R013/manifests/provenance_manifest_origins.csv,1044,8d0c47e2a6578336add23491b8fa371d122afb0a97811e6f558b537a51fdf18e,8d0c47e2a6578336add23491b8fa371d122afb0a97811e6f558b537a51fdf18e,PASS
R013,R013_embedding_scale_response_and_dynamics,manifests/response_shape_summary.csv,publication_evidence/r010-r014-v1/R013/manifests/response_shape_summary.csv,586,cd646a1b1b06277614e8f89d91f7c55335f2da4b5abf110e42e7adb25cbfac90,cd646a1b1b06277614e8f89d91f7c55335f2da4b5abf110e42e7adb25cbfac90,PASS
R013,R013_embedding_scale_response_and_dynamics,manifests/runtime_assertion_per_seed.csv,publication_evidence/r010-r014-v1/R013/manifests/runtime_assertion_per_seed.csv,2149,e7ed90f35012abeb65088d440e4c97d3eaf5ccfa1fe5497d2500e6be57a3131e,e7ed90f35012abeb65088d440e4c97d3eaf5ccfa1fe5497d2500e6be57a3131e,PASS
R013,R013_embedding_scale_response_and_dynamics,manifests/scale_ladder.csv,publication_evidence/r010-r014-v1/R013/manifests/scale_ladder.csv,588,67ca39fdfaa99e80314026eedd61ffd406553875547cf8cfa0d1a3f149648eb4,67ca39fdfaa99e80314026eedd61ffd406553875547cf8cfa0d1a3f149648eb4,PASS
R013,R013_embedding_scale_response_and_dynamics,manifests/seed_block_manifest.csv,publication_evidence/r010-r014-v1/R013/manifests/seed_block_manifest.csv,970,e77ee6be8c1afe04ca78500c07a0c088c6facd559a7e03b54756cab8676fd057,e77ee6be8c1afe04ca78500c07a0c088c6facd559a7e03b54756cab8676fd057,PASS
R013,R013_embedding_scale_response_and_dynamics,manifests/source_provenance_per_seed.csv,publication_evidence/r010-r014-v1/R013/manifests/source_provenance_per_seed.csv,950,b11caa375353b464dfaf77e3a3d5fdce5137b8a5bf11963a1c79c1606f858ca1,b11caa375353b464dfaf77e3a3d5fdce5137b8a5bf11963a1c79c1606f858ca1,PASS
R013,R013_embedding_scale_response_and_dynamics,manifests/source_tree_manifest_per_seed.csv,publication_evidence/r010-r014-v1/R013/manifests/source_tree_manifest_per_seed.csv,13453,d6e6004b00bd9ece6d52a7727851042089844079b8bcc73e2a7a49764343931d,d6e6004b00bd9ece6d52a7727851042089844079b8bcc73e2a7a49764343931d,PASS
R013,R013_embedding_scale_response_and_dynamics,manifests/telemetry_parity_report.csv,publication_evidence/r010-r014-v1/R013/manifests/telemetry_parity_report.csv,2675,6040f48a469dcc837f4a42c5af6cbfd8d693159b94ee1d6499d538f6e9c6f549,6040f48a469dcc837f4a42c5af6cbfd8d693159b94ee1d6499d538f6e9c6f549,PASS
R013,R013_embedding_scale_response_and_dynamics,manifests/unchanged_parameter_hashes.csv,publication_evidence/r010-r014-v1/R013/manifests/unchanged_parameter_hashes.csv,72523,a09fd7785efd65a60a0f5fa3fc04ca219e6b9e0601a55416abb4a60d8aec74e5,a09fd7785efd65a60a0f5fa3fc04ca219e6b9e0601a55416abb4a60d8aec74e5,PASS
R013,R013_embedding_scale_response_and_dynamics,per_seed.csv,publication_evidence/r010-r014-v1/R013/per_seed.csv,2286,72e4b649b663f5bee6afb0e6016ea37f3a3791289f1c4134df2905bca308e8fb,72e4b649b663f5bee6afb0e6016ea37f3a3791289f1c4134df2905bca308e8fb,PASS
R013,R013_embedding_scale_response_and_dynamics,plots/fig01_dose_response_test_ppl.png,publication_evidence/r010-r014-v1/R013/plots/fig01_dose_response_test_ppl.png,53876,c9b9d14243419a13fcd6ad783405db9bc094dda6dd6104e58a652d7cdeb30915,c9b9d14243419a13fcd6ad783405db9bc094dda6dd6104e58a652d7cdeb30915,PASS
R013,R013_embedding_scale_response_and_dynamics,plots/fig02_best_epoch_by_dose.png,publication_evidence/r010-r014-v1/R013/plots/fig02_best_epoch_by_dose.png,62153,5ad1107e3819127bda6374fe1db14eef8707775ef305b78c6d573c14078183a1,5ad1107e3819127bda6374fe1db14eef8707775ef305b78c6d573c14078183a1,PASS
R013,R013_embedding_scale_response_and_dynamics,plots/fig03_final_vs_best_val_ppl.png,publication_evidence/r010-r014-v1/R013/plots/fig03_final_vs_best_val_ppl.png,52099,56c3a105fbf8caadfec41f87848b0319cd7d8a2c65b3c1e03bc1260e2736c5e2,56c3a105fbf8caadfec41f87848b0319cd7d8a2c65b3c1e03bc1260e2736c5e2,PASS
R013,R013_embedding_scale_response_and_dynamics,plots/fig04_embedding_rms_trajectory.png,publication_evidence/r010-r014-v1/R013/plots/fig04_embedding_rms_trajectory.png,57651,4830a1abf03eb6df86f148117258352c97f51e892d99511acb2756407e6e1b9b,4830a1abf03eb6df86f148117258352c97f51e892d99511acb2756407e6e1b9b,PASS
R013,R013_embedding_scale_response_and_dynamics,plots/fig05_validation_learning_curves.png,publication_evidence/r010-r014-v1/R013/plots/fig05_validation_learning_curves.png,96247,84923fb0be5c88cc7a299c2529c9359f2981defecc911fd86290631bbaa9fa5a,84923fb0be5c88cc7a299c2529c9359f2981defecc911fd86290631bbaa9fa5a,PASS
R013,R013_embedding_scale_response_and_dynamics,plots/fig06_primary_contrast_xavier_minus_ctor.png,publication_evidence/r010-r014-v1/R013/plots/fig06_primary_contrast_xavier_minus_ctor.png,35226,c0ac326b23ec65e9e55b007f6ed13f21fd14f278aa9c5a9f2e48dc202e6a3efa,c0ac326b23ec65e9e55b007f6ed13f21fd14f278aa9c5a9f2e48dc202e6a3efa,PASS
R013,R013_embedding_scale_response_and_dynamics,plots/fig07_all_contrasts_ci.png,publication_evidence/r010-r014-v1/R013/plots/fig07_all_contrasts_ci.png,39299,40e6710d9aa2c8ced3848e98f3f91813f2ce4b406fd8c2e5575c5b6c1884d0c8,40e6710d9aa2c8ced3848e98f3f91813f2ce4b406fd8c2e5575c5b6c1884d0c8,PASS
R013,R013_embedding_scale_response_and_dynamics,plots/fig08_embedding_grad_l2_trajectory.png,publication_evidence/r010-r014-v1/R013/plots/fig08_embedding_grad_l2_trajectory.png,66202,aa196cca73fa74e8f699d859ef4d6bdd9ed37ae347f858ee117a7443f7af6335,aa196cca73fa74e8f699d859ef4d6bdd9ed37ae347f858ee117a7443f7af6335,PASS
R013,R013_embedding_scale_response_and_dynamics,resolved_config.json,publication_evidence/r010-r014-v1/R013/resolved_config.json,1151,6620aa6635d138a9499254c0010df49bc27da44d0124304b9b7e98bfaa891289,6620aa6635d138a9499254c0010df49bc27da44d0124304b9b7e98bfaa891289,PASS
R014,R014_corrected_larger_model_embedding_scale_confirmation_v2,RUNTIME_FREEZE.json,publication_evidence/r010-r014-v1/R014/RUNTIME_FREEZE.json,187,386f8b235062b4eac9f47be517dbd7a5e0e58bc84688d39cad0621d142d26ddc,386f8b235062b4eac9f47be517dbd7a5e0e58bc84688d39cad0621d142d26ddc,PASS
R014,R014_corrected_larger_model_embedding_scale_confirmation_v2,commit.txt,publication_evidence/r010-r014-v1/R014/commit.txt,41,612b66c9a3844f53cec3dda56d725622bf79768bd887b7284ddc804013f31e0a,612b66c9a3844f53cec3dda56d725622bf79768bd887b7284ddc804013f31e0a,PASS
R014,R014_corrected_larger_model_embedding_scale_confirmation_v2,environment.txt,publication_evidence/r010-r014-v1/R014/environment.txt,283,6c91d5e8f30e27ff974cdcb332ef7f93966dd181e730880bae555eaaf232099e,6c91d5e8f30e27ff974cdcb332ef7f93966dd181e730880bae555eaaf232099e,PASS
R014,R014_corrected_larger_model_embedding_scale_confirmation_v2,manifests/attention_parity.csv,publication_evidence/r010-r014-v1/R014/manifests/attention_parity.csv,25263,4401dc6551f509ed3282c24bbbbdcb4a358850a25928809715c3bdf4a7eb4a53,4401dc6551f509ed3282c24bbbbdcb4a358850a25928809715c3bdf4a7eb4a53,PASS
R014,R014_corrected_larger_model_embedding_scale_confirmation_v2,manifests/base_direction_audit.csv,publication_evidence/r010-r014-v1/R014/manifests/base_direction_audit.csv,2092,7f0fccf0192d674a7cb050b5b5cb41d9d6c19e68c40acc22b6e6998bb6e09c24,7f0fccf0192d674a7cb050b5b5cb41d9d6c19e68c40acc22b6e6998bb6e09c24,PASS
R014,R014_corrected_larger_model_embedding_scale_confirmation_v2,manifests/base_direction_construction.csv,publication_evidence/r010-r014-v1/R014/manifests/base_direction_construction.csv,1181,e9d4208c8a790a30adc9a116016c173cf079e8646935f50cf6b454149b62aafd,e9d4208c8a790a30adc9a116016c173cf079e8646935f50cf6b454149b62aafd,PASS
R014,R014_corrected_larger_model_embedding_scale_confirmation_v2,manifests/checkpoint_manifest.csv,publication_evidence/r010-r014-v1/R014/manifests/checkpoint_manifest.csv,4351,005a3f54bcd1062bf36e8123d7224d373f47deb7f6469cb3a6dd6a2fd26ab767,005a3f54bcd1062bf36e8123d7224d373f47deb7f6469cb3a6dd6a2fd26ab767,PASS
R014,R014_corrected_larger_model_embedding_scale_confirmation_v2,manifests/dose_summary.csv,publication_evidence/r010-r014-v1/R014/manifests/dose_summary.csv,406,af41ea244e96b91a649674a6edaa49f1fb65d45850bd822c402b2757aa81bc45,af41ea244e96b91a649674a6edaa49f1fb65d45850bd822c402b2757aa81bc45,PASS
R014,R014_corrected_larger_model_embedding_scale_confirmation_v2,manifests/embedding_hashes.csv,publication_evidence/r010-r014-v1/R014/manifests/embedding_hashes.csv,1172,7731f698a6c8f899672959e3ad91297a5b79ef8cc133f5047672482f845ac9b7,7731f698a6c8f899672959e3ad91297a5b79ef8cc133f5047672482f845ac9b7,PASS
R014,R014_corrected_larger_model_embedding_scale_confirmation_v2,manifests/environment_per_seed.csv,publication_evidence/r010-r014-v1/R014/manifests/environment_per_seed.csv,967,eba568b352e9d90c172ac985347c3b269ffbe5a5683b213408651bc5bc8a5b45,eba568b352e9d90c172ac985347c3b269ffbe5a5683b213408651bc5bc8a5b45,PASS
R014,R014_corrected_larger_model_embedding_scale_confirmation_v2,manifests/epoch_batch_hashes.csv,publication_evidence/r010-r014-v1/R014/manifests/epoch_batch_hashes.csv,17824,67dfc4fc80e5f72cd4a217fbd0531c3042ca7cf469074417fac50b8f2f8eb3a6,67dfc4fc80e5f72cd4a217fbd0531c3042ca7cf469074417fac50b8f2f8eb3a6,PASS
R014,R014_corrected_larger_model_embedding_scale_confirmation_v2,manifests/factor_construction.csv,publication_evidence/r010-r014-v1/R014/manifests/factor_construction.csv,3974,c9f92f9ced4ec81aa0961038148e556b98471baa89970718020582ccc799b1ff,c9f92f9ced4ec81aa0961038148e556b98471baa89970718020582ccc799b1ff,PASS
R014,R014_corrected_larger_model_embedding_scale_confirmation_v2,manifests/learning_curves.csv,publication_evidence/r010-r014-v1/R014/manifests/learning_curves.csv,15536,15085702eca1534708231b8e663669bfc893f6f529633f01d5a36e9714fcddde,15085702eca1534708231b8e663669bfc893f6f529633f01d5a36e9714fcddde,PASS
R014,R014_corrected_larger_model_embedding_scale_confirmation_v2,manifests/learning_curves_summary.csv,publication_evidence/r010-r014-v1/R014/manifests/learning_curves_summary.csv,1860,949acb97a33d2dc0ab457b5a6066b101264e1e1f6e2ad86401f56fe09d463fe6,949acb97a33d2dc0ab457b5a6066b101264e1e1f6e2ad86401f56fe09d463fe6,PASS
R014,R014_corrected_larger_model_embedding_scale_confirmation_v2,manifests/paired_contrasts.csv,publication_evidence/r010-r014-v1/R014/manifests/paired_contrasts.csv,687,aba573d147786b1fd3c9ecefd19ed0b2a267a6be085241f4b3e25c798dfaf2b0,aba573d147786b1fd3c9ecefd19ed0b2a267a6be085241f4b3e25c798dfaf2b0,PASS
R014,R014_corrected_larger_model_embedding_scale_confirmation_v2,manifests/paired_contrasts_summary.csv,publication_evidence/r010-r014-v1/R014/manifests/paired_contrasts_summary.csv,237,36dd74c0570fb5688d3dde92060f1e505ca0302bf23877e60f4d32554e338832,36dd74c0570fb5688d3dde92060f1e505ca0302bf23877e60f4d32554e338832,PASS
R014,R014_corrected_larger_model_embedding_scale_confirmation_v2,manifests/parity_summary.csv,publication_evidence/r010-r014-v1/R014/manifests/parity_summary.csv,2676,970e01a1cb245fd2a3a8417a97841bae500070e6582ab9d3730596534165866e,970e01a1cb245fd2a3a8417a97841bae500070e6582ab9d3730596534165866e,PASS
R014,R014_corrected_larger_model_embedding_scale_confirmation_v2,manifests/provenance_manifest_origins.csv,publication_evidence/r010-r014-v1/R014/manifests/provenance_manifest_origins.csv,5782,4906b47d5b68f225c9688b197961d38b470257cabef05d9c4327afb8c211a590,4906b47d5b68f225c9688b197961d38b470257cabef05d9c4327afb8c211a590,PASS
R014,R014_corrected_larger_model_embedding_scale_confirmation_v2,manifests/response_shape_summary.csv,publication_evidence/r010-r014-v1/R014/manifests/response_shape_summary.csv,455,bef63292b8274512eb6c3611addd282c99a8f499ff1673e2983807c5e72a9cee,bef63292b8274512eb6c3611addd282c99a8f499ff1673e2983807c5e72a9cee,PASS
R014,R014_corrected_larger_model_embedding_scale_confirmation_v2,manifests/runtime_assertion_per_seed.txt,publication_evidence/r010-r014-v1/R014/manifests/runtime_assertion_per_seed.txt,1910,fda620a1b0dd2d6e9dc9dfd7f5502ec49a5aef8b9593e188459f8c3aad93e247,fda620a1b0dd2d6e9dc9dfd7f5502ec49a5aef8b9593e188459f8c3aad93e247,PASS
R014,R014_corrected_larger_model_embedding_scale_confirmation_v2,manifests/scale_ladder.csv,publication_evidence/r010-r014-v1/R014/manifests/scale_ladder.csv,367,afd54743139595702abc89a67c8c6e8e33c17fc615de08d54a5c5c575b837a16,afd54743139595702abc89a67c8c6e8e33c17fc615de08d54a5c5c575b837a16,PASS
R014,R014_corrected_larger_model_embedding_scale_confirmation_v2,manifests/seed_block_manifest.csv,publication_evidence/r010-r014-v1/R014/manifests/seed_block_manifest.csv,1099,dacdac4b9b23b20b3ba91ec05687ef94b6e5b5b61e8f86a34635bb79f559a296,dacdac4b9b23b20b3ba91ec05687ef94b6e5b5b61e8f86a34635bb79f559a296,PASS
R014,R014_corrected_larger_model_embedding_scale_confirmation_v2,manifests/seed_status_summary.csv,publication_evidence/r010-r014-v1/R014/manifests/seed_status_summary.csv,231,d734b951a2180b121dc07810466e3abdd42e68f3e3b1d970e502d64b1eff787f,d734b951a2180b121dc07810466e3abdd42e68f3e3b1d970e502d64b1eff787f,PASS
R014,R014_corrected_larger_model_embedding_scale_confirmation_v2,manifests/source_provenance_per_seed.csv,publication_evidence/r010-r014-v1/R014/manifests/source_provenance_per_seed.csv,950,75a1540bc6903fd801c9d5d5b1ec20d9910c05b046a404f89545c08ebe2d7be5,75a1540bc6903fd801c9d5d5b1ec20d9910c05b046a404f89545c08ebe2d7be5,PASS
R014,R014_corrected_larger_model_embedding_scale_confirmation_v2,manifests/source_tree_manifest_per_seed.csv,publication_evidence/r010-r014-v1/R014/manifests/source_tree_manifest_per_seed.csv,13453,4e911b915731abc7515187b69e0c9432d4bddc9eb0ce259d4a4518d4d85219ae,4e911b915731abc7515187b69e0c9432d4bddc9eb0ce259d4a4518d4d85219ae,PASS
R014,R014_corrected_larger_model_embedding_scale_confirmation_v2,manifests/unchanged_parameter_hashes.csv,publication_evidence/r010-r014-v1/R014/manifests/unchanged_parameter_hashes.csv,79133,a17f551d9d4fb39202330ae31f0654c00ba0ebfb6b9dd386d6c6bcf6b575d1a5,a17f551d9d4fb39202330ae31f0654c00ba0ebfb6b9dd386d6c6bcf6b575d1a5,PASS
R014,R014_corrected_larger_model_embedding_scale_confirmation_v2,per_seed.csv,publication_evidence/r010-r014-v1/R014/per_seed.csv,1405,0c8ec15c2bccc25b483f32cc0b07ed4d53b0a07dfc119d9203f0a9e80a70548b,0c8ec15c2bccc25b483f32cc0b07ed4d53b0a07dfc119d9203f0a9e80a70548b,PASS
R014,R014_corrected_larger_model_embedding_scale_confirmation_v2,plots/fig01_dose_response_test_ppl.png,publication_evidence/r010-r014-v1/R014/plots/fig01_dose_response_test_ppl.png,52527,9aa424d0ede3123a0952439665ff38ed98778a07e5eb28d72575d1eee70a7b92,9aa424d0ede3123a0952439665ff38ed98778a07e5eb28d72575d1eee70a7b92,PASS
R014,R014_corrected_larger_model_embedding_scale_confirmation_v2,plots/fig02_best_epoch_by_dose.png,publication_evidence/r010-r014-v1/R014/plots/fig02_best_epoch_by_dose.png,46289,e9b2fead8d2a3b2af93fd54b84bc4f70413133289b93ca0d3e1e5db208e65f4e,e9b2fead8d2a3b2af93fd54b84bc4f70413133289b93ca0d3e1e5db208e65f4e,PASS
R014,R014_corrected_larger_model_embedding_scale_confirmation_v2,plots/fig03_final_vs_best_val_ppl.png,publication_evidence/r010-r014-v1/R014/plots/fig03_final_vs_best_val_ppl.png,49095,60a3b4720c231d7f44ea1035267aed88749aab1ae755cc284406b2eccee4e88b,60a3b4720c231d7f44ea1035267aed88749aab1ae755cc284406b2eccee4e88b,PASS
R014,R014_corrected_larger_model_embedding_scale_confirmation_v2,plots/fig04_validation_learning_curves.png,publication_evidence/r010-r014-v1/R014/plots/fig04_validation_learning_curves.png,81960,5b1bf6fc3a5be07436d96a6e9fc195e603b800e1c53f25da281f9a707e8584dd,5b1bf6fc3a5be07436d96a6e9fc195e603b800e1c53f25da281f9a707e8584dd,PASS
R014,R014_corrected_larger_model_embedding_scale_confirmation_v2,plots/fig05_primary_contrast_xavier_minus_ctor.png,publication_evidence/r010-r014-v1/R014/plots/fig05_primary_contrast_xavier_minus_ctor.png,36959,ac8ab2a0228891e19058ff9b1390b4de17973b2fa2c3236b6a7ff54615f0b8c5,ac8ab2a0228891e19058ff9b1390b4de17973b2fa2c3236b6a7ff54615f0b8c5,PASS
R014,R014_corrected_larger_model_embedding_scale_confirmation_v2,plots/fig06_all_contrasts_ci.png,publication_evidence/r010-r014-v1/R014/plots/fig06_all_contrasts_ci.png,29697,0ee2cbd6d9ff6237b33733bb973f97fa9d7c770ca85ecd7a6c5fb1f2cd9d85b9,0ee2cbd6d9ff6237b33733bb973f97fa9d7c770ca85ecd7a6c5fb1f2cd9d85b9,PASS
R014,R014_corrected_larger_model_embedding_scale_confirmation_v2,resolved_config.json,publication_evidence/r010-r014-v1/R014/resolved_config.json,1278,72bf1ccdbfecca11616023bf460c47b02fcac0728173d21c33386754b9dc9ff0,72bf1ccdbfecca11616023bf460c47b02fcac0728173d21c33386754b9dc9ff0,PASS
R014,R014_corrected_larger_model_embedding_scale_confirmation_v2,rng_policy.json,publication_evidence/r010-r014-v1/R014/rng_policy.json,101,93b2580f68fb2f4ef64454710054db5ca9cb0b1e861856b744483e03cf33c5c0,93b2580f68fb2f4ef64454710054db5ca9cb0b1e861856b744483e03cf33c5c0,PASS
R014,R014_corrected_larger_model_embedding_scale_confirmation_v2,vocab_provenance.json,publication_evidence/r010-r014-v1/R014/vocab_provenance.json,411,ec3d0afb79c253d86c5537a0a5784dfa154f146ebc700683804e2d53fd412c1f,ec3d0afb79c253d86c5537a0a5784dfa154f146ebc700683804e2d53fd412c1f,PASS
