condition,epoch,permutation_sha256,batch_order_sha256,batch_boundaries_sha256,samples,batches
B00,1,23054008a93d9d40a1aad385dc458775967a1770ecf161068186a4904c62a7d0,80c6776bcfb5cd9a60d58a4d39a9fa14586a0d822e7523724ba24525bdb4f27b,9f1dc7589417ae3e9d0fd85fdb6768772424f72490484b57fb944635262e63a5,18656,583
B01,1,23054008a93d9d40a1aad385dc458775967a1770ecf161068186a4904c62a7d0,80c6776bcfb5cd9a60d58a4d39a9fa14586a0d822e7523724ba24525bdb4f27b,9f1dc7589417ae3e9d0fd85fdb6768772424f72490484b57fb944635262e63a5,18656,583
B10,1,23054008a93d9d40a1aad385dc458775967a1770ecf161068186a4904c62a7d0,80c6776bcfb5cd9a60d58a4d39a9fa14586a0d822e7523724ba24525bdb4f27b,9f1dc7589417ae3e9d0fd85fdb6768772424f72490484b57fb944635262e63a5,18656,583
B11,1,23054008a93d9d40a1aad385dc458775967a1770ecf161068186a4904c62a7d0,80c6776bcfb5cd9a60d58a4d39a9fa14586a0d822e7523724ba24525bdb4f27b,9f1dc7589417ae3e9d0fd85fdb6768772424f72490484b57fb944635262e63a5,18656,583
C_002,1,23054008a93d9d40a1aad385dc458775967a1770ecf161068186a4904c62a7d0,80c6776bcfb5cd9a60d58a4d39a9fa14586a0d822e7523724ba24525bdb4f27b,9f1dc7589417ae3e9d0fd85fdb6768772424f72490484b57fb944635262e63a5,18656,583
B00,2,117b11e8ed986fa1b623d183667eef9931aae34749d06957861a6385dcdd040f,3860621284cb3f3fe6a6dc249710c38d1be17dc53df178c05a5ec8d9238d2a03,9f1dc7589417ae3e9d0fd85fdb6768772424f72490484b57fb944635262e63a5,18656,583
B01,2,117b11e8ed986fa1b623d183667eef9931aae34749d06957861a6385dcdd040f,3860621284cb3f3fe6a6dc249710c38d1be17dc53df178c05a5ec8d9238d2a03,9f1dc7589417ae3e9d0fd85fdb6768772424f72490484b57fb944635262e63a5,18656,583
B10,2,117b11e8ed986fa1b623d183667eef9931aae34749d06957861a6385dcdd040f,3860621284cb3f3fe6a6dc249710c38d1be17dc53df178c05a5ec8d9238d2a03,9f1dc7589417ae3e9d0fd85fdb6768772424f72490484b57fb944635262e63a5,18656,583
B11,2,117b11e8ed986fa1b623d183667eef9931aae34749d06957861a6385dcdd040f,3860621284cb3f3fe6a6dc249710c38d1be17dc53df178c05a5ec8d9238d2a03,9f1dc7589417ae3e9d0fd85fdb6768772424f72490484b57fb944635262e63a5,18656,583
C_002,2,117b11e8ed986fa1b623d183667eef9931aae34749d06957861a6385dcdd040f,3860621284cb3f3fe6a6dc249710c38d1be17dc53df178c05a5ec8d9238d2a03,9f1dc7589417ae3e9d0fd85fdb6768772424f72490484b57fb944635262e63a5,18656,583
B00,3,92f7914d27017545671b70aeb8280ce988306e9ea1d8c2673f6cf2774be2c354,1f62e6886048bea8fbf784ad600733cda0e55dd857937d7d24acd8afe8d11600,9f1dc7589417ae3e9d0fd85fdb6768772424f72490484b57fb944635262e63a5,18656,583
B01,3,92f7914d27017545671b70aeb8280ce988306e9ea1d8c2673f6cf2774be2c354,1f62e6886048bea8fbf784ad600733cda0e55dd857937d7d24acd8afe8d11600,9f1dc7589417ae3e9d0fd85fdb6768772424f72490484b57fb944635262e63a5,18656,583
B10,3,92f7914d27017545671b70aeb8280ce988306e9ea1d8c2673f6cf2774be2c354,1f62e6886048bea8fbf784ad600733cda0e55dd857937d7d24acd8afe8d11600,9f1dc7589417ae3e9d0fd85fdb6768772424f72490484b57fb944635262e63a5,18656,583
B11,3,92f7914d27017545671b70aeb8280ce988306e9ea1d8c2673f6cf2774be2c354,1f62e6886048bea8fbf784ad600733cda0e55dd857937d7d24acd8afe8d11600,9f1dc7589417ae3e9d0fd85fdb6768772424f72490484b57fb944635262e63a5,18656,583
C_002,3,92f7914d27017545671b70aeb8280ce988306e9ea1d8c2673f6cf2774be2c354,1f62e6886048bea8fbf784ad600733cda0e55dd857937d7d24acd8afe8d11600,9f1dc7589417ae3e9d0fd85fdb6768772424f72490484b57fb944635262e63a5,18656,583
B00,4,43bb2dccafd8a6f974af4cdb5db9978d190d565e911acb92e6f895ce74ac4653,5e848f1d66401251942b74a8a70c2ce404da3fe4f0e91fadf76ad202f90cc779,9f1dc7589417ae3e9d0fd85fdb6768772424f72490484b57fb944635262e63a5,18656,583
B01,4,43bb2dccafd8a6f974af4cdb5db9978d190d565e911acb92e6f895ce74ac4653,5e848f1d66401251942b74a8a70c2ce404da3fe4f0e91fadf76ad202f90cc779,9f1dc7589417ae3e9d0fd85fdb6768772424f72490484b57fb944635262e63a5,18656,583
B10,4,43bb2dccafd8a6f974af4cdb5db9978d190d565e911acb92e6f895ce74ac4653,5e848f1d66401251942b74a8a70c2ce404da3fe4f0e91fadf76ad202f90cc779,9f1dc7589417ae3e9d0fd85fdb6768772424f72490484b57fb944635262e63a5,18656,583
B11,4,43bb2dccafd8a6f974af4cdb5db9978d190d565e911acb92e6f895ce74ac4653,5e848f1d66401251942b74a8a70c2ce404da3fe4f0e91fadf76ad202f90cc779,9f1dc7589417ae3e9d0fd85fdb6768772424f72490484b57fb944635262e63a5,18656,583
C_002,4,43bb2dccafd8a6f974af4cdb5db9978d190d565e911acb92e6f895ce74ac4653,5e848f1d66401251942b74a8a70c2ce404da3fe4f0e91fadf76ad202f90cc779,9f1dc7589417ae3e9d0fd85fdb6768772424f72490484b57fb944635262e63a5,18656,583
B00,5,c6def66288fdcd7ded50072b5e93c50aeee63b11a0895affe072688bac0fe44e,f053d738451248e53d24573aceb952f19c5d80077347c3e80ba68f03a1a52b93,9f1dc7589417ae3e9d0fd85fdb6768772424f72490484b57fb944635262e63a5,18656,583
B01,5,c6def66288fdcd7ded50072b5e93c50aeee63b11a0895affe072688bac0fe44e,f053d738451248e53d24573aceb952f19c5d80077347c3e80ba68f03a1a52b93,9f1dc7589417ae3e9d0fd85fdb6768772424f72490484b57fb944635262e63a5,18656,583
B10,5,c6def66288fdcd7ded50072b5e93c50aeee63b11a0895affe072688bac0fe44e,f053d738451248e53d24573aceb952f19c5d80077347c3e80ba68f03a1a52b93,9f1dc7589417ae3e9d0fd85fdb6768772424f72490484b57fb944635262e63a5,18656,583
B11,5,c6def66288fdcd7ded50072b5e93c50aeee63b11a0895affe072688bac0fe44e,f053d738451248e53d24573aceb952f19c5d80077347c3e80ba68f03a1a52b93,9f1dc7589417ae3e9d0fd85fdb6768772424f72490484b57fb944635262e63a5,18656,583
C_002,5,c6def66288fdcd7ded50072b5e93c50aeee63b11a0895affe072688bac0fe44e,f053d738451248e53d24573aceb952f19c5d80077347c3e80ba68f03a1a52b93,9f1dc7589417ae3e9d0fd85fdb6768772424f72490484b57fb944635262e63a5,18656,583
B00,6,bdfc89fec15bf40428ace332ee31257cd8a07d62eca1ad1c7932f003e48d908f,657b4c890d79049f2c9079296ca5a088739918b48ed9487c603f844646b3e91f,9f1dc7589417ae3e9d0fd85fdb6768772424f72490484b57fb944635262e63a5,18656,583
B01,6,bdfc89fec15bf40428ace332ee31257cd8a07d62eca1ad1c7932f003e48d908f,657b4c890d79049f2c9079296ca5a088739918b48ed9487c603f844646b3e91f,9f1dc7589417ae3e9d0fd85fdb6768772424f72490484b57fb944635262e63a5,18656,583
B10,6,bdfc89fec15bf40428ace332ee31257cd8a07d62eca1ad1c7932f003e48d908f,657b4c890d79049f2c9079296ca5a088739918b48ed9487c603f844646b3e91f,9f1dc7589417ae3e9d0fd85fdb6768772424f72490484b57fb944635262e63a5,18656,583
B11,6,bdfc89fec15bf40428ace332ee31257cd8a07d62eca1ad1c7932f003e48d908f,657b4c890d79049f2c9079296ca5a088739918b48ed9487c603f844646b3e91f,9f1dc7589417ae3e9d0fd85fdb6768772424f72490484b57fb944635262e63a5,18656,583
C_002,6,bdfc89fec15bf40428ace332ee31257cd8a07d62eca1ad1c7932f003e48d908f,657b4c890d79049f2c9079296ca5a088739918b48ed9487c603f844646b3e91f,9f1dc7589417ae3e9d0fd85fdb6768772424f72490484b57fb944635262e63a5,18656,583
B00,7,6144a5223692c2afb9c10090f536bf8f43dbba8524117dd38e2a12e2de7940c7,336ab089919973dc08716b494ea56c4d9afe1fbb829a4ce74e992610be4c006b,9f1dc7589417ae3e9d0fd85fdb6768772424f72490484b57fb944635262e63a5,18656,583
B01,7,6144a5223692c2afb9c10090f536bf8f43dbba8524117dd38e2a12e2de7940c7,336ab089919973dc08716b494ea56c4d9afe1fbb829a4ce74e992610be4c006b,9f1dc7589417ae3e9d0fd85fdb6768772424f72490484b57fb944635262e63a5,18656,583
B10,7,6144a5223692c2afb9c10090f536bf8f43dbba8524117dd38e2a12e2de7940c7,336ab089919973dc08716b494ea56c4d9afe1fbb829a4ce74e992610be4c006b,9f1dc7589417ae3e9d0fd85fdb6768772424f72490484b57fb944635262e63a5,18656,583
B11,7,6144a5223692c2afb9c10090f536bf8f43dbba8524117dd38e2a12e2de7940c7,336ab089919973dc08716b494ea56c4d9afe1fbb829a4ce74e992610be4c006b,9f1dc7589417ae3e9d0fd85fdb6768772424f72490484b57fb944635262e63a5,18656,583
C_002,7,6144a5223692c2afb9c10090f536bf8f43dbba8524117dd38e2a12e2de7940c7,336ab089919973dc08716b494ea56c4d9afe1fbb829a4ce74e992610be4c006b,9f1dc7589417ae3e9d0fd85fdb6768772424f72490484b57fb944635262e63a5,18656,583
B00,8,a3e7db8ace4223105acab17c8a82d76b7083c59a5aab01df7a6c985b5d44db80,3428471f99b372533f8a91d232855f56a1f9baeca5f4882ab1302690d2bfaff7,9f1dc7589417ae3e9d0fd85fdb6768772424f72490484b57fb944635262e63a5,18656,583
B01,8,a3e7db8ace4223105acab17c8a82d76b7083c59a5aab01df7a6c985b5d44db80,3428471f99b372533f8a91d232855f56a1f9baeca5f4882ab1302690d2bfaff7,9f1dc7589417ae3e9d0fd85fdb6768772424f72490484b57fb944635262e63a5,18656,583
B10,8,a3e7db8ace4223105acab17c8a82d76b7083c59a5aab01df7a6c985b5d44db80,3428471f99b372533f8a91d232855f56a1f9baeca5f4882ab1302690d2bfaff7,9f1dc7589417ae3e9d0fd85fdb6768772424f72490484b57fb944635262e63a5,18656,583
B11,8,a3e7db8ace4223105acab17c8a82d76b7083c59a5aab01df7a6c985b5d44db80,3428471f99b372533f8a91d232855f56a1f9baeca5f4882ab1302690d2bfaff7,9f1dc7589417ae3e9d0fd85fdb6768772424f72490484b57fb944635262e63a5,18656,583
C_002,8,a3e7db8ace4223105acab17c8a82d76b7083c59a5aab01df7a6c985b5d44db80,3428471f99b372533f8a91d232855f56a1f9baeca5f4882ab1302690d2bfaff7,9f1dc7589417ae3e9d0fd85fdb6768772424f72490484b57fb944635262e63a5,18656,583
B00,9,0d53800f9840ee12da7ba34272ff574c735e78342166657d3b7d9595c56db41c,51274200b470f6a960c767c1dec837f0d3dcc2f5b7404d4ce23ae841313aa410,9f1dc7589417ae3e9d0fd85fdb6768772424f72490484b57fb944635262e63a5,18656,583
B01,9,0d53800f9840ee12da7ba34272ff574c735e78342166657d3b7d9595c56db41c,51274200b470f6a960c767c1dec837f0d3dcc2f5b7404d4ce23ae841313aa410,9f1dc7589417ae3e9d0fd85fdb6768772424f72490484b57fb944635262e63a5,18656,583
B10,9,0d53800f9840ee12da7ba34272ff574c735e78342166657d3b7d9595c56db41c,51274200b470f6a960c767c1dec837f0d3dcc2f5b7404d4ce23ae841313aa410,9f1dc7589417ae3e9d0fd85fdb6768772424f72490484b57fb944635262e63a5,18656,583
B11,9,0d53800f9840ee12da7ba34272ff574c735e78342166657d3b7d9595c56db41c,51274200b470f6a960c767c1dec837f0d3dcc2f5b7404d4ce23ae841313aa410,9f1dc7589417ae3e9d0fd85fdb6768772424f72490484b57fb944635262e63a5,18656,583
C_002,9,0d53800f9840ee12da7ba34272ff574c735e78342166657d3b7d9595c56db41c,51274200b470f6a960c767c1dec837f0d3dcc2f5b7404d4ce23ae841313aa410,9f1dc7589417ae3e9d0fd85fdb6768772424f72490484b57fb944635262e63a5,18656,583
B00,10,95b64746fdd5d54fc3263b42130209d1cc5d6068bbf8c88761092507ff81c19b,a6463f3941f68ad68416c1d2df71a734641cfa84828a4258cb2636d78719e217,9f1dc7589417ae3e9d0fd85fdb6768772424f72490484b57fb944635262e63a5,18656,583
B01,10,95b64746fdd5d54fc3263b42130209d1cc5d6068bbf8c88761092507ff81c19b,a6463f3941f68ad68416c1d2df71a734641cfa84828a4258cb2636d78719e217,9f1dc7589417ae3e9d0fd85fdb6768772424f72490484b57fb944635262e63a5,18656,583
B10,10,95b64746fdd5d54fc3263b42130209d1cc5d6068bbf8c88761092507ff81c19b,a6463f3941f68ad68416c1d2df71a734641cfa84828a4258cb2636d78719e217,9f1dc7589417ae3e9d0fd85fdb6768772424f72490484b57fb944635262e63a5,18656,583
B11,10,95b64746fdd5d54fc3263b42130209d1cc5d6068bbf8c88761092507ff81c19b,a6463f3941f68ad68416c1d2df71a734641cfa84828a4258cb2636d78719e217,9f1dc7589417ae3e9d0fd85fdb6768772424f72490484b57fb944635262e63a5,18656,583
C_002,10,95b64746fdd5d54fc3263b42130209d1cc5d6068bbf8c88761092507ff81c19b,a6463f3941f68ad68416c1d2df71a734641cfa84828a4258cb2636d78719e217,9f1dc7589417ae3e9d0fd85fdb6768772424f72490484b57fb944635262e63a5,18656,583
B00,11,ff022bc601a6535c73652a4d560f6b64ec5e4a5698dd64feeb4dfbfa873eb4b1,b61159a4ccc88ff24b74eb6f2c7d9c8695f30731f8371d932868ca4e7448da6c,9f1dc7589417ae3e9d0fd85fdb6768772424f72490484b57fb944635262e63a5,18656,583
B01,11,ff022bc601a6535c73652a4d560f6b64ec5e4a5698dd64feeb4dfbfa873eb4b1,b61159a4ccc88ff24b74eb6f2c7d9c8695f30731f8371d932868ca4e7448da6c,9f1dc7589417ae3e9d0fd85fdb6768772424f72490484b57fb944635262e63a5,18656,583
B10,11,ff022bc601a6535c73652a4d560f6b64ec5e4a5698dd64feeb4dfbfa873eb4b1,b61159a4ccc88ff24b74eb6f2c7d9c8695f30731f8371d932868ca4e7448da6c,9f1dc7589417ae3e9d0fd85fdb6768772424f72490484b57fb944635262e63a5,18656,583
B11,11,ff022bc601a6535c73652a4d560f6b64ec5e4a5698dd64feeb4dfbfa873eb4b1,b61159a4ccc88ff24b74eb6f2c7d9c8695f30731f8371d932868ca4e7448da6c,9f1dc7589417ae3e9d0fd85fdb6768772424f72490484b57fb944635262e63a5,18656,583
C_002,11,ff022bc601a6535c73652a4d560f6b64ec5e4a5698dd64feeb4dfbfa873eb4b1,b61159a4ccc88ff24b74eb6f2c7d9c8695f30731f8371d932868ca4e7448da6c,9f1dc7589417ae3e9d0fd85fdb6768772424f72490484b57fb944635262e63a5,18656,583
B00,12,88ddd01f84fa32da961ee4e094a9dbf61d7515516f2d39a3968627c7622d46ad,8f900edda1ee0db7313386fecf1761bf889f15e5e376256cfb97663718693d6d,9f1dc7589417ae3e9d0fd85fdb6768772424f72490484b57fb944635262e63a5,18656,583
B01,12,88ddd01f84fa32da961ee4e094a9dbf61d7515516f2d39a3968627c7622d46ad,8f900edda1ee0db7313386fecf1761bf889f15e5e376256cfb97663718693d6d,9f1dc7589417ae3e9d0fd85fdb6768772424f72490484b57fb944635262e63a5,18656,583
B10,12,88ddd01f84fa32da961ee4e094a9dbf61d7515516f2d39a3968627c7622d46ad,8f900edda1ee0db7313386fecf1761bf889f15e5e376256cfb97663718693d6d,9f1dc7589417ae3e9d0fd85fdb6768772424f72490484b57fb944635262e63a5,18656,583
B11,12,88ddd01f84fa32da961ee4e094a9dbf61d7515516f2d39a3968627c7622d46ad,8f900edda1ee0db7313386fecf1761bf889f15e5e376256cfb97663718693d6d,9f1dc7589417ae3e9d0fd85fdb6768772424f72490484b57fb944635262e63a5,18656,583
C_002,12,88ddd01f84fa32da961ee4e094a9dbf61d7515516f2d39a3968627c7622d46ad,8f900edda1ee0db7313386fecf1761bf889f15e5e376256cfb97663718693d6d,9f1dc7589417ae3e9d0fd85fdb6768772424f72490484b57fb944635262e63a5,18656,583
B00,13,fa4df85d8f27f0d66ef382707c3e4c049a237de44f623de3049cf82baf4843ed,a36557ff060543bf433674e8aec076eca5c80e3f979f76df3a80edd9eb38cd7a,9f1dc7589417ae3e9d0fd85fdb6768772424f72490484b57fb944635262e63a5,18656,583
B01,13,fa4df85d8f27f0d66ef382707c3e4c049a237de44f623de3049cf82baf4843ed,a36557ff060543bf433674e8aec076eca5c80e3f979f76df3a80edd9eb38cd7a,9f1dc7589417ae3e9d0fd85fdb6768772424f72490484b57fb944635262e63a5,18656,583
B10,13,fa4df85d8f27f0d66ef382707c3e4c049a237de44f623de3049cf82baf4843ed,a36557ff060543bf433674e8aec076eca5c80e3f979f76df3a80edd9eb38cd7a,9f1dc7589417ae3e9d0fd85fdb6768772424f72490484b57fb944635262e63a5,18656,583
B11,13,fa4df85d8f27f0d66ef382707c3e4c049a237de44f623de3049cf82baf4843ed,a36557ff060543bf433674e8aec076eca5c80e3f979f76df3a80edd9eb38cd7a,9f1dc7589417ae3e9d0fd85fdb6768772424f72490484b57fb944635262e63a5,18656,583
C_002,13,fa4df85d8f27f0d66ef382707c3e4c049a237de44f623de3049cf82baf4843ed,a36557ff060543bf433674e8aec076eca5c80e3f979f76df3a80edd9eb38cd7a,9f1dc7589417ae3e9d0fd85fdb6768772424f72490484b57fb944635262e63a5,18656,583
B00,14,195b04284354726b1d9d372908ba119898c55469f5f6e9973187188b963324a6,d3dc8dfd886757e756a2268aee59a065e7cb83e323ab13de588965307ad5232f,9f1dc7589417ae3e9d0fd85fdb6768772424f72490484b57fb944635262e63a5,18656,583
B01,14,195b04284354726b1d9d372908ba119898c55469f5f6e9973187188b963324a6,d3dc8dfd886757e756a2268aee59a065e7cb83e323ab13de588965307ad5232f,9f1dc7589417ae3e9d0fd85fdb6768772424f72490484b57fb944635262e63a5,18656,583
B10,14,195b04284354726b1d9d372908ba119898c55469f5f6e9973187188b963324a6,d3dc8dfd886757e756a2268aee59a065e7cb83e323ab13de588965307ad5232f,9f1dc7589417ae3e9d0fd85fdb6768772424f72490484b57fb944635262e63a5,18656,583
B11,14,195b04284354726b1d9d372908ba119898c55469f5f6e9973187188b963324a6,d3dc8dfd886757e756a2268aee59a065e7cb83e323ab13de588965307ad5232f,9f1dc7589417ae3e9d0fd85fdb6768772424f72490484b57fb944635262e63a5,18656,583
C_002,14,195b04284354726b1d9d372908ba119898c55469f5f6e9973187188b963324a6,d3dc8dfd886757e756a2268aee59a065e7cb83e323ab13de588965307ad5232f,9f1dc7589417ae3e9d0fd85fdb6768772424f72490484b57fb944635262e63a5,18656,583
B00,15,105ccc3fbb1520435257dec84ebeb83f4d309ac75a92592b67bea3acfceea8f2,c385b3be5d689020480b27395398eae61cd76eca2b475ee44751143e44574ad0,9f1dc7589417ae3e9d0fd85fdb6768772424f72490484b57fb944635262e63a5,18656,583
B01,15,105ccc3fbb1520435257dec84ebeb83f4d309ac75a92592b67bea3acfceea8f2,c385b3be5d689020480b27395398eae61cd76eca2b475ee44751143e44574ad0,9f1dc7589417ae3e9d0fd85fdb6768772424f72490484b57fb944635262e63a5,18656,583
B10,15,105ccc3fbb1520435257dec84ebeb83f4d309ac75a92592b67bea3acfceea8f2,c385b3be5d689020480b27395398eae61cd76eca2b475ee44751143e44574ad0,9f1dc7589417ae3e9d0fd85fdb6768772424f72490484b57fb944635262e63a5,18656,583
B11,15,105ccc3fbb1520435257dec84ebeb83f4d309ac75a92592b67bea3acfceea8f2,c385b3be5d689020480b27395398eae61cd76eca2b475ee44751143e44574ad0,9f1dc7589417ae3e9d0fd85fdb6768772424f72490484b57fb944635262e63a5,18656,583
C_002,15,105ccc3fbb1520435257dec84ebeb83f4d309ac75a92592b67bea3acfceea8f2,c385b3be5d689020480b27395398eae61cd76eca2b475ee44751143e44574ad0,9f1dc7589417ae3e9d0fd85fdb6768772424f72490484b57fb944635262e63a5,18656,583
