seed,epoch,n_indices,batch_order_hash
42,1,18656,e8d0566f9fb4e336677f7f642625e401ff31f28f2bc42d92434415d1afa0dafa
42,2,18656,0b45688edcfe7c4180f4e1b0aa33e9ec79271dc46de986317085c5c18303f33d
42,3,18656,4e4311255a64d1b8cd3fdcd2e92a3fba9dc0980581d2d790b211f65b04b93edf
42,4,18656,c24f45e948f7443c3fef63acaf3452d3990d12656651322b36ec47208b2e9ba2
42,5,18656,912dc35e50ce4f027fd9f9670627eed3edd6fa3a68cde03161c525f8db341e91
42,6,18656,eceaab9ff213a7d8eef9c1e6cc2cf084e2709d6365dac787d0b1ed51c08bda71
42,7,18656,3d5df9795f84c0149b5621616d12b221a391f70749086647666907cbde363249
42,8,18656,1226077dee747aa99bee79ee0b35075cb42227207cd588905fe4d62b30519b0b
42,9,18656,a108f27ccd63148c7b02caf0563e61589dabe051405ae73133a625760bc6dcf4
42,10,18656,ba9e920f37bf43943f1e4d9ac556abd81267189e4ac1865fac6832ba0a7409f4
42,11,18656,b821e53edfdb78c9c056e8e39bc76f85f65b6bc06625ec75ab5e974619494293
42,12,18656,c8909697a36cdbf8596c02e6e0ee3ec55b41cd922fb6cb9a966c10ff050d3554
42,13,18656,d268159ba8febcf479fde22b0c3214edbba13785e148d101a869c2a1a3130ac4
42,14,18656,dc933d70801be845830dcaba7544bca1ac4d0f70b1e6df15a760f759bcdf091b
42,15,18656,19c6755b248a5d4463f8dad75539dc2a79bdc9ff9bab316a3dc69644f96159ec
43,1,18656,654b3318fdd81898d4b32c26c662ed2d4d7b6b23ab00dfc9f53d7f4462392d0f
43,2,18656,5302d8feb5d3b1f14b85f5499ba033313633d86bfbef4e645b7dc85b66fc7afd
43,3,18656,73f0c6f0bc30c0de07f5398757046685b1620113169164cb92945f5c0b914da1
43,4,18656,6b64c633f6230970fd31e21a9908ce51151e0c3d162a18dfeca64bb346c8e3e7
43,5,18656,38d9a7a50ae0ea49b2166ce6ba1b42f380dd80719f31153520c85374f79ed68f
43,6,18656,4ebfd32a7f391a9f24db3ec8e9826cbc396ab5e2e46af40b2074802093701de3
43,7,18656,cc5021010c4dd02fc779d98eac821ead0a86c1544aca5272e56ccd4b80b6017a
43,8,18656,0c51965ad17a745b0a1c7bbe7576b1cceaeeb9efce20a723350c4cbfb61278a9
43,9,18656,afe8805bae4ed28423d238699eac69ec24dfea8aee43015561cbf0376d90c2fa
43,10,18656,cb3af669dca710342832fc7529a4a83a01b6d1fb76ebd4a1697b92207e644244
43,11,18656,d2126ebe65908d27c17c9431b139cfcbfb4fc9950ee1906382d3d0f2c2683d4b
43,12,18656,01ba9f3ce1f0e2708b027600cd3df8d7ac80c14a860657936a9be708d492e1da
43,13,18656,2a76279fbc0a110ce95555ae51b66e6409ce70dd4fef7bfe9595b76bf3391b50
43,14,18656,8adea76239841707aa30bfe8c2ca1936360cecf9884c9fb46660c49012e9d2dc
43,15,18656,292e41d29d4c942057e79da0368659cdc5cbf2542c0598fc0bee836649d5ac28
44,1,18656,e4d48c8d27c7638fe04b682898695d999ac4b242f89e7d95cd549720ef702d1a
44,2,18656,6d9582872e4f4e91573de1472316b5b4ca82b944b3a49cb98c60b60398d2f120
44,3,18656,00b5d5757eb4d5f777b072e696e10c39c7e343ba7c52559f729c6366e56332b7
44,4,18656,11821d3bd13d64f5f71bc7c0d864e88b62529dc6cc3a56cbaac2720dc05c8f25
44,5,18656,b6964e574cae69ac860f6d3ab03685545c7147cb3672c712474f6aa0f09ccf07
44,6,18656,b8fec64d620079b05c3c8fcf91e318d40d94de6ce38dc98a3298861b7e20140b
44,7,18656,4c6f9476849817137d577a196a9b8710c72e8007a16915ce08b463dd378d1438
44,8,18656,2db0a214ddc7bd6e6ae36a54b8b39880a949e5322350efbdeeb21906aeba8c5e
44,9,18656,b112686aac1ddfc76ea402a8f4b0f1aa64cc7d53be9032d6c174ffb9e84eaafe
44,10,18656,7c7d0c17ff390005a64c9faa937d79fa78ad164fde3be5c5002da4a44a421467
44,11,18656,833bb7336ccf4b6e8d2a57f8f0d80b19b20631c79aee1400cbf9db0655387266
44,12,18656,9e95ba1c0ad875142b6ba0de01dc3671f830f3c50d7cb165e8598bbc20cdfe83
44,13,18656,df8c4faae72438b8a5450d9b079119a4d1a657ec125215431bb59573ff78a8eb
44,14,18656,43cb448cb60c993f67493b513c8a5ebf64261b5d3e1a43e6c8502dc52982f25f
44,15,18656,05773f9bbef1387f388139042e613e806e27f6ae1004873ad5607311dd8c5beb
45,1,18656,66f0b7e83ddf57edaeeda4b7c1cdcf4543d2b1bb09e8bbb107fed8e00afd9904
45,2,18656,1757fe52310f136525db8a3453e3dbc4312bdd6497e289a125114920d126854c
45,3,18656,472086dec45346bfd9903996c6ae4466a06e0b588c1a75d9999a571e45e67988
45,4,18656,db7176ec3d98e4ee485a25916cde3e9776ade27068b30d3ec40aea3e357463d5
45,5,18656,e533b091c2a7c70b43227fcc12907866f9b9397054d42a6ae4d877792e1548b3
45,6,18656,df30b932de40d657529d27a0cb5e4745d9d6d148026e4a7670e5834baa07619b
45,7,18656,1aecdb13967105dabe40d53a212e6133147ba41fac594767a550e78eb50ff37a
45,8,18656,2f1fa107e73376608b26c6ff3e2adbe8627d3923e0dc4402d6f1ff44d3972b5a
45,9,18656,154e8e58acf21fd3870fa249dd9c66b7895e2cdca32b27520201f1a8f4aeec42
45,10,18656,20cfcfc007069c61bec957d7f90195d8f7d15e1a8560a001113f33a2e2a8ef15
45,11,18656,d8538bda71a1613ef96e01c63df336487dc683e50f821b77988dd3137bb5ca32
45,12,18656,f627cd9e25f5da90ec1431823f18e7fbbc64bc182523f24b27c07fd70e436771
45,13,18656,9afd363180a1925053aca0fcdd42c48be4090ca13507bda386eebe5f955da9be
45,14,18656,4c6382a96f181befc25f73610f17ac469df3e5e63c986781f6f7e8d5bb910aa7
45,15,18656,40981b7250f0395ba1517bbcad7a91357678efbe732135b4db92748dccd86c35
46,1,18656,1aa976c4bdace5ee4bce9a1e96d34e6a2a51fc905a08130387ff2d5c62732d19
46,2,18656,81285e380d43cf209dec6494bb8f4031bb37a884b0a094cf0f54906cc20c6d74
46,3,18656,d3a32652413888f12a211f607b3120b4ff207493e44fb28aa3b6071d464b836d
46,4,18656,a20ce2e51bc70042d6e81d9ec357ec448f9dfa3b8c5c6d0b6780f7b00f9b3f74
46,5,18656,0562cf2b127d279443ad0671c09e724e9df681ef0e92976e687b97b5f225c2ec
46,6,18656,921b49b7fb1d3caf047b7538db87c15ee10d337fcab3bb468b455923e1364cc6
46,7,18656,590bd388512dd0c4bec04e9f44696bd900d37cdd937e5a8bb602a7385c15cc4d
46,8,18656,826604a8e12444a9456bac39f3b0e3304e9f9c269e7e4bd2ab494414e2945397
46,9,18656,059ac07d9aedcd02edbd90dd25f08f04025701a15114d9469c7f28dc1f41530d
46,10,18656,ff5ed483225f3a679bed0ae43d4469fd6516565e3023b9517e06fad2161045e0
46,11,18656,581804a0cbf7c08e230ea573a1071b31c3ae6e1105eab26e38d0576f3068b38d
46,12,18656,dce723fd167d4b6d9445eeb4d5680c88ecbf31a512336318ead310e394e871cf
46,13,18656,39f078680bb6afdfdecd10ee470477686aed424b2577d1721b2b28289e874893
46,14,18656,7630ddff1916d33139e19ceea5832d788c9eb8240bd4753530302a05297c2df9
46,15,18656,31619b50ab013472730dffdff689383e5af5d9b84b3c4ea85fac402ff5c5b8a9
